[        Platform] [  LOG] [20:30:55.302]  Openplanet for Trackmania Next x64
[        Platform] [ TRAC] [20:30:55.302]  (c) Melissa Geels 2016 - 2026
[        Platform] [ TRAC] [20:30:55.302]  https://openplanet.dev/
[        Platform] [  LOG] [20:30:55.302]  Openplanet starting on 2026-08-22
[        Platform] [  LOG] [20:30:55.302]  Engine: 2026-02-02 17:51:19
[        Platform] [  LOG] [20:30:55.302]  Openplanet: 1.29.5 (next, Public, 1234ad9e)
[        Platform] [ TRAC] [20:30:55.302]  Identifier: 0x000000006980D607
[        Platform] [ TRAC] [20:30:55.302]  Process ID: 25812
[        Platform] [  LOG] [20:30:55.303]  Setting up hook callbacks...
[        Platform] [  LOG] [20:30:57.269]  Semi entry initialization...
[        Platform] [  LOG] [20:30:57.269]  Loading settings
[        Platform] [  LOG] [20:30:57.270]  Update branch: default
[        Platform] [  LOG] [20:30:57.282]  Requesting app config with timeout 5000...
[        Platform] [  LOG] [20:30:57.361]  Finding game window..
[        Platform] [ TRAC] [20:30:57.361]  Window handle: 000d0aa8 ("Trackmania")
[        Platform] [  LOG] [20:30:57.361]  Initializing meta...
[        Platform] [  LOG] [20:30:57.446]  Did not find update to install.
[     WebServices] [  LOG] [20:31:02.804]  NadeoServices account ID: 5054e1e5-6ebe-48fc-82ab-8d223b3858ce
[        Platform] [  LOG] [20:31:03.665]  Loop entry initialization...
[        Platform] [  LOG] [20:31:03.665]  Hooking WndProc...
[        Platform] [  LOG] [20:31:03.665]  Initializing core commands...
[        Platform] [  LOG] [20:31:03.665]  Initializing sockets...
[        Platform] [  LOG] [20:31:03.665]  Adding user library path...
[        Platform] [  LOG] [20:31:03.666]  Initializing audio...
[           Audio] [  LOG] [20:31:03.676]  Setting playback device to "Lautsprecher (Sound Blaster Z)"
[        Platform] [  LOG] [20:31:03.953]  Initializing scripting...
[    ScriptEngine] [  LOG] [20:31:04.398]  Registered 2659 classes
[        Platform] [ TRAC] [20:31:05.345]  Writing type definitions to file: "C:/Users/Thorbense/OpenplanetNext/Openplanet.h"
[        Platform] [  LOG] [20:31:05.375]  Writing json to file: "C:/Users/Thorbense/OpenplanetNext/OpenplanetNext.json"
[        Platform] [  LOG] [20:31:05.416]  Dumping Openplanet documentation to C:/Users/Thorbense/OpenplanetNext/OpenplanetCore.json
[        Platform] [  LOG] [20:31:05.438]  Initializing overlay...
[         Overlay] [  LOG] [20:31:05.442]  Loading user style: C:/Program Files (x86)/Ubisoft/Ubisoft Game Launcher/games/Trackmania/Openplanet/DefaultStyle.toml
[        Platform] [  LOG] [20:31:05.469]  Beginning script engine...
[    ScriptEngine] [  LOG] [20:31:05.475]  Adding plugins...
[    ScriptEngine] [ TRAC] [20:31:05.487]  Loaded plugin 'Camera' (version 1.0)
[    ScriptEngine] [ TRAC] [20:31:05.493]  Loaded plugin 'EditorDeveloper' (version 1.0)
[    ScriptEngine] [ TRAC] [20:31:05.502]  Loaded plugin 'NadeoServices' (version 1.0)
[    ScriptEngine] [ERROR] [20:31:05.502]  Invalid file hash for "info.toml"
[    ScriptEngine] [ERROR] [20:31:05.502]  Plugin is not suitable for the current signature mode.
[    ScriptEngine] [ TRAC] [20:31:05.511]  Loaded plugin 'Finetuner' (version 1.0)
[    ScriptEngine] [ TRAC] [20:31:05.518]  Loaded plugin 'InfiniteEmbedSize' (version 1.0)
[    ScriptEngine] [ TRAC] [20:31:05.525]  Loaded plugin 'UsefulInformation' (version 1.0)
[    ScriptEngine] [ TRAC] [20:31:05.531]  Loaded plugin 'Stats' (version 1.0)
[    ScriptEngine] [ TRAC] [20:31:05.535]  Loaded plugin 'ClassicMenu' (version 1.1)
[    ScriptEngine] [ TRAC] [20:31:05.543]  Loaded plugin 'Controls' (version 1.0)
[    ScriptEngine] [ TRAC] [20:31:05.552]  Loaded zipped plugin 'FavoriteServers' (version 1.1)
[    ScriptEngine] [ TRAC] [20:31:05.579]  Loaded plugin 'VehicleState' (version 1.0)
[    ScriptEngine] [ TRAC] [20:31:05.623]  Loaded plugin 'PluginManager' (version 1.0)
[    ScriptEngine] [ TRAC] [20:31:05.637]  Loaded plugin 'BigDecor' (version 1.0)
[    ScriptEngine] [ TRAC] [20:31:05.652]  Loaded plugin 'Discord' (version 1.0)
[    ScriptEngine] [  LOG] [20:31:05.652]  Adding legacy plugins...
[    ScriptEngine] [ TRAC] [20:31:05.655]  Loaded legacy plugin 'Plugin_MapAudioFix' (version 1.0)
[    ScriptEngine] [  LOG] [20:31:05.655]  Plugins added!
[        Platform] [  LOG] [20:31:05.656]  Initialized!
[   ScriptRuntime] [  LOG] [20:31:05.681] [InfiniteEmbedSize]  Patched! Backup: "76"
[   ScriptRuntime] [ TRAC] [20:31:05.694] [PluginManager]  Checking for plugin updates..
[   ScriptRuntime] [  LOG] [20:31:05.694] [Discord]  Initializing Discord...
[   ScriptRuntime] [ TRAC] [20:31:05.767] [PluginManager]  No plugin updates found!
[   ScriptRuntime] [  LOG] [20:31:06.701] [Discord]  Discord is ready: fitzchevelarie (ID 195639853927497728)
[    ScriptEngine] [  LOG] [20:31:16.699]  Stopping script engine
[    ScriptEngine] [ TRAC] [20:31:16.699]  Unloading plugin 'Plugin_MapAudioFix'
[    ScriptEngine] [ TRAC] [20:31:16.699]  Unloading plugin 'Discord'
[    ScriptEngine] [ TRAC] [20:31:16.708]  Unloading plugin 'BigDecor'
[    ScriptEngine] [ TRAC] [20:31:16.709]  Unloading plugin 'PluginManager'
[    ScriptEngine] [ TRAC] [20:31:16.740]  Unloading plugin 'VehicleState'
[    ScriptEngine] [ TRAC] [20:31:16.741]  Unloading plugin 'FavoriteServers'
[    ScriptEngine] [ TRAC] [20:31:16.746]  Unloading plugin 'Controls'
[    ScriptEngine] [ TRAC] [20:31:16.746]  Unloading plugin 'ClassicMenu'
[    ScriptEngine] [ TRAC] [20:31:16.746]  Unloading plugin 'Stats'
[    ScriptEngine] [ TRAC] [20:31:16.749]  Unloading plugin 'UsefulInformation'
[    ScriptEngine] [ TRAC] [20:31:16.749]  Unloading plugin 'InfiniteEmbedSize'
[   ScriptRuntime] [  LOG] [20:31:16.749] [InfiniteEmbedSize]  Patch reverted!
[    ScriptEngine] [ TRAC] [20:31:16.750]  Unloading plugin 'Finetuner'
[    ScriptEngine] [ TRAC] [20:31:16.752]  Unloading plugin 'NadeoServices'
[    ScriptEngine] [ TRAC] [20:31:16.756]  Unloading plugin 'EditorDeveloper'
[    ScriptEngine] [ TRAC] [20:31:16.761]  Unloading plugin 'Camera'
[    ScriptEngine] [  LOG] [20:31:16.761]  Releasing script context
[    ScriptEngine] [  LOG] [20:31:16.761]  Adding plugins...
[    ScriptEngine] [ TRAC] [20:31:16.770]  Loaded plugin 'Camera' (version 1.0)
[    ScriptEngine] [ TRAC] [20:31:16.776]  Loaded plugin 'EditorDeveloper' (version 1.0)
[    ScriptEngine] [ TRAC] [20:31:16.784]  Loaded plugin 'NadeoServices' (version 1.0)
[    ScriptEngine] [ TRAC] [20:31:16.815]  C:/Users/Thorbense/OpenplanetNext/Plugins/TM2020Bridge/Main.as (386, 1) : INFO : Compiling string JsonEscape(const string&in)
[    ScriptEngine] [ WARN] [20:31:16.815]  C:/Users/Thorbense/OpenplanetNext/Plugins/TM2020Bridge/Main.as (389, 24) : WARN : Signed/Unsigned mismatch
[    ScriptEngine] [ TRAC] [20:31:16.815]  C:/Users/Thorbense/OpenplanetNext/Plugins/TM2020Bridge/Main.as (407, 1) : INFO : Compiling string ToLowerAscii(const string&in)
[    ScriptEngine] [ WARN] [20:31:16.815]  C:/Users/Thorbense/OpenplanetNext/Plugins/TM2020Bridge/Main.as (410, 24) : WARN : Signed/Unsigned mismatch
[    ScriptEngine] [ TRAC] [20:31:16.816]  Loaded plugin 'TM2020Bridge' (version 0.1.0)
[    ScriptEngine] [ TRAC] [20:31:16.823]  Loaded plugin 'Finetuner' (version 1.0)
[    ScriptEngine] [ TRAC] [20:31:16.829]  Loaded plugin 'InfiniteEmbedSize' (version 1.0)
[    ScriptEngine] [ TRAC] [20:31:16.835]  Loaded plugin 'UsefulInformation' (version 1.0)
[    ScriptEngine] [ TRAC] [20:31:16.840]  Loaded plugin 'Stats' (version 1.0)
[    ScriptEngine] [ TRAC] [20:31:16.844]  Loaded plugin 'ClassicMenu' (version 1.1)
[    ScriptEngine] [ TRAC] [20:31:16.851]  Loaded plugin 'Controls' (version 1.0)
[    ScriptEngine] [ TRAC] [20:31:16.859]  Loaded zipped plugin 'FavoriteServers' (version 1.1)
[    ScriptEngine] [ TRAC] [20:31:16.884]  Loaded plugin 'VehicleState' (version 1.0)
[    ScriptEngine] [ TRAC] [20:31:16.922]  Loaded plugin 'PluginManager' (version 1.0)
[    ScriptEngine] [ TRAC] [20:31:16.935]  Loaded plugin 'BigDecor' (version 1.0)
[    ScriptEngine] [ TRAC] [20:31:16.948]  Loaded plugin 'Discord' (version 1.0)
[    ScriptEngine] [  LOG] [20:31:16.948]  Adding legacy plugins...
[    ScriptEngine] [ TRAC] [20:31:16.951]  Loaded legacy plugin 'Plugin_MapAudioFix' (version 1.0)
[    ScriptEngine] [  LOG] [20:31:16.951]  Plugins added!
[   ScriptRuntime] [  LOG] [20:31:16.954] [TM2020Bridge]  TM2020Bridge: listening on http://127.0.0.1:29100
[   ScriptRuntime] [  LOG] [20:31:16.979] [InfiniteEmbedSize]  Patched! Backup: "76"
[   ScriptRuntime] [ TRAC] [20:31:16.981] [PluginManager]  Checking for plugin updates..
[   ScriptRuntime] [  LOG] [20:31:16.981] [Discord]  Initializing Discord...
[   ScriptRuntime] [ TRAC] [20:31:17.040] [PluginManager]  No plugin updates found!
[   ScriptRuntime] [  LOG] [20:31:18.486] [Discord]  Discord is ready: fitzchevelarie (ID 195639853927497728)
[    ScriptEngine] [  LOG] [20:34:44.766]  Stopping script engine
[    ScriptEngine] [ TRAC] [20:34:44.766]  Unloading plugin 'Plugin_MapAudioFix'
[    ScriptEngine] [ TRAC] [20:34:44.766]  Unloading plugin 'Discord'
[    ScriptEngine] [ TRAC] [20:34:44.776]  Unloading plugin 'BigDecor'
[    ScriptEngine] [ TRAC] [20:34:44.778]  Unloading plugin 'PluginManager'
[    ScriptEngine] [ TRAC] [20:34:44.802]  Unloading plugin 'VehicleState'
[    ScriptEngine] [ TRAC] [20:34:44.803]  Unloading plugin 'FavoriteServers'
[    ScriptEngine] [ TRAC] [20:34:44.808]  Unloading plugin 'Controls'
[    ScriptEngine] [ TRAC] [20:34:44.808]  Unloading plugin 'ClassicMenu'
[    ScriptEngine] [ TRAC] [20:34:44.808]  Unloading plugin 'Stats'
[    ScriptEngine] [ TRAC] [20:34:44.811]  Unloading plugin 'UsefulInformation'
[    ScriptEngine] [ TRAC] [20:34:44.811]  Unloading plugin 'InfiniteEmbedSize'
[   ScriptRuntime] [  LOG] [20:34:44.811] [InfiniteEmbedSize]  Patch reverted!
[    ScriptEngine] [ TRAC] [20:34:44.812]  Unloading plugin 'Finetuner'
[    ScriptEngine] [ TRAC] [20:34:44.813]  Unloading plugin 'TM2020Bridge'
[   ScriptRuntime] [  LOG] [20:34:44.814] [TM2020Bridge]  TM2020Bridge: stopped
[    ScriptEngine] [ TRAC] [20:34:44.814]  Unloading plugin 'NadeoServices'
[    ScriptEngine] [ TRAC] [20:34:44.816]  Unloading plugin 'EditorDeveloper'
[    ScriptEngine] [ TRAC] [20:34:44.819]  Unloading plugin 'Camera'
[    ScriptEngine] [  LOG] [20:34:44.819]  Releasing script context
[    ScriptEngine] [  LOG] [20:34:44.819]  Adding plugins...
[    ScriptEngine] [ TRAC] [20:34:44.831]  Loaded plugin 'Camera' (version 1.0)
[    ScriptEngine] [ TRAC] [20:34:44.837]  Loaded plugin 'EditorDeveloper' (version 1.0)
[    ScriptEngine] [ TRAC] [20:34:44.846]  Loaded plugin 'NadeoServices' (version 1.0)
[    ScriptEngine] [ TRAC] [20:34:44.855]  C:/Users/Thorbense/OpenplanetNext/Plugins/TM2020Bridge/Main.as (386, 1) : INFO : Compiling string JsonEscape(const string&in)
[    ScriptEngine] [ WARN] [20:34:44.855]  C:/Users/Thorbense/OpenplanetNext/Plugins/TM2020Bridge/Main.as (389, 24) : WARN : Signed/Unsigned mismatch
[    ScriptEngine] [ TRAC] [20:34:44.855]  C:/Users/Thorbense/OpenplanetNext/Plugins/TM2020Bridge/Main.as (407, 1) : INFO : Compiling string ToLowerAscii(const string&in)
[    ScriptEngine] [ WARN] [20:34:44.855]  C:/Users/Thorbense/OpenplanetNext/Plugins/TM2020Bridge/Main.as (410, 24) : WARN : Signed/Unsigned mismatch
[    ScriptEngine] [ TRAC] [20:34:44.856]  Loaded plugin 'TM2020Bridge' (version 0.1.0)
[    ScriptEngine] [ TRAC] [20:34:44.865]  Loaded plugin 'Finetuner' (version 1.0)
[    ScriptEngine] [ TRAC] [20:34:44.870]  Loaded plugin '_W7Probe' (version 1.0)
[    ScriptEngine] [ TRAC] [20:34:44.877]  Loaded plugin 'InfiniteEmbedSize' (version 1.0)
[    ScriptEngine] [ TRAC] [20:34:44.883]  Loaded plugin 'UsefulInformation' (version 1.0)
[    ScriptEngine] [ TRAC] [20:34:44.889]  Loaded plugin 'Stats' (version 1.0)
[    ScriptEngine] [ TRAC] [20:34:44.893]  Loaded plugin 'ClassicMenu' (version 1.1)
[    ScriptEngine] [ TRAC] [20:34:44.902]  Loaded plugin 'Controls' (version 1.0)
[    ScriptEngine] [ TRAC] [20:34:44.909]  Loaded zipped plugin 'FavoriteServers' (version 1.1)
[    ScriptEngine] [ TRAC] [20:34:44.938]  Loaded plugin 'VehicleState' (version 1.0)
[    ScriptEngine] [ TRAC] [20:34:44.981]  Loaded plugin 'PluginManager' (version 1.0)
[    ScriptEngine] [ TRAC] [20:34:44.995]  Loaded plugin 'BigDecor' (version 1.0)
[    ScriptEngine] [ TRAC] [20:34:45.010]  Loaded plugin 'Discord' (version 1.0)
[    ScriptEngine] [  LOG] [20:34:45.010]  Adding legacy plugins...
[    ScriptEngine] [ TRAC] [20:34:45.013]  Loaded legacy plugin 'Plugin_MapAudioFix' (version 1.0)
[    ScriptEngine] [  LOG] [20:34:45.013]  Plugins added!
[   ScriptRuntime] [  LOG] [20:34:45.014] [TM2020Bridge]  TM2020Bridge: listening on http://127.0.0.1:29100
[   ScriptRuntime] [  LOG] [20:34:45.039] [InfiniteEmbedSize]  Patched! Backup: "76"
[   ScriptRuntime] [ TRAC] [20:34:45.041] [PluginManager]  Checking for plugin updates..
[   ScriptRuntime] [  LOG] [20:34:45.041] [Discord]  Initializing Discord...
[   ScriptRuntime] [ TRAC] [20:34:45.103] [PluginManager]  No plugin updates found!
[   ScriptRuntime] [  LOG] [20:34:46.546] [Discord]  Discord is ready: fitzchevelarie (ID 195639853927497728)
[    ScriptEngine] [ TRAC] [20:34:55.070]  Unloading plugin 'TM2020Bridge'
[   ScriptRuntime] [  LOG] [20:34:55.070] [TM2020Bridge]  TM2020Bridge: stopped
[    ScriptEngine] [ TRAC] [20:34:55.081]  C:/Users/Thorbense/OpenplanetNext/Plugins/TM2020Bridge/Main.as (386, 1) : INFO : Compiling string JsonEscape(const string&in)
[    ScriptEngine] [ WARN] [20:34:55.081]  C:/Users/Thorbense/OpenplanetNext/Plugins/TM2020Bridge/Main.as (389, 24) : WARN : Signed/Unsigned mismatch
[    ScriptEngine] [ TRAC] [20:34:55.081]  C:/Users/Thorbense/OpenplanetNext/Plugins/TM2020Bridge/Main.as (407, 1) : INFO : Compiling string ToLowerAscii(const string&in)
[    ScriptEngine] [ WARN] [20:34:55.081]  C:/Users/Thorbense/OpenplanetNext/Plugins/TM2020Bridge/Main.as (410, 24) : WARN : Signed/Unsigned mismatch
[    ScriptEngine] [ TRAC] [20:34:55.083]  Loaded plugin 'TM2020Bridge' (version 0.1.0)
[   ScriptRuntime] [  LOG] [20:34:55.084] [TM2020Bridge]  TM2020Bridge: listening on http://127.0.0.1:29100
[   ScriptRuntime] [  LOG] [20:35:52.762] [_W7Probe]  W7: UILayers = 29
[   ScriptRuntime] [  LOG] [20:35:52.763] [_W7Probe]  W7: --- layer 0 attachId='Unassigned' type=0 visible=1 anim=0 scriptRunning=1 xmlLen=294
[   ScriptRuntime] [  LOG] [20:35:52.763] [_W7Probe]  W7:     controls=0 mainFrame=ok
[   ScriptRuntime] [  LOG] [20:35:52.763] [_W7Probe]  W7:     imageQuads=0 loaded=0 pending=0 failed=0
[   ScriptRuntime] [  LOG] [20:35:52.763] [_W7Probe]  W7: --- layer 1 attachId='Unassigned' type=0 visible=1 anim=0 scriptRunning=1 xmlLen=358
[   ScriptRuntime] [  LOG] [20:35:52.763] [_W7Probe]  W7:     controls=0 mainFrame=ok
[   ScriptRuntime] [  LOG] [20:35:52.763] [_W7Probe]  W7:     imageQuads=0 loaded=0 pending=0 failed=0
[   ScriptRuntime] [  LOG] [20:35:52.763] [_W7Probe]  W7: --- layer 2 attachId='Unassigned' type=0 visible=1 anim=0 scriptRunning=1 xmlLen=6560
[   ScriptRuntime] [  LOG] [20:35:52.763] [_W7Probe]  W7:     controls=0 mainFrame=ok
[   ScriptRuntime] [  LOG] [20:35:52.763] [_W7Probe]  W7:     imageQuads=0 loaded=0 pending=0 failed=0
[   ScriptRuntime] [  LOG] [20:35:52.763] [_W7Probe]  W7: --- layer 3 attachId='Unassigned' type=4 visible=1 anim=0 scriptRunning=0 xmlLen=0
[   ScriptRuntime] [  LOG] [20:35:52.763] [_W7Probe]  W7:     controls=0 mainFrame=null
[   ScriptRuntime] [  LOG] [20:35:52.763] [_W7Probe]  W7:     imageQuads=0 loaded=0 pending=0 failed=0
[   ScriptRuntime] [  LOG] [20:35:52.763] [_W7Probe]  W7: --- layer 4 attachId='Unassigned' type=0 visible=1 anim=0 scriptRunning=1 xmlLen=319727
[   ScriptRuntime] [  LOG] [20:35:52.763] [_W7Probe]  W7:     controls=898 mainFrame=ok
[   ScriptRuntime] [  LOG] [20:35:52.763] [_W7Probe]  W7:     FAILED id='menu-libs-scroll_quad-scroll-indicator' url=file://Media/Manialinks/Nadeo/CMGame/Utils/Icons/128x128/ICON_ARROW_BOTTOM_OBLIQUE.dds visible=0 pos=54.7,-20.5 size=8x8
[   ScriptRuntime] [  LOG] [20:35:52.763] [_W7Probe]  W7:     FAILED id='menu-libs-scroll_quad-top' url=file://Media/Manialinks/Nadeo/CMGame/Components/Scroll/ScrollBar_TopBottom.dds visible=1 pos=147.7,39.5 size=2x1
[   ScriptRuntime] [  LOG] [20:35:52.763] [_W7Probe]  W7:     FAILED id='menu-libs-scroll_quad-center' url=file://Media/Manialinks/Nadeo/CMGame/Components/Scroll/ScrollBar_Center.dds visible=1 pos=147.7,39.5 size=2x51
[   ScriptRuntime] [  LOG] [20:35:52.763] [_W7Probe]  W7:     FAILED id='menu-libs-scroll_quad-bottom' url=file://Media/Manialinks/Nadeo/CMGame/Components/Scroll/ScrollBar_TopBottom.dds visible=1 pos=147.7,-11.5 size=2x1
[   ScriptRuntime] [  LOG] [20:35:52.763] [_W7Probe]  W7:     FAILED id='menu-libs-scroll_quad-top' url=file://Media/Manialinks/Nadeo/CMGame/Components/Scroll/ScrollBar_TopBottom.dds visible=1 pos=147.7,39.5 size=2x1
[   ScriptRuntime] [  LOG] [20:35:52.764] [_W7Probe]  W7:     FAILED id='menu-libs-scroll_quad-center' url=file://Media/Manialinks/Nadeo/CMGame/Components/Scroll/ScrollBar_Center.dds visible=1 pos=147.7,39.5 size=2x51
[   ScriptRuntime] [  LOG] [20:35:52.764] [_W7Probe]  W7:     FAILED id='menu-libs-scroll_quad-bottom' url=file://Media/Manialinks/Nadeo/CMGame/Components/Scroll/ScrollBar_TopBottom.dds visible=1 pos=147.7,-11.5 size=2x1
[   ScriptRuntime] [  LOG] [20:35:52.764] [_W7Probe]  W7:     FAILED id='Trackmania_Button_quad-image' url=file://Media/Manialinks/Nadeo/CMGame/Utils/Icons/128x128/ICON_ARROW_RIGHT_OBLIQUE.dds visible=1 pos=-19.8729,-29 size=7x7
[   ScriptRuntime] [  LOG] [20:35:52.764] [_W7Probe]  W7:     FAILED id='Trackmania_Button_quad-focus-background' url=file://Media/Manialinks/Nadeo/CMGame/Utils/Icons/128x128/ICON_ARROW_RIGHT_OBLIQUE.dds visible=0 pos=-19.8729,-29 size=7x7
[   ScriptRuntime] [  LOG] [20:35:52.764] [_W7Probe]  W7:     FAILED id='menu-libs-loading-spinner_quad-loading' url=file://Media/Manialinks/Nadeo/CMGame/Components/LoadingSpinner/LoadingSpinner.dds visible=0 pos=-16.3729,-32.5 size=15x15
[   ScriptRuntime] [  LOG] [20:35:52.764] [_W7Probe]  W7:     FAILED id='Trackmania_Button_quad-image' url=file://Media/Manialinks/Nadeo/CMGame/Utils/Icons/128x128/ICON_ARROW_LEFT_OBLIQUE.dds visible=1 pos=-54.3729,-29 size=7x7
[   ScriptRuntime] [  LOG] [20:35:52.764] [_W7Probe]  W7:     FAILED id='Trackmania_Button_quad-focus-background' url=file://Media/Manialinks/Nadeo/CMGame/Utils/Icons/128x128/ICON_ARROW_LEFT_OBLIQUE.dds visible=0 pos=-54.3729,-29 size=7x7
[   ScriptRuntime] [  LOG] [20:35:52.764] [_W7Probe]  W7:     FAILED id='menu-libs-loading-spinner_quad-loading' url=file://Media/Manialinks/Nadeo/CMGame/Components/LoadingSpinner/LoadingSpinner.dds visible=0 pos=-50.8729,-32.5 size=15x15
[   ScriptRuntime] [  LOG] [20:35:52.764] [_W7Probe]  W7:     FAILED id='Trackmania_Button_quad-image' url=file://Media/Manialinks/Nadeo/CMGame/Utils/Icons/128x128/ICON_ARROW_RIGHT_OBLIQUE.dds visible=1 pos=-11.1271,20.6 size=7x7
[   ScriptRuntime] [  LOG] [20:35:52.764] [_W7Probe]  W7:     FAILED id='Trackmania_Button_quad-focus-background' url=file://Media/Manialinks/Nadeo/CMGame/Utils/Icons/128x128/ICON_ARROW_RIGHT_OBLIQUE.dds visible=0 pos=-11.1271,20.6 size=7x7
[   ScriptRuntime] [  LOG] [20:35:52.764] [_W7Probe]  W7:     FAILED id='menu-libs-loading-spinner_quad-loading' url=file://Media/Manialinks/Nadeo/CMGame/Components/LoadingSpinner/LoadingSpinner.dds visible=0 pos=-7.62709,17.1 size=15x15
[   ScriptRuntime] [  LOG] [20:35:52.764] [_W7Probe]  W7:     FAILED id='Trackmania_Button_quad-image' url=file://Media/Manialinks/Nadeo/CMGame/Utils/Icons/128x128/ICON_ARROW_LEFT_OBLIQUE.dds visible=1 pos=-45.6271,20.6 size=7x7
[   ScriptRuntime] [  LOG] [20:35:52.764] [_W7Probe]  W7:     FAILED id='Trackmania_Button_quad-focus-background' url=file://Media/Manialinks/Nadeo/CMGame/Utils/Icons/128x128/ICON_ARROW_LEFT_OBLIQUE.dds visible=0 pos=-45.6271,20.6 size=7x7
[   ScriptRuntime] [  LOG] [20:35:52.764] [_W7Probe]  W7:     FAILED id='menu-libs-loading-spinner_quad-loading' url=file://Media/Manialinks/Nadeo/CMGame/Components/LoadingSpinner/LoadingSpinner.dds visible=0 pos=-42.1271,17.1 size=15x15
[   ScriptRuntime] [  LOG] [20:35:52.764] [_W7Probe]  W7:     FAILED id='Trackmania_Button_quad-image' url=file://Media/Manialinks/Nadeo/CMGame/Utils/Icons/128x128/ICON_ARROW_RIGHT_OBLIQUE.dds visible=1 pos=-85.3,18 size=8x8
[   ScriptRuntime] [  LOG] [20:35:52.764] [_W7Probe]  W7:     FAILED id='Trackmania_Button_quad-focus-background' url=file://Media/Manialinks/Nadeo/CMGame/Utils/Icons/128x128/ICON_ARROW_RIGHT_OBLIQUE.dds visible=0 pos=-85.3,18 size=8x8
[   ScriptRuntime] [  LOG] [20:35:52.764] [_W7Probe]  W7:     FAILED id='menu-libs-loading-spinner_quad-loading' url=file://Media/Manialinks/Nadeo/CMGame/Components/LoadingSpinner/LoadingSpinner.dds visible=0 pos=-81.3,14 size=15x15
[   ScriptRuntime] [  LOG] [20:35:52.764] [_W7Probe]  W7:     FAILED id='Trackmania_Button_quad-image' url=file://Media/Manialinks/Nadeo/CMGame/Utils/Icons/128x128/ICON_ARROW_LEFT_OBLIQUE.dds visible=1 pos=-117.8,18 size=8x8
[   ScriptRuntime] [  LOG] [20:35:52.764] [_W7Probe]  W7:     FAILED id='Trackmania_Button_quad-focus-background' url=file://Media/Manialinks/Nadeo/CMGame/Utils/Icons/128x128/ICON_ARROW_LEFT_OBLIQUE.dds visible=0 pos=-117.8,18 size=8x8
[   ScriptRuntime] [  LOG] [20:35:52.764] [_W7Probe]  W7:     FAILED id='menu-libs-loading-spinner_quad-loading' url=file://Media/Manialinks/Nadeo/CMGame/Components/LoadingSpinner/LoadingSpinner.dds visible=0 pos=-113.8,14 size=15x15
[   ScriptRuntime] [  LOG] [20:35:52.764] [_W7Probe]  W7:     FAILED id='Trackmania_Button_quad-image' url=file://Media/Manialinks/Nadeo/CMGame/Utils/Icons/128x128/ICON_ARROW_RIGHT_OBLIQUE.dds visible=1 pos=-58.72,76.5 size=7x7
[   ScriptRuntime] [  LOG] [20:35:52.764] [_W7Probe]  W7:     FAILED id='Trackmania_Button_quad-focus-background' url=file://Media/Manialinks/Nadeo/CMGame/Utils/Icons/128x128/ICON_ARROW_RIGHT_OBLIQUE.dds visible=0 pos=-58.72,76.5 size=7x7
[   ScriptRuntime] [  LOG] [20:35:52.764] [_W7Probe]  W7:     FAILED id='menu-libs-loading-spinner_quad-loading' url=file://Media/Manialinks/Nadeo/CMGame/Components/LoadingSpinner/LoadingSpinner.dds visible=0 pos=-55.22,73 size=15x15
[   ScriptRuntime] [  LOG] [20:35:52.764] [_W7Probe]  W7:     FAILED id='Trackmania_Button_quad-image' url=file://Media/Manialinks/Nadeo/CMGame/Utils/Icons/128x128/ICON_ARROW_LEFT_OBLIQUE.dds visible=1 pos=-157.28,76.5 size=7x7
[   ScriptRuntime] [  LOG] [20:35:52.764] [_W7Probe]  W7:     FAILED id='Trackmania_Button_quad-focus-background' url=file://Media/Manialinks/Nadeo/CMGame/Utils/Icons/128x128/ICON_ARROW_LEFT_OBLIQUE.dds visible=0 pos=-157.28,76.5 size=7x7
[   ScriptRuntime] [  LOG] [20:35:52.764] [_W7Probe]  W7:     FAILED id='menu-libs-loading-spinner_quad-loading' url=file://Media/Manialinks/Nadeo/CMGame/Components/LoadingSpinner/LoadingSpinner.dds visible=0 pos=-153.78,73 size=15x15
[   ScriptRuntime] [  LOG] [20:35:52.764] [_W7Probe]  W7:     FAILED id='button-icon-2_quad-key-icon' url=file://Media/Manialinks/Nadeo/CMGame/Components/PadButtons/PC/ControllerInfo_PC_Base.dds visible=1 pos=-158.7,-69.4 size=7.2x7.2
[   ScriptRuntime] [  LOG] [20:35:52.764] [_W7Probe]  W7:     FAILED id='button-icon-2_quad-key-icon' url=file://Media/Manialinks/Nadeo/CMGame/Components/PadButtons/PC/ControllerInfo_PC_PageDown.dds visible=1 pos=-11.0542,53.3 size=7.2x7.2
[   ScriptRuntime] [  LOG] [20:35:52.764] [_W7Probe]  W7:     FAILED id='button-icon-2_quad-key-icon' url=file://Media/Manialinks/Nadeo/CMGame/Components/PadButtons/PC/ControllerInfo_PC_PageUp.dds visible=1 pos=-133.962,53.3 size=7.2x7.2
[   ScriptRuntime] [  LOG] [20:35:52.764] [_W7Probe]  W7:     FAILED id='button-icon-2_quad-key-icon' url=file://Media/Manialinks/Nadeo/CMGame/Components/PadButtons/PC/ControllerInfo_PC_F2.dds visible=1 pos=-57.72,76.15 size=6.3x6.3
[   ScriptRuntime] [  LOG] [20:35:52.764] [_W7Probe]  W7:     FAILED id='button-icon-2_quad-key-icon' url=file://Media/Manialinks/Nadeo/CMGame/Components/PadButtons/PC/ControllerInfo_PC_F1.dds visible=1 pos=-157.58,76.15 size=6.3x6.3
[   ScriptRuntime] [  LOG] [20:35:52.764] [_W7Probe]  W7:     FAILED id='button-icon-2_quad-key-icon' url=file://Media/Manialinks/Nadeo/CMGame/Components/PadButtons/PC/ControllerInfo_PC_Enter.dds visible=1 pos=115.186,-63.4 size=7.2x7.2
[   ScriptRuntime] [  LOG] [20:35:52.764] [_W7Probe]  W7:     FAILED id='button-icon-2_quad-key-icon' url=file://Media/Manialinks/Nadeo/CMGame/Components/PadButtons/PC/ControllerInfo_PC_Base.dds visible=1 pos=-144.514,-63.4 size=7.2x7.2
[   ScriptRuntime] [  LOG] [20:35:52.764] [_W7Probe]  W7:     FAILED id='button-icon-2_quad-key-icon' url=file://Media/Manialinks/Nadeo/CMGame/Components/PadButtons/PC/ControllerInfo_PC_Base.dds visible=1 pos=133.77,-80.4 size=7.2x7.2
[   ScriptRuntime] [  LOG] [20:35:52.764] [_W7Probe]  W7:     FAILED id='button-icon-2_quad-key-icon' url=file://Media/Manialinks/Nadeo/CMGame/Components/PadButtons/PC/ControllerInfo_PC_Base.dds visible=1 pos=133.77,-80.4 size=7.2x7.2
[   ScriptRuntime] [  LOG] [20:35:52.764] [_W7Probe]  W7:     FAILED id='button-icon-2_quad-key-icon' url=file://Media/Manialinks/Nadeo/CMGame/Components/PadButtons/PC/ControllerInfo_PC_Base.dds visible=1 pos=133.77,-80.4 size=7.2x7.2
[   ScriptRuntime] [  LOG] [20:35:52.764] [_W7Probe]  W7:     FAILED id='button-icon-2_quad-key-icon' url=file://Media/Manialinks/Nadeo/CMGame/Components/PadButtons/PC/ControllerInfo_PC_Base.dds visible=1 pos=133.77,-80.4 size=7.2x7.2
[   ScriptRuntime] [  LOG] [20:35:52.764] [_W7Probe]  W7:     FAILED id='button-icon-2_quad-key-icon' url=file://Media/Manialinks/Nadeo/CMGame/Components/PadButtons/PC/ControllerInfo_PC_Base.dds visible=1 pos=133.77,-80.4 size=7.2x7.2
[   ScriptRuntime] [  LOG] [20:35:52.764] [_W7Probe]  W7:     FAILED id='button-icon-2_quad-key-icon' url=file://Media/Manialinks/Nadeo/CMGame/Components/PadButtons/PC/ControllerInfo_PC_Base.dds visible=1 pos=133.77,-80.4 size=7.2x7.2
[   ScriptRuntime] [  LOG] [20:35:52.764] [_W7Probe]  W7:     FAILED id='button-icon-2_quad-key-icon' url=file://Media/Manialinks/Nadeo/CMGame/Components/PadButtons/PC/ControllerInfo_PC_Base.dds visible=1 pos=133.77,-80.4 size=7.2x7.2
[   ScriptRuntime] [  LOG] [20:35:52.764] [_W7Probe]  W7:     FAILED id='button-icon-2_quad-key-icon' url=file://Media/Manialinks/Nadeo/CMGame/Components/PadButtons/PC/ControllerInfo_PC_Base.dds visible=1 pos=133.77,-80.4 size=7.2x7.2
[   ScriptRuntime] [  LOG] [20:35:52.764] [_W7Probe]  W7:     FAILED id='button-icon-2_quad-key-icon' url=file://Media/Manialinks/Nadeo/CMGame/Components/PadButtons/PC/ControllerInfo_PC_Base.dds visible=1 pos=133.77,-80.4 size=7.2x7.2
[   ScriptRuntime] [  LOG] [20:35:52.764] [_W7Probe]  W7:     FAILED id='button-icon-2_quad-key-icon' url=file://Media/Manialinks/Nadeo/CMGame/Components/PadButtons/PC/ControllerInfo_PC_Base.dds visible=1 pos=133.77,-80.4 size=7.2x7.2
[   ScriptRuntime] [  LOG] [20:35:52.764] [_W7Probe]  W7:     FAILED id='button-icon-2_quad-key-icon' url=file://Media/Manialinks/Nadeo/CMGame/Components/PadButtons/PC/ControllerInfo_PC_Base.dds visible=1 pos=133.77,-80.4 size=7.2x7.2
[   ScriptRuntime] [  LOG] [20:35:52.765] [_W7Probe]  W7:     FAILED id='button-icon-2_quad-key-icon' url=file://Media/Manialinks/Nadeo/CMGame/Components/PadButtons/PC/ControllerInfo_PC_Base.dds visible=1 pos=133.77,-80.4 size=7.2x7.2
[   ScriptRuntime] [  LOG] [20:35:52.765] [_W7Probe]  W7:     FAILED id='button-icon-2_quad-key-icon' url=file://Media/Manialinks/Nadeo/CMGame/Components/PadButtons/PC/ControllerInfo_PC_Base.dds visible=1 pos=133.77,-80.4 size=7.2x7.2
[   ScriptRuntime] [  LOG] [20:35:52.765] [_W7Probe]  W7:     FAILED id='button-icon-2_quad-key-icon' url=file://Media/Manialinks/Nadeo/CMGame/Components/PadButtons/PC/ControllerInfo_PC_Base.dds visible=1 pos=133.77,-80.4 size=7.2x7.2
[   ScriptRuntime] [  LOG] [20:35:52.765] [_W7Probe]  W7:     FAILED id='button-icon-2_quad-key-icon' url=file://Media/Manialinks/Nadeo/CMGame/Components/PadButtons/PC/ControllerInfo_PC_Base.dds visible=1 pos=133.77,-80.4 size=7.2x7.2
[   ScriptRuntime] [  LOG] [20:35:52.765] [_W7Probe]  W7:     FAILED id='button-icon-2_quad-key-icon' url=file://Media/Manialinks/Nadeo/CMGame/Components/PadButtons/PC/ControllerInfo_PC_Base.dds visible=1 pos=133.77,-80.4 size=7.2x7.2
[   ScriptRuntime] [  LOG] [20:35:52.765] [_W7Probe]  W7:     FAILED id='button-icon-2_quad-key-icon' url=file://Media/Manialinks/Nadeo/CMGame/Components/PadButtons/PC/ControllerInfo_PC_Base.dds visible=1 pos=133.77,-80.4 size=7.2x7.2
[   ScriptRuntime] [  LOG] [20:35:52.765] [_W7Probe]  W7:     FAILED id='button-icon-2_quad-key-icon' url=file://Media/Manialinks/Nadeo/CMGame/Components/PadButtons/PC/ControllerInfo_PC_Base.dds visible=1 pos=133.77,-80.4 size=7.2x7.2
[   ScriptRuntime] [  LOG] [20:35:52.765] [_W7Probe]  W7:     FAILED id='button-icon-2_quad-key-icon' url=file://Media/Manialinks/Nadeo/CMGame/Components/PadButtons/PC/ControllerInfo_PC_Base.dds visible=1 pos=162.145,-80.4 size=7.2x7.2
[   ScriptRuntime] [  LOG] [20:35:52.765] [_W7Probe]  W7:     FAILED id='button-icon-2_quad-key-icon' url=file://Media/Manialinks/Nadeo/CMGame/Components/PadButtons/PC/ControllerInfo_PC_Enter.dds visible=1 pos=133.77,-80.4 size=7.2x7.2
[   ScriptRuntime] [  LOG] [20:35:52.765] [_W7Probe]  W7:     FAILED id='menu-libs-loading-spinner_quad-loading' url=file://Media/Manialinks/Nadeo/CMGame/Components/LoadingSpinner/LoadingSpinner.dds visible=0 pos=-125.5,79.75 size=15x15
[   ScriptRuntime] [  LOG] [20:35:52.765] [_W7Probe]  W7:     FAILED id='menu-libs-expendable-button_quad-focus-right' url=file://Media/Manialinks/Nadeo/CMGame/Utils/ButtonStyles/Rounded/Common_Button_Contour_End_Rounded.dds visible=1 pos=118.5,-67 size=6x12
[   ScriptRuntime] [  LOG] [20:35:52.765] [_W7Probe]  W7:     FAILED id='menu-libs-expendable-button_quad-focus-center' url=file://Media/Manialinks/Nadeo/CMGame/Utils/ButtonStyles/Rounded/Common_Button_Contour_Middle.dds visible=1 pos=94.4965,-67 size=24.0035x12
[   ScriptRuntime] [  LOG] [20:35:52.765] [_W7Probe]  W7:     FAILED id='menu-libs-expendable-button_quad-focus-left' url=file://Media/Manialinks/Nadeo/CMGame/Utils/ButtonStyles/Rounded/Common_Button_Contour_Start_Rounded.dds visible=1 pos=88.4965,-67 size=6x12
[   ScriptRuntime] [  LOG] [20:35:52.765] [_W7Probe]  W7:     FAILED id='menu-libs-expendable-button_quad-bg-right' url=file://Media/Manialinks/Nadeo/CMGame/Utils/ButtonStyles/Rounded/Common_Button_End_Rounded.dds visible=1 pos=118.5,-67 size=6x12
[   ScriptRuntime] [  LOG] [20:35:52.765] [_W7Probe]  W7:     FAILED id='menu-libs-expendable-button_quad-bg-left' url=file://Media/Manialinks/Nadeo/CMGame/Utils/ButtonStyles/Rounded/Common_Button_Start_Rounded.dds visible=1 pos=88.4965,-67 size=6x12
[   ScriptRuntime] [  LOG] [20:35:52.765] [_W7Probe]  W7:     FAILED id='menu-libs-expendable-button_quad-focus-right' url=file://Media/Manialinks/Nadeo/CMGame/Utils/ButtonStyles/Rounded/Common_Button_Contour_End_Rounded.dds visible=1 pos=94,-67 size=6x12
[   ScriptRuntime] [  LOG] [20:35:52.765] [_W7Probe]  W7:     FAILED id='menu-libs-expendable-button_quad-focus-center' url=file://Media/Manialinks/Nadeo/CMGame/Utils/ButtonStyles/Rounded/Common_Button_Contour_Middle.dds visible=1 pos=26,-67 size=68x12
[   ScriptRuntime] [  LOG] [20:35:52.765] [_W7Probe]  W7:     FAILED id='menu-libs-expendable-button_quad-focus-left' url=file://Media/Manialinks/Nadeo/CMGame/Utils/ButtonStyles/Rounded/Common_Button_Contour_Start_Rounded.dds visible=1 pos=20,-67 size=6x12
[   ScriptRuntime] [  LOG] [20:35:52.765] [_W7Probe]  W7:     FAILED id='menu-libs-expendable-button_quad-bg-right' url=file://Media/Manialinks/Nadeo/CMGame/Utils/ButtonStyles/Rounded/Common_Button_End_Rounded.dds visible=1 pos=94,-67 size=6x12
[   ScriptRuntime] [  LOG] [20:35:52.765] [_W7Probe]  W7:     FAILED id='menu-libs-expendable-button_quad-bg-left' url=file://Media/Manialinks/Nadeo/CMGame/Utils/ButtonStyles/Rounded/Common_Button_Start_Rounded.dds visible=1 pos=20,-67 size=6x12
[   ScriptRuntime] [  LOG] [20:35:52.765] [_W7Probe]  W7:     FAILED id='menu-libs-expendable-button_quad-focus-right' url=file://Media/Manialinks/Nadeo/CMGame/Utils/ButtonStyles/Rounded/Common_Button_Contour_End_Rounded.dds visible=1 pos=64,-67 size=6x12
[   ScriptRuntime] [  LOG] [20:35:52.765] [_W7Probe]  W7:     FAILED id='menu-libs-expendable-button_quad-focus-center' url=file://Media/Manialinks/Nadeo/CMGame/Utils/ButtonStyles/Rounded/Common_Button_Contour_Middle.dds visible=1 pos=-4,-67 size=68x12
[   ScriptRuntime] [  LOG] [20:35:52.765] [_W7Probe]  W7:     FAILED id='menu-libs-expendable-button_quad-focus-left' url=file://Media/Manialinks/Nadeo/CMGame/Utils/ButtonStyles/Rounded/Common_Button_Contour_Start_Rounded.dds visible=1 pos=-10,-67 size=6x12
[   ScriptRuntime] [  LOG] [20:35:52.765] [_W7Probe]  W7:     FAILED id='menu-libs-expendable-button_quad-bg-right' url=file://Media/Manialinks/Nadeo/CMGame/Utils/ButtonStyles/Rounded/Common_Button_End_Rounded.dds visible=1 pos=64,-67 size=6x12
[   ScriptRuntime] [  LOG] [20:35:52.765] [_W7Probe]  W7:     FAILED id='menu-libs-expendable-button_quad-bg-left' url=file://Media/Manialinks/Nadeo/CMGame/Utils/ButtonStyles/Rounded/Common_Button_Start_Rounded.dds visible=1 pos=-10,-67 size=6x12
[   ScriptRuntime] [  LOG] [20:35:52.765] [_W7Probe]  W7:     FAILED id='menu-libs-expendable-button_quad-button-icon' url=file://Media/Manialinks/Nadeo/CMGame/Utils/Icons/128x128/ICON_CAR_01.dds visible=1 pos=83.0609,-73 size=9.6x9.6
[   ScriptRuntime] [  LOG] [20:35:52.765] [_W7Probe]  W7:     FAILED id='menu-libs-expendable-button_quad-focus-right' url=file://Media/Manialinks/Nadeo/CMGame/Utils/ButtonStyles/Rounded/Common_Button_Contour_End_Rounded.dds visible=1 pos=118.5,-67 size=6x12
[   ScriptRuntime] [  LOG] [20:35:52.765] [_W7Probe]  W7:     FAILED id='menu-libs-expendable-button_quad-focus-center' url=file://Media/Manialinks/Nadeo/CMGame/Utils/ButtonStyles/Rounded/Common_Button_Contour_Middle.dds visible=1 pos=83.0609,-67 size=35.4391x12
[   ScriptRuntime] [  LOG] [20:35:52.765] [_W7Probe]  W7:     FAILED id='menu-libs-expendable-button_quad-focus-left' url=file://Media/Manialinks/Nadeo/CMGame/Utils/ButtonStyles/Rounded/Common_Button_Contour_Start_Rounded.dds visible=1 pos=77.0609,-67 size=6x12
[   ScriptRuntime] [  LOG] [20:35:52.765] [_W7Probe]  W7:     FAILED id='menu-libs-expendable-button_quad-bg-right' url=file://Media/Manialinks/Nadeo/CMGame/Utils/ButtonStyles/Rounded/Common_Button_End_Rounded.dds visible=1 pos=118.5,-67 size=6x12
[   ScriptRuntime] [  LOG] [20:35:52.765] [_W7Probe]  W7:     FAILED id='menu-libs-expendable-button_quad-bg-left' url=file://Media/Manialinks/Nadeo/CMGame/Utils/ButtonStyles/Rounded/Common_Button_Start_Rounded.dds visible=1 pos=77.0609,-67 size=6x12
[   ScriptRuntime] [  LOG] [20:35:52.765] [_W7Probe]  W7:     FAILED id='menu-libs-expendable-button_quad-focus-right' url=file://Media/Manialinks/Nadeo/CMGame/Utils/ButtonStyles/Rounded/Common_Button_Contour_End_Rounded.dds visible=1 pos=70.0609,-67 size=6x12
[   ScriptRuntime] [  LOG] [20:35:52.765] [_W7Probe]  W7:     FAILED id='menu-libs-expendable-button_quad-focus-center' url=file://Media/Manialinks/Nadeo/CMGame/Utils/ButtonStyles/Rounded/Common_Button_Contour_Middle.dds visible=1 pos=21.7287,-67 size=48.3322x12
[   ScriptRuntime] [  LOG] [20:35:52.765] [_W7Probe]  W7:     FAILED id='menu-libs-expendable-button_quad-focus-left' url=file://Media/Manialinks/Nadeo/CMGame/Utils/ButtonStyles/Rounded/Common_Button_Contour_Start_Rounded.dds visible=1 pos=15.7287,-67 size=6x12
[   ScriptRuntime] [  LOG] [20:35:52.765] [_W7Probe]  W7:     FAILED id='menu-libs-expendable-button_quad-bg-right' url=file://Media/Manialinks/Nadeo/CMGame/Utils/ButtonStyles/Rounded/Common_Button_End_Rounded.dds visible=1 pos=70.0609,-67 size=6x12
[   ScriptRuntime] [  LOG] [20:35:52.765] [_W7Probe]  W7:     FAILED id='menu-libs-expendable-button_quad-bg-left' url=file://Media/Manialinks/Nadeo/CMGame/Utils/ButtonStyles/Rounded/Common_Button_Start_Rounded.dds visible=1 pos=15.7287,-67 size=6x12
[   ScriptRuntime] [  LOG] [20:35:52.765] [_W7Probe]  W7:     FAILED id='menu-libs-expendable-button_quad-focus-right' url=file://Media/Manialinks/Nadeo/CMGame/Utils/ButtonStyles/Rounded/Common_Button_Contour_End_Rounded.dds visible=1 pos=8.72872,-67 size=6x12
[   ScriptRuntime] [  LOG] [20:35:52.765] [_W7Probe]  W7:     FAILED id='menu-libs-expendable-button_quad-focus-center' url=file://Media/Manialinks/Nadeo/CMGame/Utils/ButtonStyles/Rounded/Common_Button_Contour_Middle.dds visible=1 pos=-24.6622,-67 size=33.391x12
[   ScriptRuntime] [  LOG] [20:35:52.765] [_W7Probe]  W7:     FAILED id='menu-libs-expendable-button_quad-focus-left' url=file://Media/Manialinks/Nadeo/CMGame/Utils/ButtonStyles/Rounded/Common_Button_Contour_Start_Rounded.dds visible=1 pos=-30.6623,-67 size=6x12
[   ScriptRuntime] [  LOG] [20:35:52.765] [_W7Probe]  W7:     FAILED id='menu-libs-expendable-button_quad-bg-right' url=file://Media/Manialinks/Nadeo/CMGame/Utils/ButtonStyles/Rounded/Common_Button_End_Rounded.dds visible=1 pos=8.72872,-67 size=6x12
[   ScriptRuntime] [  LOG] [20:35:52.765] [_W7Probe]  W7:     FAILED id='menu-libs-expendable-button_quad-bg-left' url=file://Media/Manialinks/Nadeo/CMGame/Utils/ButtonStyles/Rounded/Common_Button_Start_Rounded.dds visible=1 pos=-30.6623,-67 size=6x12
[   ScriptRuntime] [  LOG] [20:35:52.765] [_W7Probe]  W7:     FAILED id='menu-libs-expendable-button_quad-focus-right' url=file://Media/Manialinks/Nadeo/CMGame/Utils/ButtonStyles/Rounded/Common_Button_Contour_End_Rounded.dds visible=1 pos=-127.5,-67 size=6x12
[   ScriptRuntime] [  LOG] [20:35:52.765] [_W7Probe]  W7:     FAILED id='menu-libs-expendable-button_quad-focus-center' url=file://Media/Manialinks/Nadeo/CMGame/Utils/ButtonStyles/Rounded/Common_Button_Contour_Middle.dds visible=1 pos=-145.5,-67 size=18x12
[   ScriptRuntime] [  LOG] [20:35:52.765] [_W7Probe]  W7:     FAILED id='menu-libs-expendable-button_quad-focus-left' url=file://Media/Manialinks/Nadeo/CMGame/Utils/ButtonStyles/Rounded/Common_Button_Contour_Start_Rounded.dds visible=1 pos=-151.5,-67 size=6x12
[   ScriptRuntime] [  LOG] [20:35:52.765] [_W7Probe]  W7:     FAILED id='menu-libs-expendable-button_quad-bg-right' url=file://Media/Manialinks/Nadeo/CMGame/Utils/ButtonStyles/Rounded/Common_Button_End_Rounded.dds visible=1 pos=-127.5,-67 size=6x12
[   ScriptRuntime] [  LOG] [20:35:52.765] [_W7Probe]  W7:     FAILED id='menu-libs-expendable-button_quad-bg-left' url=file://Media/Manialinks/Nadeo/CMGame/Utils/ButtonStyles/Rounded/Common_Button_Start_Rounded.dds visible=1 pos=-151.5,-67 size=6x12
[   ScriptRuntime] [  LOG] [20:35:52.765] [_W7Probe]  W7:     FAILED id='menu-libs-expendable-button_quad-focus-right' url=file://Media/Manialinks/Nadeo/CMGame/Utils/ButtonStyles/Rounded/Common_Button_Contour_End_Rounded.dds visible=1 pos=-121.762,55.7 size=6x12
[   ScriptRuntime] [  LOG] [20:35:52.765] [_W7Probe]  W7:     FAILED id='menu-libs-expendable-button_quad-focus-center' url=file://Media/Manialinks/Nadeo/CMGame/Utils/ButtonStyles/Rounded/Common_Button_Contour_Middle.dds visible=1 pos=-121.762,55.7 size=0x12
[   ScriptRuntime] [  LOG] [20:35:52.766] [_W7Probe]  W7:     FAILED id='menu-libs-expendable-button_quad-focus-left' url=file://Media/Manialinks/Nadeo/CMGame/Utils/ButtonStyles/Rounded/Common_Button_Contour_Start_Rounded.dds visible=1 pos=-127.762,55.7 size=6x12
[   ScriptRuntime] [  LOG] [20:35:52.766] [_W7Probe]  W7:     FAILED id='menu-libs-expendable-button_quad-bg-right' url=file://Media/Manialinks/Nadeo/CMGame/Utils/ButtonStyles/Rounded/Common_Button_End_Rounded.dds visible=1 pos=-121.762,55.7 size=6x12
[   ScriptRuntime] [  LOG] [20:35:52.766] [_W7Probe]  W7:     FAILED id='menu-libs-expendable-button_quad-bg-left' url=file://Media/Manialinks/Nadeo/CMGame/Utils/ButtonStyles/Rounded/Common_Button_Start_Rounded.dds visible=1 pos=-127.762,55.7 size=6x12
[   ScriptRuntime] [  LOG] [20:35:52.766] [_W7Probe]  W7:     FAILED id='menu-libs-expendable-button_quad-focus-right' url=file://Media/Manialinks/Nadeo/CMGame/Utils/ButtonStyles/Rounded/Common_Button_Contour_End_Rounded.dds visible=1 pos=-121.762,55.7 size=6x12
[   ScriptRuntime] [  LOG] [20:35:52.766] [_W7Probe]  W7:     FAILED id='menu-libs-expendable-button_quad-focus-center' url=file://Media/Manialinks/Nadeo/CMGame/Utils/ButtonStyles/Rounded/Common_Button_Contour_Middle.dds visible=1 pos=-121.762,55.7 size=0x12
[   ScriptRuntime] [  LOG] [20:35:52.766] [_W7Probe]  W7:     FAILED id='menu-libs-expendable-button_quad-focus-left' url=file://Media/Manialinks/Nadeo/CMGame/Utils/ButtonStyles/Rounded/Common_Button_Contour_Start_Rounded.dds visible=1 pos=-127.762,55.7 size=6x12
[   ScriptRuntime] [  LOG] [20:35:52.766] [_W7Probe]  W7:     FAILED id='menu-libs-expendable-button_quad-bg-right' url=file://Media/Manialinks/Nadeo/CMGame/Utils/ButtonStyles/Rounded/Common_Button_End_Rounded.dds visible=1 pos=-121.762,55.7 size=6x12
[   ScriptRuntime] [  LOG] [20:35:52.766] [_W7Probe]  W7:     FAILED id='menu-libs-expendable-button_quad-bg-left' url=file://Media/Manialinks/Nadeo/CMGame/Utils/ButtonStyles/Rounded/Common_Button_Start_Rounded.dds visible=1 pos=-127.762,55.7 size=6x12
[   ScriptRuntime] [  LOG] [20:35:52.766] [_W7Probe]  W7:     FAILED id='menu-libs-expendable-button_quad-focus-right' url=file://Media/Manialinks/Nadeo/CMGame/Utils/ButtonStyles/Rounded/Common_Button_Contour_End_Rounded.dds visible=1 pos=-121.762,55.7 size=6x12
[   ScriptRuntime] [  LOG] [20:35:52.766] [_W7Probe]  W7:     FAILED id='menu-libs-expendable-button_quad-focus-center' url=file://Media/Manialinks/Nadeo/CMGame/Utils/ButtonStyles/Rounded/Common_Button_Contour_Middle.dds visible=1 pos=-121.762,55.7 size=0x12
[   ScriptRuntime] [  LOG] [20:35:52.766] [_W7Probe]  W7:     FAILED id='menu-libs-expendable-button_quad-focus-left' url=file://Media/Manialinks/Nadeo/CMGame/Utils/ButtonStyles/Rounded/Common_Button_Contour_Start_Rounded.dds visible=1 pos=-127.762,55.7 size=6x12
[   ScriptRuntime] [  LOG] [20:35:52.766] [_W7Probe]  W7:     FAILED id='menu-libs-expendable-button_quad-bg-right' url=file://Media/Manialinks/Nadeo/CMGame/Utils/ButtonStyles/Rounded/Common_Button_End_Rounded.dds visible=1 pos=-121.762,55.7 size=6x12
[   ScriptRuntime] [  LOG] [20:35:52.766] [_W7Probe]  W7:     FAILED id='menu-libs-expendable-button_quad-bg-left' url=file://Media/Manialinks/Nadeo/CMGame/Utils/ButtonStyles/Rounded/Common_Button_Start_Rounded.dds visible=1 pos=-127.762,55.7 size=6x12
[   ScriptRuntime] [  LOG] [20:35:52.766] [_W7Probe]  W7:     FAILED id='menu-libs-expendable-button_quad-focus-right' url=file://Media/Manialinks/Nadeo/CMGame/Utils/ButtonStyles/Rounded/Common_Button_Contour_End_Rounded.dds visible=1 pos=-121.762,55.7 size=6x12
[   ScriptRuntime] [  LOG] [20:35:52.766] [_W7Probe]  W7:     FAILED id='menu-libs-expendable-button_quad-focus-center' url=file://Media/Manialinks/Nadeo/CMGame/Utils/ButtonStyles/Rounded/Common_Button_Contour_Middle.dds visible=1 pos=-121.762,55.7 size=0x12
[   ScriptRuntime] [  LOG] [20:35:52.766] [_W7Probe]  W7:     FAILED id='menu-libs-expendable-button_quad-focus-left' url=file://Media/Manialinks/Nadeo/CMGame/Utils/ButtonStyles/Rounded/Common_Button_Contour_Start_Rounded.dds visible=1 pos=-127.762,55.7 size=6x12
[   ScriptRuntime] [  LOG] [20:35:52.766] [_W7Probe]  W7:     FAILED id='menu-libs-expendable-button_quad-bg-right' url=file://Media/Manialinks/Nadeo/CMGame/Utils/ButtonStyles/Rounded/Common_Button_End_Rounded.dds visible=1 pos=-121.762,55.7 size=6x12
[   ScriptRuntime] [  LOG] [20:35:52.766] [_W7Probe]  W7:     FAILED id='menu-libs-expendable-button_quad-bg-left' url=file://Media/Manialinks/Nadeo/CMGame/Utils/ButtonStyles/Rounded/Common_Button_Start_Rounded.dds visible=1 pos=-127.762,55.7 size=6x12
[   ScriptRuntime] [  LOG] [20:35:52.766] [_W7Probe]  W7:     FAILED id='menu-libs-expendable-button_quad-focus-right' url=file://Media/Manialinks/Nadeo/CMGame/Utils/ButtonStyles/Rounded/Common_Button_Contour_End_Rounded.dds visible=1 pos=-19.9666,54.45 size=4.75x9.5
[   ScriptRuntime] [  LOG] [20:35:52.766] [_W7Probe]  W7:     FAILED id='menu-libs-expendable-button_quad-focus-center' url=file://Media/Manialinks/Nadeo/CMGame/Utils/ButtonStyles/Rounded/Common_Button_Contour_Middle.dds visible=1 pos=-45.1006,54.45 size=25.134x9.5
[   ScriptRuntime] [  LOG] [20:35:52.766] [_W7Probe]  W7:     FAILED id='menu-libs-expendable-button_quad-focus-left' url=file://Media/Manialinks/Nadeo/CMGame/Utils/ButtonStyles/Rounded/Common_Button_Contour_Start_Rounded.dds visible=1 pos=-49.8506,54.45 size=4.75x9.5
[   ScriptRuntime] [  LOG] [20:35:52.766] [_W7Probe]  W7:     FAILED id='menu-libs-expendable-button_quad-bg-right' url=file://Media/Manialinks/Nadeo/CMGame/Utils/ButtonStyles/Rounded/Common_Button_End_Rounded.dds visible=1 pos=-19.9666,54.45 size=4.75x9.5
[   ScriptRuntime] [  LOG] [20:35:52.766] [_W7Probe]  W7:     FAILED id='menu-libs-expendable-button_quad-bg-left' url=file://Media/Manialinks/Nadeo/CMGame/Utils/ButtonStyles/Rounded/Common_Button_Start_Rounded.dds visible=1 pos=-49.8506,54.45 size=4.75x9.5
[   ScriptRuntime] [  LOG] [20:35:52.766] [_W7Probe]  W7:     FAILED id='menu-libs-expendable-button_quad-focus-right' url=file://Media/Manialinks/Nadeo/CMGame/Utils/ButtonStyles/Rounded/Common_Button_Contour_End_Rounded.dds visible=1 pos=-52.9255,54.45 size=4.75x9.5
[   ScriptRuntime] [  LOG] [20:35:52.766] [_W7Probe]  W7:     FAILED id='menu-libs-expendable-button_quad-focus-center' url=file://Media/Manialinks/Nadeo/CMGame/Utils/ButtonStyles/Rounded/Common_Button_Contour_Middle.dds visible=1 pos=-82.4337,54.45 size=29.5082x9.5
[   ScriptRuntime] [  LOG] [20:35:52.766] [_W7Probe]  W7:     FAILED id='menu-libs-expendable-button_quad-focus-left' url=file://Media/Manialinks/Nadeo/CMGame/Utils/ButtonStyles/Rounded/Common_Button_Contour_Start_Rounded.dds visible=1 pos=-87.1837,54.45 size=4.75x9.5
[   ScriptRuntime] [  LOG] [20:35:52.766] [_W7Probe]  W7:     FAILED id='menu-libs-expendable-button_quad-bg-right' url=file://Media/Manialinks/Nadeo/CMGame/Utils/ButtonStyles/Rounded/Common_Button_End_Rounded.dds visible=1 pos=-52.9255,54.45 size=4.75x9.5
[   ScriptRuntime] [  LOG] [20:35:52.766] [_W7Probe]  W7:     FAILED id='menu-libs-expendable-button_quad-bg-left' url=file://Media/Manialinks/Nadeo/CMGame/Utils/ButtonStyles/Rounded/Common_Button_Start_Rounded.dds visible=1 pos=-87.1837,54.45 size=4.75x9.5
[   ScriptRuntime] [  LOG] [20:35:52.766] [_W7Probe]  W7:     FAILED id='menu-libs-expendable-button_quad-focus-right' url=file://Media/Manialinks/Nadeo/CMGame/Utils/ButtonStyles/Rounded/Common_Button_Contour_End_Rounded.dds visible=1 pos=-90.2586,54.45 size=4.75x9.5
[   ScriptRuntime] [  LOG] [20:35:52.766] [_W7Probe]  W7:     FAILED id='menu-libs-expendable-button_quad-focus-center' url=file://Media/Manialinks/Nadeo/CMGame/Utils/ButtonStyles/Rounded/Common_Button_Contour_Middle.dds visible=1 pos=-117.85,54.45 size=27.5914x9.5
[   ScriptRuntime] [  LOG] [20:35:52.766] [_W7Probe]  W7:     FAILED id='menu-libs-expendable-button_quad-focus-left' url=file://Media/Manialinks/Nadeo/CMGame/Utils/ButtonStyles/Rounded/Common_Button_Contour_Start_Rounded.dds visible=1 pos=-122.6,54.45 size=4.75x9.5
[   ScriptRuntime] [  LOG] [20:35:52.766] [_W7Probe]  W7:     FAILED id='menu-libs-expendable-button_quad-bg-right' url=file://Media/Manialinks/Nadeo/CMGame/Utils/ButtonStyles/Rounded/Common_Button_End_Rounded.dds visible=1 pos=-90.2586,54.45 size=4.75x9.5
[   ScriptRuntime] [  LOG] [20:35:52.766] [_W7Probe]  W7:     FAILED id='menu-libs-expendable-button_quad-bg-left' url=file://Media/Manialinks/Nadeo/CMGame/Utils/ButtonStyles/Rounded/Common_Button_Start_Rounded.dds visible=1 pos=-122.6,54.45 size=4.75x9.5
[   ScriptRuntime] [  LOG] [20:35:52.766] [_W7Probe]  W7:     FAILED id='menu-libs-expendable-button_quad-focus-right' url=file://Media/Manialinks/Nadeo/CMGame/Utils/ButtonStyles/Rounded/Common_Button_Contour_End_Rounded.dds visible=1 pos=109.186,-61 size=6x12
[   ScriptRuntime] [  LOG] [20:35:52.766] [_W7Probe]  W7:     FAILED id='menu-libs-expendable-button_quad-focus-center' url=file://Media/Manialinks/Nadeo/CMGame/Utils/ButtonStyles/Rounded/Common_Button_Contour_Middle.dds visible=1 pos=85.1825,-61 size=24.0035x12
[   ScriptRuntime] [  LOG] [20:35:52.766] [_W7Probe]  W7:     FAILED id='menu-libs-expendable-button_quad-focus-left' url=file://Media/Manialinks/Nadeo/CMGame/Utils/ButtonStyles/Rounded/Common_Button_Contour_Start_Rounded.dds visible=1 pos=79.1825,-61 size=6x12
[   ScriptRuntime] [  LOG] [20:35:52.766] [_W7Probe]  W7:     FAILED id='menu-libs-expendable-button_quad-bg-right' url=file://Media/Manialinks/Nadeo/CMGame/Utils/ButtonStyles/Rounded/Common_Button_End_Rounded.dds visible=1 pos=109.186,-61 size=6x12
[   ScriptRuntime] [  LOG] [20:35:52.766] [_W7Probe]  W7:     FAILED id='menu-libs-expendable-button_quad-bg-left' url=file://Media/Manialinks/Nadeo/CMGame/Utils/ButtonStyles/Rounded/Common_Button_Start_Rounded.dds visible=1 pos=79.1825,-61 size=6x12
[   ScriptRuntime] [  LOG] [20:35:52.766] [_W7Probe]  W7:     FAILED id='menu-libs-expendable-button_quad-focus-right' url=file://Media/Manialinks/Nadeo/CMGame/Utils/ButtonStyles/Rounded/Common_Button_Contour_End_Rounded.dds visible=1 pos=-113.314,-61 size=6x12
[   ScriptRuntime] [  LOG] [20:35:52.766] [_W7Probe]  W7:     FAILED id='menu-libs-expendable-button_quad-focus-center' url=file://Media/Manialinks/Nadeo/CMGame/Utils/ButtonStyles/Rounded/Common_Button_Contour_Middle.dds visible=1 pos=-131.314,-61 size=18x12
[   ScriptRuntime] [  LOG] [20:35:52.766] [_W7Probe]  W7:     FAILED id='menu-libs-expendable-button_quad-focus-left' url=file://Media/Manialinks/Nadeo/CMGame/Utils/ButtonStyles/Rounded/Common_Button_Contour_Start_Rounded.dds visible=1 pos=-137.314,-61 size=6x12
[   ScriptRuntime] [  LOG] [20:35:52.766] [_W7Probe]  W7:     FAILED id='menu-libs-expendable-button_quad-bg-right' url=file://Media/Manialinks/Nadeo/CMGame/Utils/ButtonStyles/Rounded/Common_Button_End_Rounded.dds visible=1 pos=-113.314,-61 size=6x12
[   ScriptRuntime] [  LOG] [20:35:52.766] [_W7Probe]  W7:     FAILED id='menu-libs-expendable-button_quad-bg-left' url=file://Media/Manialinks/Nadeo/CMGame/Utils/ButtonStyles/Rounded/Common_Button_Start_Rounded.dds visible=1 pos=-137.314,-61 size=6x12
[   ScriptRuntime] [  LOG] [20:35:52.766] [_W7Probe]  W7:     FAILED id='expendable-asset_quad-right' url=file://Media/Manialinks/Nadeo/CMGame/Utils/ButtonStyles/Rounded/Common_Button_End_Rounded.dds visible=1 pos=-19.9666,49.7 size=4.75x9.5
[   ScriptRuntime] [  LOG] [20:35:52.766] [_W7Probe]  W7:     FAILED id='expendable-asset_quad-left' url=file://Media/Manialinks/Nadeo/CMGame/Utils/ButtonStyles/Rounded/Common_Button_Start_Rounded.dds visible=1 pos=-117.85,49.7 size=4.75x9.5
[   ScriptRuntime] [  LOG] [20:35:52.766] [_W7Probe]  W7:     FAILED id='trackmania-pop-up-background-2_button-leave' url=file://Media/Manialinks/Nadeo/CMGame/Utils/Icons/256x256/Icones_256_icon_cross_oblique.dds visible=1 pos=148,72.6696 size=7x7
[   ScriptRuntime] [  LOG] [20:35:52.766] [_W7Probe]  W7:     FAILED id='trackmania-pop-up-background-2_quad-header-gradient' url=file://Media/Manialinks/Nadeo/Trackmania/Menus/PopUp/Common_MainPopup_Header_Gradient.dds visible=0 pos=-154,77.6696 size=1x1
[   ScriptRuntime] [  LOG] [20:35:52.766] [_W7Probe]  W7:     FAILED id='trackmania-pop-up-background-2_quad-background' url=file://Media/Manialinks/Nadeo/Trackmania/Menus/PopUp/Common_MainPopup.dds visible=1 pos=-154,77.6696 size=308x155.339
[   ScriptRuntime] [  LOG] [20:35:52.767] [_W7Probe]  W7:     FAILED id='ComponentProfilePlayerInfo_quad-best-trophy' url=file://Media/Manialinks/Nadeo/Trackmania/Trophies/512/trophy_base_00.dds visible=1 pos=-48.5657,21 size=42x42
[   ScriptRuntime] [  LOG] [20:35:52.767] [_W7Probe]  W7:     FAILED id='ComponentProfilePlayerInfo_quad-trophies-global-ranking-echelon' url=file://Media/Manialinks/Nadeo/Trackmania/Menus/PageProfile/Echelons/Menu_Profile_Echelon_Bronze0.dds visible=1 pos=-132.732,14 size=20.2086x53
[   ScriptRuntime] [  LOG] [20:35:52.767] [_W7Probe]  W7:     FAILED id='ComponentProfilePlayerInfo_quad-highest-trophy' url=file://Media/Manialinks/Nadeo/Trackmania/Trophies/512/trophy_base_00.dds visible=1 pos=18,-7.7 size=36x36
[   ScriptRuntime] [  LOG] [20:35:52.767] [_W7Probe]  W7:     FAILED id='ComponentProfilePlayerInfo_quad-lights' url=file://Media/Manialinks/Nadeo/Trackmania/Menus/Common/Common_Light_Spotlight.webm visible=1 pos=-105,30 size=200x180
[   ScriptRuntime] [  LOG] [20:35:52.767] [_W7Probe]  W7:     FAILED id='ComponentProfilePlayerInfo_quad-background' url=file://Media/Manialinks/Nadeo/Trackmania/Menus/PageProfile/UI_profile_background_map_gradients.dds visible=1 pos=-0,0 size=320x180
[   ScriptRuntime] [  LOG] [20:35:52.767] [_W7Probe]  W7:     FAILED id='ComponentProfilePlayerInfo_quad-trophy-icon' url=file://Media/Manialinks/Nadeo/Trackmania/Trophies/512/trophy_base_00.dds visible=1 pos=-124.05,-42.39 size=21x21
[   ScriptRuntime] [  LOG] [20:35:52.767] [_W7Probe]  W7:     FAILED id='ComponentProfilePlayerInfo_quad-trophy-icon' url=file://Media/Manialinks/Nadeo/Trackmania/Trophies/512/trophy_base_00.dds visible=1 pos=-94.0129,-42.39 size=21x21
[   ScriptRuntime] [  LOG] [20:35:52.767] [_W7Probe]  W7:     FAILED id='ComponentProfilePlayerInfo_quad-trophy-icon' url=file://Media/Manialinks/Nadeo/Trackmania/Trophies/512/trophy_base_00.dds visible=1 pos=-63.9757,-42.39 size=21x21
[   ScriptRuntime] [  LOG] [20:35:52.767] [_W7Probe]  W7:     FAILED id='ComponentProfilePlayerInfo_quad-trophy-icon' url=file://Media/Manialinks/Nadeo/Trackmania/Trophies/512/trophy_base_00.dds visible=1 pos=-33.9386,-42.39 size=21x21
[   ScriptRuntime] [  LOG] [20:35:52.767] [_W7Probe]  W7:     FAILED id='ComponentProfilePlayerInfo_quad-trophy-icon' url=file://Media/Manialinks/Nadeo/Trackmania/Trophies/512/trophy_base_00.dds visible=1 pos=-3.90099,-42.39 size=21x21
[   ScriptRuntime] [  LOG] [20:35:52.767] [_W7Probe]  W7:     FAILED id='ComponentProfilePlayerInfo_quad-trophy-icon' url=file://Media/Manialinks/Nadeo/Trackmania/Trophies/512/trophy_base_00.dds visible=1 pos=26.136,-42.39 size=21x21
[   ScriptRuntime] [  LOG] [20:35:52.767] [_W7Probe]  W7:     FAILED id='ComponentProfilePlayerInfo_quad-trophy-icon' url=file://Media/Manialinks/Nadeo/Trackmania/Trophies/512/trophy_base_00.dds visible=1 pos=56.173,-42.39 size=21x21
[   ScriptRuntime] [  LOG] [20:35:52.767] [_W7Probe]  W7:     FAILED id='ComponentProfilePlayerInfo_quad-trophy-icon' url=file://Media/Manialinks/Nadeo/Trackmania/Trophies/512/trophy_base_00.dds visible=1 pos=86.21,-42.39 size=21x21
[   ScriptRuntime] [  LOG] [20:35:52.767] [_W7Probe]  W7:     FAILED id='ComponentProfilePlayerInfo_quad-trophy-icon' url=file://Media/Manialinks/Nadeo/Trackmania/Trophies/512/trophy_base_00.dds visible=1 pos=116.247,-42.39 size=21x21
[   ScriptRuntime] [  LOG] [20:35:52.767] [_W7Probe]  W7:     FAILED id='ComponentProfilePlayerInfo_quad-trophy-bg' url=file://Media/Manialinks/Nadeo/Trackmania/Menus/PageProfile/Menu_Profile_Trophy.dds visible=1 pos=-124.8,-44 size=30.5571x23
[   ScriptRuntime] [  LOG] [20:35:52.767] [_W7Probe]  W7:     FAILED id='ComponentProfilePlayerInfo_quad-trophy-focus' url=file://Media/Manialinks/Nadeo/Trackmania/Menus/PageProfile/Menu_Profile_Trophy_Contour.dds visible=1 pos=-124.8,-44 size=30.5571x23
[   ScriptRuntime] [  LOG] [20:35:52.767] [_W7Probe]  W7:     FAILED id='ComponentProfilePlayerInfo_quad-trophy-bg' url=file://Media/Manialinks/Nadeo/Trackmania/Menus/PageProfile/Menu_Profile_Trophy.dds visible=1 pos=-94.7629,-44 size=30.5571x23
[   ScriptRuntime] [  LOG] [20:35:52.767] [_W7Probe]  W7:     FAILED id='ComponentProfilePlayerInfo_quad-trophy-focus' url=file://Media/Manialinks/Nadeo/Trackmania/Menus/PageProfile/Menu_Profile_Trophy_Contour.dds visible=1 pos=-94.7629,-44 size=30.5571x23
[   ScriptRuntime] [  LOG] [20:35:52.767] [_W7Probe]  W7:     FAILED id='ComponentProfilePlayerInfo_quad-trophy-bg' url=file://Media/Manialinks/Nadeo/Trackmania/Menus/PageProfile/Menu_Profile_Trophy.dds visible=1 pos=-64.7257,-44 size=30.5571x23
[   ScriptRuntime] [  LOG] [20:35:52.767] [_W7Probe]  W7:     FAILED id='ComponentProfilePlayerInfo_quad-trophy-focus' url=file://Media/Manialinks/Nadeo/Trackmania/Menus/PageProfile/Menu_Profile_Trophy_Contour.dds visible=1 pos=-64.7257,-44 size=30.5571x23
[   ScriptRuntime] [  LOG] [20:35:52.767] [_W7Probe]  W7:     FAILED id='ComponentProfilePlayerInfo_quad-trophy-bg' url=file://Media/Manialinks/Nadeo/Trackmania/Menus/PageProfile/Menu_Profile_Trophy.dds visible=1 pos=-34.6886,-44 size=30.5571x23
[   ScriptRuntime] [  LOG] [20:35:52.767] [_W7Probe]  W7:     FAILED id='ComponentProfilePlayerInfo_quad-trophy-focus' url=file://Media/Manialinks/Nadeo/Trackmania/Menus/PageProfile/Menu_Profile_Trophy_Contour.dds visible=1 pos=-34.6886,-44 size=30.5571x23
[   ScriptRuntime] [  LOG] [20:35:52.767] [_W7Probe]  W7:     FAILED id='ComponentProfilePlayerInfo_quad-trophy-bg' url=file://Media/Manialinks/Nadeo/Trackmania/Menus/PageProfile/Menu_Profile_Trophy.dds visible=1 pos=-4.651,-44 size=30.5571x23
[   ScriptRuntime] [  LOG] [20:35:52.767] [_W7Probe]  W7:     FAILED id='ComponentProfilePlayerInfo_quad-trophy-focus' url=file://Media/Manialinks/Nadeo/Trackmania/Menus/PageProfile/Menu_Profile_Trophy_Contour.dds visible=1 pos=-4.651,-44 size=30.5571x23
[   ScriptRuntime] [  LOG] [20:35:52.767] [_W7Probe]  W7:     FAILED id='ComponentProfilePlayerInfo_quad-trophy-bg' url=file://Media/Manialinks/Nadeo/Trackmania/Menus/PageProfile/Menu_Profile_Trophy.dds visible=1 pos=25.386,-44 size=30.5571x23
[   ScriptRuntime] [  LOG] [20:35:52.767] [_W7Probe]  W7:     FAILED id='ComponentProfilePlayerInfo_quad-trophy-focus' url=file://Media/Manialinks/Nadeo/Trackmania/Menus/PageProfile/Menu_Profile_Trophy_Contour.dds visible=1 pos=25.386,-44 size=30.5571x23
[   ScriptRuntime] [  LOG] [20:35:52.767] [_W7Probe]  W7:     FAILED id='ComponentProfilePlayerInfo_quad-trophy-bg' url=file://Media/Manialinks/Nadeo/Trackmania/Menus/PageProfile/Menu_Profile_Trophy.dds visible=1 pos=55.423,-44 size=30.5571x23
[   ScriptRuntime] [  LOG] [20:35:52.767] [_W7Probe]  W7:     FAILED id='ComponentProfilePlayerInfo_quad-trophy-focus' url=file://Media/Manialinks/Nadeo/Trackmania/Menus/PageProfile/Menu_Profile_Trophy_Contour.dds visible=1 pos=55.423,-44 size=30.5571x23
[   ScriptRuntime] [  LOG] [20:35:52.767] [_W7Probe]  W7:     FAILED id='ComponentProfilePlayerInfo_quad-trophy-bg' url=file://Media/Manialinks/Nadeo/Trackmania/Menus/PageProfile/Menu_Profile_Trophy.dds visible=1 pos=85.46,-44 size=30.5571x23
[   ScriptRuntime] [  LOG] [20:35:52.767] [_W7Probe]  W7:     FAILED id='ComponentProfilePlayerInfo_quad-trophy-focus' url=file://Media/Manialinks/Nadeo/Trackmania/Menus/PageProfile/Menu_Profile_Trophy_Contour.dds visible=1 pos=85.46,-44 size=30.5571x23
[   ScriptRuntime] [  LOG] [20:35:52.767] [_W7Probe]  W7:     FAILED id='ComponentProfilePlayerInfo_quad-trophy-bg' url=file://Media/Manialinks/Nadeo/Trackmania/Menus/PageProfile/Menu_Profile_Trophy.dds visible=1 pos=115.497,-44 size=30.5571x23
[   ScriptRuntime] [  LOG] [20:35:52.767] [_W7Probe]  W7:     FAILED id='ComponentProfilePlayerInfo_quad-trophy-focus' url=file://Media/Manialinks/Nadeo/Trackmania/Menus/PageProfile/Menu_Profile_Trophy_Contour.dds visible=1 pos=115.497,-44 size=30.5571x23
[   ScriptRuntime] [  LOG] [20:35:52.767] [_W7Probe]  W7:     FAILED id='menu-libs-loading-spinner_quad-loading' url=file://Media/Manialinks/Nadeo/CMGame/Components/LoadingSpinner/LoadingSpinner.dds visible=0 pos=-124.5,69.25 size=15x15
[   ScriptRuntime] [  LOG] [20:35:52.767] [_W7Probe]  W7:     FAILED id='menu-libs-loading-spinner_quad-loading' url=file://Media/Manialinks/Nadeo/CMGame/Components/LoadingSpinner/LoadingSpinner.dds visible=0 pos=65.5,-7.7 size=15x15
[   ScriptRuntime] [  LOG] [20:35:52.767] [_W7Probe]  W7:     FAILED id='menu-libs-loading-spinner_quad-loading' url=file://Media/Manialinks/Nadeo/CMGame/Components/LoadingSpinner/LoadingSpinner.dds visible=0 pos=12,-5 size=15x15
[   ScriptRuntime] [  LOG] [20:35:52.767] [_W7Probe]  W7:     FAILED id='menu-libs-loading-spinner_quad-loading' url=file://Media/Manialinks/Nadeo/CMGame/Components/LoadingSpinner/LoadingSpinner.dds visible=0 pos=12.2,-5 size=15x15
[   ScriptRuntime] [  LOG] [20:35:52.767] [_W7Probe]  W7:     FAILED id='menu-libs-loading-spinner_quad-loading' url=file://Media/Manialinks/Nadeo/CMGame/Components/LoadingSpinner/LoadingSpinner.dds visible=0 pos=-25.6271,12.1 size=15x15
[   ScriptRuntime] [  LOG] [20:35:52.767] [_W7Probe]  W7:     FAILED id='menu-libs-loading-spinner_quad-loading' url=file://Media/Manialinks/Nadeo/CMGame/Components/LoadingSpinner/LoadingSpinner.dds visible=1 pos=-33.3729,-32.5 size=15x15
[   ScriptRuntime] [  LOG] [20:35:52.767] [_W7Probe]  W7:     imageQuads=183 loaded=0 pending=0 failed=183
[   ScriptRuntime] [  LOG] [20:35:52.767] [_W7Probe]  W7: --- layer 5 attachId='Unassigned' type=1 visible=1 anim=0 scriptRunning=1 xmlLen=6629
[   ScriptRuntime] [  LOG] [20:35:52.767] [_W7Probe]  W7:     controls=0 mainFrame=ok
[   ScriptRuntime] [  LOG] [20:35:52.767] [_W7Probe]  W7:     imageQuads=0 loaded=0 pending=0 failed=0
[   ScriptRuntime] [  LOG] [20:35:52.767] [_W7Probe]  W7: --- layer 6 attachId='Unassigned' type=0 visible=1 anim=0 scriptRunning=1 xmlLen=8885
[   ScriptRuntime] [  LOG] [20:35:52.767] [_W7Probe]  W7:     controls=4 mainFrame=ok
[   ScriptRuntime] [  LOG] [20:35:52.767] [_W7Probe]  W7:     imageQuads=0 loaded=0 pending=0 failed=0
[   ScriptRuntime] [  LOG] [20:35:52.767] [_W7Probe]  W7: --- layer 7 attachId='Unassigned' type=0 visible=1 anim=0 scriptRunning=1 xmlLen=19490
[   ScriptRuntime] [  LOG] [20:35:52.767] [_W7Probe]  W7:     controls=30 mainFrame=ok
[   ScriptRuntime] [  LOG] [20:35:52.767] [_W7Probe]  W7:     FAILED id='expendable-asset_quad-left' url=file://Media/Manialinks/Nadeo/CMGame/Utils/ButtonStyles/Rounded/Common_Button_Start_Rounded.dds visible=1 pos=206.916,12.5 size=3.5x7
[   ScriptRuntime] [  LOG] [20:35:52.767] [_W7Probe]  W7:     FAILED id='expendable-asset_quad-left' url=file://Media/Manialinks/Nadeo/CMGame/Utils/ButtonStyles/Rounded/Common_Button_Start_Rounded.dds visible=1 pos=180.244,20.5 size=3.5x7
[   ScriptRuntime] [  LOG] [20:35:52.767] [_W7Probe]  W7:     FAILED id='expendable-asset_quad-left' url=file://Media/Manialinks/Nadeo/CMGame/Utils/ButtonStyles/Rounded/Common_Button_Start_Rounded.dds visible=1 pos=173.167,28.5 size=3.5x7
[   ScriptRuntime] [  LOG] [20:35:52.767] [_W7Probe]  W7:     imageQuads=3 loaded=0 pending=0 failed=3
[   ScriptRuntime] [  LOG] [20:35:52.767] [_W7Probe]  W7: --- layer 8 attachId='Unassigned' type=0 visible=1 anim=0 scriptRunning=1 xmlLen=33306
[   ScriptRuntime] [  LOG] [20:35:52.767] [_W7Probe]  W7:     controls=17 mainFrame=ok
[   ScriptRuntime] [  LOG] [20:35:52.767] [_W7Probe]  W7:     imageQuads=0 loaded=0 pending=0 failed=0
[   ScriptRuntime] [  LOG] [20:35:52.767] [_W7Probe]  W7: --- layer 9 attachId='Unassigned' type=0 visible=1 anim=0 scriptRunning=1 xmlLen=16873
[   ScriptRuntime] [  LOG] [20:35:52.767] [_W7Probe]  W7:     controls=7 mainFrame=ok
[   ScriptRuntime] [  LOG] [20:35:52.768] [_W7Probe]  W7:     imageQuads=0 loaded=0 pending=0 failed=0
[   ScriptRuntime] [  LOG] [20:35:52.768] [_W7Probe]  W7: --- layer 10 attachId='Unassigned' type=0 visible=1 anim=0 scriptRunning=1 xmlLen=9531
[   ScriptRuntime] [  LOG] [20:35:52.768] [_W7Probe]  W7:     controls=6 mainFrame=ok
[   ScriptRuntime] [  LOG] [20:35:52.768] [_W7Probe]  W7:     imageQuads=0 loaded=0 pending=0 failed=0
[   ScriptRuntime] [  LOG] [20:35:52.768] [_W7Probe]  W7: --- layer 11 attachId='Unassigned' type=0 visible=1 anim=0 scriptRunning=1 xmlLen=25337
[   ScriptRuntime] [  LOG] [20:35:52.768] [_W7Probe]  W7:     controls=47 mainFrame=ok
[   ScriptRuntime] [  LOG] [20:35:52.768] [_W7Probe]  W7:     FAILED id='menu-libs-loading-spinner_quad-loading' url=file://Media/Manialinks/Nadeo/CMGame/Components/LoadingSpinner/LoadingSpinner.dds visible=0 pos=-137,51.75 size=15x15
[   ScriptRuntime] [  LOG] [20:35:52.768] [_W7Probe]  W7:     FAILED id='menu-libs-loading-spinner_quad-loading' url=file://Media/Manialinks/Nadeo/CMGame/Components/LoadingSpinner/LoadingSpinner.dds visible=0 pos=-137,57.25 size=15x15
[   ScriptRuntime] [  LOG] [20:35:52.768] [_W7Probe]  W7:     FAILED id='menu-libs-loading-spinner_quad-loading' url=file://Media/Manialinks/Nadeo/CMGame/Components/LoadingSpinner/LoadingSpinner.dds visible=0 pos=-137,62.75 size=15x15
[   ScriptRuntime] [  LOG] [20:35:52.768] [_W7Probe]  W7:     FAILED id='menu-libs-loading-spinner_quad-loading' url=file://Media/Manialinks/Nadeo/CMGame/Components/LoadingSpinner/LoadingSpinner.dds visible=0 pos=-137,68.25 size=15x15
[   ScriptRuntime] [  LOG] [20:35:52.768] [_W7Probe]  W7:     FAILED id='menu-libs-loading-spinner_quad-loading' url=file://Media/Manialinks/Nadeo/CMGame/Components/LoadingSpinner/LoadingSpinner.dds visible=0 pos=-137,73.75 size=15x15
[   ScriptRuntime] [  LOG] [20:35:52.768] [_W7Probe]  W7:     imageQuads=5 loaded=0 pending=0 failed=5
[   ScriptRuntime] [  LOG] [20:35:52.768] [_W7Probe]  W7: --- layer 12 attachId='Unassigned' type=0 visible=1 anim=0 scriptRunning=1 xmlLen=248243
[   ScriptRuntime] [  LOG] [20:35:52.768] [_W7Probe]  W7:     controls=2574 mainFrame=ok
[   ScriptRuntime] [  LOG] [20:35:52.768] [_W7Probe]  W7:     FAILED id='menu-libs-scroll_quad-scroll-indicator' url=file://Media/Manialinks/Nadeo/CMGame/Utils/Icons/128x128/ICON_ARROW_BOTTOM_OBLIQUE.dds visible=0 pos=-84.8,-66.8 size=10x10
[   ScriptRuntime] [  LOG] [20:35:52.768] [_W7Probe]  W7:     FAILED id='menu-libs-scroll_quad-scroll-indicator' url=file://Media/Manialinks/Nadeo/CMGame/Utils/Icons/128x128/ICON_ARROW_BOTTOM_OBLIQUE.dds visible=0 pos=57.3,-66.8 size=10x10
[   ScriptRuntime] [  LOG] [20:35:52.768] [_W7Probe]  W7:     FAILED id='menu-libs-scroll_quad-scroll-indicator' url=file://Media/Manialinks/Nadeo/CMGame/Utils/Icons/128x128/ICON_ARROW_BOTTOM_OBLIQUE.dds visible=0 pos=-5.2,-66.8 size=10x10
[   ScriptRuntime] [  LOG] [20:35:52.768] [_W7Probe]  W7:     FAILED id='button-icon-2_quad-key-icon' url=file://Media/Manialinks/Nadeo/CMGame/Components/PadButtons/PC/ControllerInfo_PC_Base.dds visible=1 pos=107.19,-80.4 size=7.2x7.2
[   ScriptRuntime] [  LOG] [20:35:52.768] [_W7Probe]  W7:     FAILED id='button-icon-2_quad-key-icon' url=file://Media/Manialinks/Nadeo/CMGame/Components/PadButtons/PC/ControllerInfo_PC_Base.dds visible=1 pos=107.19,-80.4 size=7.2x7.2
[   ScriptRuntime] [  LOG] [20:35:52.768] [_W7Probe]  W7:     FAILED id='button-icon-2_quad-key-icon' url=file://Media/Manialinks/Nadeo/CMGame/Components/PadButtons/PC/ControllerInfo_PC_Base.dds visible=1 pos=107.19,-80.4 size=7.2x7.2
[   ScriptRuntime] [  LOG] [20:35:52.768] [_W7Probe]  W7:     FAILED id='button-icon-2_quad-key-icon' url=file://Media/Manialinks/Nadeo/CMGame/Components/PadButtons/PC/ControllerInfo_PC_Base.dds visible=1 pos=107.19,-80.4 size=7.2x7.2
[   ScriptRuntime] [  LOG] [20:35:52.768] [_W7Probe]  W7:     FAILED id='button-icon-2_quad-key-icon' url=file://Media/Manialinks/Nadeo/CMGame/Components/PadButtons/PC/ControllerInfo_PC_Base.dds visible=1 pos=107.19,-80.4 size=7.2x7.2
[   ScriptRuntime] [  LOG] [20:35:52.768] [_W7Probe]  W7:     FAILED id='button-icon-2_quad-key-icon' url=file://Media/Manialinks/Nadeo/CMGame/Components/PadButtons/PC/ControllerInfo_PC_Base.dds visible=1 pos=107.19,-80.4 size=7.2x7.2
[   ScriptRuntime] [  LOG] [20:35:52.768] [_W7Probe]  W7:     FAILED id='button-icon-2_quad-key-icon' url=file://Media/Manialinks/Nadeo/CMGame/Components/PadButtons/PC/ControllerInfo_PC_Base.dds visible=1 pos=107.19,-80.4 size=7.2x7.2
[   ScriptRuntime] [  LOG] [20:35:52.768] [_W7Probe]  W7:     FAILED id='button-icon-2_quad-key-icon' url=file://Media/Manialinks/Nadeo/CMGame/Components/PadButtons/PC/ControllerInfo_PC_Base.dds visible=1 pos=107.19,-80.4 size=7.2x7.2
[   ScriptRuntime] [  LOG] [20:35:52.768] [_W7Probe]  W7:     FAILED id='button-icon-2_quad-key-icon' url=file://Media/Manialinks/Nadeo/CMGame/Components/PadButtons/PC/ControllerInfo_PC_Base.dds visible=1 pos=107.19,-80.4 size=7.2x7.2
[   ScriptRuntime] [  LOG] [20:35:52.768] [_W7Probe]  W7:     FAILED id='button-icon-2_quad-key-icon' url=file://Media/Manialinks/Nadeo/CMGame/Components/PadButtons/PC/ControllerInfo_PC_Base.dds visible=1 pos=107.19,-80.4 size=7.2x7.2
[   ScriptRuntime] [  LOG] [20:35:52.768] [_W7Probe]  W7:     FAILED id='button-icon-2_quad-key-icon' url=file://Media/Manialinks/Nadeo/CMGame/Components/PadButtons/PC/ControllerInfo_PC_Base.dds visible=1 pos=107.19,-80.4 size=7.2x7.2
[   ScriptRuntime] [  LOG] [20:35:52.768] [_W7Probe]  W7:     FAILED id='button-icon-2_quad-key-icon' url=file://Media/Manialinks/Nadeo/CMGame/Components/PadButtons/PC/ControllerInfo_PC_Base.dds visible=1 pos=107.19,-80.4 size=7.2x7.2
[   ScriptRuntime] [  LOG] [20:35:52.768] [_W7Probe]  W7:     FAILED id='button-icon-2_quad-key-icon' url=file://Media/Manialinks/Nadeo/CMGame/Components/PadButtons/PC/ControllerInfo_PC_Base.dds visible=1 pos=107.19,-80.4 size=7.2x7.2
[   ScriptRuntime] [  LOG] [20:35:52.768] [_W7Probe]  W7:     FAILED id='button-icon-2_quad-key-icon' url=file://Media/Manialinks/Nadeo/CMGame/Components/PadButtons/PC/ControllerInfo_PC_Base.dds visible=1 pos=107.19,-80.4 size=7.2x7.2
[   ScriptRuntime] [  LOG] [20:35:52.768] [_W7Probe]  W7:     FAILED id='button-icon-2_quad-key-icon' url=file://Media/Manialinks/Nadeo/CMGame/Components/PadButtons/PC/ControllerInfo_PC_Base.dds visible=1 pos=107.19,-80.4 size=7.2x7.2
[   ScriptRuntime] [  LOG] [20:35:52.768] [_W7Probe]  W7:     FAILED id='button-icon-2_quad-key-icon' url=file://Media/Manialinks/Nadeo/CMGame/Components/PadButtons/PC/ControllerInfo_PC_Base.dds visible=1 pos=107.19,-80.4 size=7.2x7.2
[   ScriptRuntime] [  LOG] [20:35:52.768] [_W7Probe]  W7:     FAILED id='button-icon-2_quad-key-icon' url=file://Media/Manialinks/Nadeo/CMGame/Components/PadButtons/PC/ControllerInfo_PC_Base.dds visible=1 pos=107.19,-80.4 size=7.2x7.2
[   ScriptRuntime] [  LOG] [20:35:52.768] [_W7Probe]  W7:     FAILED id='button-icon-2_quad-key-icon' url=file://Media/Manialinks/Nadeo/CMGame/Components/PadButtons/PC/ControllerInfo_PC_Base.dds visible=1 pos=107.19,-80.4 size=7.2x7.2
[   ScriptRuntime] [  LOG] [20:35:52.768] [_W7Probe]  W7:     FAILED id='button-icon-2_quad-key-icon' url=file://Media/Manialinks/Nadeo/CMGame/Components/PadButtons/PC/ControllerInfo_PC_Base.dds visible=1 pos=135.565,-80.4 size=7.2x7.2
[   ScriptRuntime] [  LOG] [20:35:52.768] [_W7Probe]  W7:     FAILED id='button-icon-2_quad-key-icon' url=file://Media/Manialinks/Nadeo/CMGame/Components/PadButtons/PC/ControllerInfo_PC_Enter.dds visible=1 pos=107.19,-80.4 size=7.2x7.2
[   ScriptRuntime] [  LOG] [20:35:52.769] [_W7Probe]  W7:     FAILED id='menu-libs-loading-spinner_quad-loading' url=file://Media/Manialinks/Nadeo/CMGame/Components/LoadingSpinner/LoadingSpinner.dds visible=0 pos=-90.745,-67.3195 size=15x15
[   ScriptRuntime] [  LOG] [20:35:52.769] [_W7Probe]  W7:     FAILED id='menu-libs-loading-spinner_quad-loading' url=file://Media/Manialinks/Nadeo/CMGame/Components/LoadingSpinner/LoadingSpinner.dds visible=0 pos=22.4675,-58.155 size=15x15
[   ScriptRuntime] [  LOG] [20:35:52.769] [_W7Probe]  W7:     FAILED id='menu-libs-loading-spinner_quad-loading' url=file://Media/Manialinks/Nadeo/CMGame/Components/LoadingSpinner/LoadingSpinner.dds visible=0 pos=23.8958,-50.055 size=15x15
[   ScriptRuntime] [  LOG] [20:35:52.769] [_W7Probe]  W7:     FAILED id='menu-libs-loading-spinner_quad-loading' url=file://Media/Manialinks/Nadeo/CMGame/Components/LoadingSpinner/LoadingSpinner.dds visible=0 pos=25.324,-41.955 size=15x15
[   ScriptRuntime] [  LOG] [20:35:52.769] [_W7Probe]  W7:     FAILED id='menu-libs-loading-spinner_quad-loading' url=file://Media/Manialinks/Nadeo/CMGame/Components/LoadingSpinner/LoadingSpinner.dds visible=0 pos=26.7523,-33.855 size=15x15
[   ScriptRuntime] [  LOG] [20:35:52.769] [_W7Probe]  W7:     FAILED id='menu-libs-loading-spinner_quad-loading' url=file://Media/Manialinks/Nadeo/CMGame/Components/LoadingSpinner/LoadingSpinner.dds visible=0 pos=28.1805,-25.755 size=15x15
[   ScriptRuntime] [  LOG] [20:35:52.769] [_W7Probe]  W7:     FAILED id='menu-libs-loading-spinner_quad-loading' url=file://Media/Manialinks/Nadeo/CMGame/Components/LoadingSpinner/LoadingSpinner.dds visible=0 pos=29.6088,-17.655 size=15x15
[   ScriptRuntime] [  LOG] [20:35:52.769] [_W7Probe]  W7:     FAILED id='menu-libs-loading-spinner_quad-loading' url=file://Media/Manialinks/Nadeo/CMGame/Components/LoadingSpinner/LoadingSpinner.dds visible=0 pos=31.037,-9.555 size=15x15
[   ScriptRuntime] [  LOG] [20:35:52.769] [_W7Probe]  W7:     FAILED id='menu-libs-loading-spinner_quad-loading' url=file://Media/Manialinks/Nadeo/CMGame/Components/LoadingSpinner/LoadingSpinner.dds visible=0 pos=32.4653,-1.455 size=15x15
[   ScriptRuntime] [  LOG] [20:35:52.769] [_W7Probe]  W7:     FAILED id='menu-libs-loading-spinner_quad-loading' url=file://Media/Manialinks/Nadeo/CMGame/Components/LoadingSpinner/LoadingSpinner.dds visible=0 pos=33.8935,6.645 size=15x15
[   ScriptRuntime] [  LOG] [20:35:52.769] [_W7Probe]  W7:     FAILED id='menu-libs-loading-spinner_quad-loading' url=file://Media/Manialinks/Nadeo/CMGame/Components/LoadingSpinner/LoadingSpinner.dds visible=0 pos=35.3218,14.745 size=15x15
[   ScriptRuntime] [  LOG] [20:35:52.769] [_W7Probe]  W7:     FAILED id='menu-libs-loading-spinner_quad-loading' url=file://Media/Manialinks/Nadeo/CMGame/Components/LoadingSpinner/LoadingSpinner.dds visible=0 pos=36.75,22.845 size=15x15
[   ScriptRuntime] [  LOG] [20:35:52.769] [_W7Probe]  W7:     FAILED id='menu-libs-loading-spinner_quad-loading' url=file://Media/Manialinks/Nadeo/CMGame/Components/LoadingSpinner/LoadingSpinner.dds visible=0 pos=-119.632,-58.155 size=15x15
[   ScriptRuntime] [  LOG] [20:35:52.769] [_W7Probe]  W7:     FAILED id='menu-libs-loading-spinner_quad-loading' url=file://Media/Manialinks/Nadeo/CMGame/Components/LoadingSpinner/LoadingSpinner.dds visible=0 pos=-118.204,-50.055 size=15x15
[   ScriptRuntime] [  LOG] [20:35:52.769] [_W7Probe]  W7:     FAILED id='menu-libs-loading-spinner_quad-loading' url=file://Media/Manialinks/Nadeo/CMGame/Components/LoadingSpinner/LoadingSpinner.dds visible=0 pos=-116.776,-41.955 size=15x15
[   ScriptRuntime] [  LOG] [20:35:52.769] [_W7Probe]  W7:     FAILED id='menu-libs-loading-spinner_quad-loading' url=file://Media/Manialinks/Nadeo/CMGame/Components/LoadingSpinner/LoadingSpinner.dds visible=0 pos=-115.348,-33.855 size=15x15
[   ScriptRuntime] [  LOG] [20:35:52.769] [_W7Probe]  W7:     FAILED id='menu-libs-loading-spinner_quad-loading' url=file://Media/Manialinks/Nadeo/CMGame/Components/LoadingSpinner/LoadingSpinner.dds visible=0 pos=-113.92,-25.755 size=15x15
[   ScriptRuntime] [  LOG] [20:35:52.769] [_W7Probe]  W7:     FAILED id='menu-libs-loading-spinner_quad-loading' url=file://Media/Manialinks/Nadeo/CMGame/Components/LoadingSpinner/LoadingSpinner.dds visible=0 pos=-112.491,-17.655 size=15x15
[   ScriptRuntime] [  LOG] [20:35:52.769] [_W7Probe]  W7:     FAILED id='menu-libs-loading-spinner_quad-loading' url=file://Media/Manialinks/Nadeo/CMGame/Components/LoadingSpinner/LoadingSpinner.dds visible=0 pos=-111.063,-9.555 size=15x15
[   ScriptRuntime] [  LOG] [20:35:52.769] [_W7Probe]  W7:     FAILED id='menu-libs-loading-spinner_quad-loading' url=file://Media/Manialinks/Nadeo/CMGame/Components/LoadingSpinner/LoadingSpinner.dds visible=0 pos=-109.635,-1.455 size=15x15
[   ScriptRuntime] [  LOG] [20:35:52.769] [_W7Probe]  W7:     FAILED id='menu-libs-loading-spinner_quad-loading' url=file://Media/Manialinks/Nadeo/CMGame/Components/LoadingSpinner/LoadingSpinner.dds visible=0 pos=-108.207,6.645 size=15x15
[   ScriptRuntime] [  LOG] [20:35:52.769] [_W7Probe]  W7:     FAILED id='menu-libs-loading-spinner_quad-loading' url=file://Media/Manialinks/Nadeo/CMGame/Components/LoadingSpinner/LoadingSpinner.dds visible=0 pos=-106.778,14.745 size=15x15
[   ScriptRuntime] [  LOG] [20:35:52.769] [_W7Probe]  W7:     FAILED id='menu-libs-loading-spinner_quad-loading' url=file://Media/Manialinks/Nadeo/CMGame/Components/LoadingSpinner/LoadingSpinner.dds visible=0 pos=-105.35,22.845 size=15x15
[   ScriptRuntime] [  LOG] [20:35:52.769] [_W7Probe]  W7:     FAILED id='menu-libs-loading-spinner_quad-loading' url=file://Media/Manialinks/Nadeo/CMGame/Components/LoadingSpinner/LoadingSpinner.dds visible=0 pos=-100.032,-58.155 size=15x15
[   ScriptRuntime] [  LOG] [20:35:52.769] [_W7Probe]  W7:     FAILED id='menu-libs-loading-spinner_quad-loading' url=file://Media/Manialinks/Nadeo/CMGame/Components/LoadingSpinner/LoadingSpinner.dds visible=0 pos=-98.6042,-50.055 size=15x15
[   ScriptRuntime] [  LOG] [20:35:52.769] [_W7Probe]  W7:     FAILED id='menu-libs-loading-spinner_quad-loading' url=file://Media/Manialinks/Nadeo/CMGame/Components/LoadingSpinner/LoadingSpinner.dds visible=0 pos=-97.176,-41.955 size=15x15
[   ScriptRuntime] [  LOG] [20:35:52.769] [_W7Probe]  W7:     FAILED id='menu-libs-loading-spinner_quad-loading' url=file://Media/Manialinks/Nadeo/CMGame/Components/LoadingSpinner/LoadingSpinner.dds visible=0 pos=-95.7477,-33.855 size=15x15
[   ScriptRuntime] [  LOG] [20:35:52.769] [_W7Probe]  W7:     FAILED id='menu-libs-loading-spinner_quad-loading' url=file://Media/Manialinks/Nadeo/CMGame/Components/LoadingSpinner/LoadingSpinner.dds visible=0 pos=-94.3195,-25.755 size=15x15
[   ScriptRuntime] [  LOG] [20:35:52.769] [_W7Probe]  W7:     FAILED id='menu-libs-loading-spinner_quad-loading' url=file://Media/Manialinks/Nadeo/CMGame/Components/LoadingSpinner/LoadingSpinner.dds visible=0 pos=-92.8912,-17.655 size=15x15
[   ScriptRuntime] [  LOG] [20:35:52.769] [_W7Probe]  W7:     FAILED id='menu-libs-loading-spinner_quad-loading' url=file://Media/Manialinks/Nadeo/CMGame/Components/LoadingSpinner/LoadingSpinner.dds visible=0 pos=-91.463,-9.555 size=15x15
[   ScriptRuntime] [  LOG] [20:35:52.769] [_W7Probe]  W7:     FAILED id='menu-libs-loading-spinner_quad-loading' url=file://Media/Manialinks/Nadeo/CMGame/Components/LoadingSpinner/LoadingSpinner.dds visible=0 pos=-90.0347,-1.455 size=15x15
[   ScriptRuntime] [  LOG] [20:35:52.769] [_W7Probe]  W7:     FAILED id='menu-libs-loading-spinner_quad-loading' url=file://Media/Manialinks/Nadeo/CMGame/Components/LoadingSpinner/LoadingSpinner.dds visible=0 pos=-88.6065,6.645 size=15x15
[   ScriptRuntime] [  LOG] [20:35:52.769] [_W7Probe]  W7:     FAILED id='menu-libs-loading-spinner_quad-loading' url=file://Media/Manialinks/Nadeo/CMGame/Components/LoadingSpinner/LoadingSpinner.dds visible=0 pos=-87.1782,14.745 size=15x15
[   ScriptRuntime] [  LOG] [20:35:52.769] [_W7Probe]  W7:     FAILED id='menu-libs-loading-spinner_quad-loading' url=file://Media/Manialinks/Nadeo/CMGame/Components/LoadingSpinner/LoadingSpinner.dds visible=0 pos=-85.75,22.845 size=15x15
[   ScriptRuntime] [  LOG] [20:35:52.769] [_W7Probe]  W7:     FAILED id='menu-libs-expendable-button_quad-button-icon' url=file://Media/Manialinks/Nadeo/CMGame/Utils/Icons/128x128/icons_128_settings_voice_off.dds visible=1 pos=191.233,-61.3 size=5.6x5.6
[   ScriptRuntime] [  LOG] [20:35:52.770] [_W7Probe]  W7:     FAILED id='menu-libs-expendable-button_quad-focus-right' url=file://Media/Manialinks/Nadeo/CMGame/Utils/ButtonStyles/Straight/Common_Button_Contour_End_Straight.dds visible=1 pos=192.233,-57.8 size=3.5x7
[   ScriptRuntime] [  LOG] [20:35:52.770] [_W7Probe]  W7:     FAILED id='menu-libs-expendable-button_quad-focus-center' url=file://Media/Manialinks/Nadeo/CMGame/Utils/ButtonStyles/Straight/Common_Button_Contour_Middle.dds visible=1 pos=190.233,-57.8 size=2x7
[   ScriptRuntime] [  LOG] [20:35:52.770] [_W7Probe]  W7:     FAILED id='menu-libs-expendable-button_quad-focus-left' url=file://Media/Manialinks/Nadeo/CMGame/Utils/ButtonStyles/Straight/Common_Button_Contour_Start_Straight.dds visible=1 pos=186.733,-57.8 size=3.5x7
[   ScriptRuntime] [  LOG] [20:35:52.770] [_W7Probe]  W7:     FAILED id='menu-libs-expendable-button_quad-bg-right' url=file://Media/Manialinks/Nadeo/CMGame/Utils/ButtonStyles/Straight/Common_Button_End_Straight.dds visible=1 pos=192.233,-57.8 size=3.5x7
[   ScriptRuntime] [  LOG] [20:35:52.770] [_W7Probe]  W7:     FAILED id='menu-libs-expendable-button_quad-bg-left' url=file://Media/Manialinks/Nadeo/CMGame/Utils/ButtonStyles/Straight/Common_Button_Start_Straight.dds visible=1 pos=186.733,-57.8 size=3.5x7
[   ScriptRuntime] [  LOG] [20:35:52.770] [_W7Probe]  W7:     FAILED id='menu-libs-expendable-button_quad-button-icon' url=file://Media/Manialinks/Nadeo/CMGame/Utils/Icons/128x128/icons_128_HUD_Cam_follow_inc.dds visible=1 pos=182.232,-61.3 size=5.6x5.6
[   ScriptRuntime] [  LOG] [20:35:52.770] [_W7Probe]  W7:     FAILED id='menu-libs-expendable-button_quad-focus-right' url=file://Media/Manialinks/Nadeo/CMGame/Utils/ButtonStyles/Straight/Common_Button_Contour_End_Straight.dds visible=1 pos=183.232,-57.8 size=3.5x7
[   ScriptRuntime] [  LOG] [20:35:52.770] [_W7Probe]  W7:     FAILED id='menu-libs-expendable-button_quad-focus-center' url=file://Media/Manialinks/Nadeo/CMGame/Utils/ButtonStyles/Straight/Common_Button_Contour_Middle.dds visible=1 pos=181.232,-57.8 size=2x7
[   ScriptRuntime] [  LOG] [20:35:52.770] [_W7Probe]  W7:     FAILED id='menu-libs-expendable-button_quad-focus-left' url=file://Media/Manialinks/Nadeo/CMGame/Utils/ButtonStyles/Straight/Common_Button_Contour_Start_Straight.dds visible=1 pos=177.733,-57.8 size=3.5x7
[   ScriptRuntime] [  LOG] [20:35:52.770] [_W7Probe]  W7:     FAILED id='menu-libs-expendable-button_quad-bg-right' url=file://Media/Manialinks/Nadeo/CMGame/Utils/ButtonStyles/Straight/Common_Button_End_Straight.dds visible=1 pos=183.232,-57.8 size=3.5x7
[   ScriptRuntime] [  LOG] [20:35:52.770] [_W7Probe]  W7:     FAILED id='menu-libs-expendable-button_quad-bg-left' url=file://Media/Manialinks/Nadeo/CMGame/Utils/ButtonStyles/Straight/Common_Button_Start_Straight.dds visible=1 pos=177.733,-57.8 size=3.5x7
[   ScriptRuntime] [  LOG] [20:35:52.770] [_W7Probe]  W7:     FAILED id='menu-libs-expendable-button_quad-button-icon' url=file://Media/Manialinks/Nadeo/CMGame/Utils/Icons/128x128/icons_128_profile_inc.dds visible=1 pos=173.232,-61.3 size=5.6x5.6
[   ScriptRuntime] [  LOG] [20:35:52.770] [_W7Probe]  W7:     FAILED id='menu-libs-expendable-button_quad-focus-right' url=file://Media/Manialinks/Nadeo/CMGame/Utils/ButtonStyles/Straight/Common_Button_Contour_End_Straight.dds visible=1 pos=174.232,-57.8 size=3.5x7
[   ScriptRuntime] [  LOG] [20:35:52.770] [_W7Probe]  W7:     FAILED id='menu-libs-expendable-button_quad-focus-center' url=file://Media/Manialinks/Nadeo/CMGame/Utils/ButtonStyles/Straight/Common_Button_Contour_Middle.dds visible=1 pos=172.232,-57.8 size=2x7
[   ScriptRuntime] [  LOG] [20:35:52.770] [_W7Probe]  W7:     FAILED id='menu-libs-expendable-button_quad-focus-left' url=file://Media/Manialinks/Nadeo/CMGame/Utils/ButtonStyles/Straight/Common_Button_Contour_Start_Straight.dds visible=1 pos=168.732,-57.8 size=3.5x7
[   ScriptRuntime] [  LOG] [20:35:52.770] [_W7Probe]  W7:     FAILED id='menu-libs-expendable-button_quad-bg-right' url=file://Media/Manialinks/Nadeo/CMGame/Utils/ButtonStyles/Straight/Common_Button_End_Straight.dds visible=1 pos=174.232,-57.8 size=3.5x7
[   ScriptRuntime] [  LOG] [20:35:52.770] [_W7Probe]  W7:     FAILED id='menu-libs-expendable-button_quad-bg-left' url=file://Media/Manialinks/Nadeo/CMGame/Utils/ButtonStyles/Straight/Common_Button_Start_Straight.dds visible=1 pos=168.732,-57.8 size=3.5x7
[   ScriptRuntime] [  LOG] [20:35:52.770] [_W7Probe]  W7:     FAILED id='menu-libs-expendable-button_quad-button-icon' url=file://Media/Manialinks/Nadeo/CMGame/Utils/Icons/128x128/icons_128_settings_voice_off.dds visible=1 pos=192.661,-53.2 size=5.6x5.6
[   ScriptRuntime] [  LOG] [20:35:52.770] [_W7Probe]  W7:     FAILED id='menu-libs-expendable-button_quad-focus-right' url=file://Media/Manialinks/Nadeo/CMGame/Utils/ButtonStyles/Straight/Common_Button_Contour_End_Straight.dds visible=1 pos=193.661,-49.7 size=3.5x7
[   ScriptRuntime] [  LOG] [20:35:52.770] [_W7Probe]  W7:     FAILED id='menu-libs-expendable-button_quad-focus-center' url=file://Media/Manialinks/Nadeo/CMGame/Utils/ButtonStyles/Straight/Common_Button_Contour_Middle.dds visible=1 pos=191.661,-49.7 size=2x7
[   ScriptRuntime] [  LOG] [20:35:52.770] [_W7Probe]  W7:     FAILED id='menu-libs-expendable-button_quad-focus-left' url=file://Media/Manialinks/Nadeo/CMGame/Utils/ButtonStyles/Straight/Common_Button_Contour_Start_Straight.dds visible=1 pos=188.161,-49.7 size=3.5x7
[   ScriptRuntime] [  LOG] [20:35:52.770] [_W7Probe]  W7:     FAILED id='menu-libs-expendable-button_quad-bg-right' url=file://Media/Manialinks/Nadeo/CMGame/Utils/ButtonStyles/Straight/Common_Button_End_Straight.dds visible=1 pos=193.661,-49.7 size=3.5x7
[   ScriptRuntime] [  LOG] [20:35:52.770] [_W7Probe]  W7:     FAILED id='menu-libs-expendable-button_quad-bg-left' url=file://Media/Manialinks/Nadeo/CMGame/Utils/ButtonStyles/Straight/Common_Button_Start_Straight.dds visible=1 pos=188.161,-49.7 size=3.5x7
[   ScriptRuntime] [  LOG] [20:35:52.770] [_W7Probe]  W7:     FAILED id='menu-libs-expendable-button_quad-button-icon' url=file://Media/Manialinks/Nadeo/CMGame/Utils/Icons/128x128/icons_128_HUD_Cam_follow_inc.dds visible=1 pos=183.661,-53.2 size=5.6x5.6
[   ScriptRuntime] [  LOG] [20:35:52.770] [_W7Probe]  W7:     FAILED id='menu-libs-expendable-button_quad-focus-right' url=file://Media/Manialinks/Nadeo/CMGame/Utils/ButtonStyles/Straight/Common_Button_Contour_End_Straight.dds visible=1 pos=184.661,-49.7 size=3.5x7
[   ScriptRuntime] [  LOG] [20:35:52.770] [_W7Probe]  W7:     FAILED id='menu-libs-expendable-button_quad-focus-center' url=file://Media/Manialinks/Nadeo/CMGame/Utils/ButtonStyles/Straight/Common_Button_Contour_Middle.dds visible=1 pos=182.661,-49.7 size=2x7
[   ScriptRuntime] [  LOG] [20:35:52.770] [_W7Probe]  W7:     FAILED id='menu-libs-expendable-button_quad-focus-left' url=file://Media/Manialinks/Nadeo/CMGame/Utils/ButtonStyles/Straight/Common_Button_Contour_Start_Straight.dds visible=1 pos=179.161,-49.7 size=3.5x7
[   ScriptRuntime] [  LOG] [20:35:52.770] [_W7Probe]  W7:     FAILED id='menu-libs-expendable-button_quad-bg-right' url=file://Media/Manialinks/Nadeo/CMGame/Utils/ButtonStyles/Straight/Common_Button_End_Straight.dds visible=1 pos=184.661,-49.7 size=3.5x7
[   ScriptRuntime] [  LOG] [20:35:52.770] [_W7Probe]  W7:     FAILED id='menu-libs-expendable-button_quad-bg-left' url=file://Media/Manialinks/Nadeo/CMGame/Utils/ButtonStyles/Straight/Common_Button_Start_Straight.dds visible=1 pos=179.161,-49.7 size=3.5x7
[   ScriptRuntime] [  LOG] [20:35:52.770] [_W7Probe]  W7:     FAILED id='menu-libs-expendable-button_quad-button-icon' url=file://Media/Manialinks/Nadeo/CMGame/Utils/Icons/128x128/icons_128_profile_inc.dds visible=1 pos=174.661,-53.2 size=5.6x5.6
[   ScriptRuntime] [  LOG] [20:35:52.770] [_W7Probe]  W7:     FAILED id='menu-libs-expendable-button_quad-focus-right' url=file://Media/Manialinks/Nadeo/CMGame/Utils/ButtonStyles/Straight/Common_Button_Contour_End_Straight.dds visible=1 pos=175.661,-49.7 size=3.5x7
[   ScriptRuntime] [  LOG] [20:35:52.770] [_W7Probe]  W7:     FAILED id='menu-libs-expendable-button_quad-focus-center' url=file://Media/Manialinks/Nadeo/CMGame/Utils/ButtonStyles/Straight/Common_Button_Contour_Middle.dds visible=1 pos=173.661,-49.7 size=2x7
[   ScriptRuntime] [  LOG] [20:35:52.770] [_W7Probe]  W7:     FAILED id='menu-libs-expendable-button_quad-focus-left' url=file://Media/Manialinks/Nadeo/CMGame/Utils/ButtonStyles/Straight/Common_Button_Contour_Start_Straight.dds visible=1 pos=170.161,-49.7 size=3.5x7
[   ScriptRuntime] [  LOG] [20:35:52.770] [_W7Probe]  W7:     FAILED id='menu-libs-expendable-button_quad-bg-right' url=file://Media/Manialinks/Nadeo/CMGame/Utils/ButtonStyles/Straight/Common_Button_End_Straight.dds visible=1 pos=175.661,-49.7 size=3.5x7
[   ScriptRuntime] [  LOG] [20:35:52.770] [_W7Probe]  W7:     FAILED id='menu-libs-expendable-button_quad-bg-left' url=file://Media/Manialinks/Nadeo/CMGame/Utils/ButtonStyles/Straight/Common_Button_Start_Straight.dds visible=1 pos=170.161,-49.7 size=3.5x7
[   ScriptRuntime] [  LOG] [20:35:52.770] [_W7Probe]  W7:     FAILED id='menu-libs-expendable-button_quad-button-icon' url=file://Media/Manialinks/Nadeo/CMGame/Utils/Icons/128x128/icons_128_settings_voice_off.dds visible=1 pos=194.089,-45.1 size=5.6x5.6
[   ScriptRuntime] [  LOG] [20:35:52.770] [_W7Probe]  W7:     FAILED id='menu-libs-expendable-button_quad-focus-right' url=file://Media/Manialinks/Nadeo/CMGame/Utils/ButtonStyles/Straight/Common_Button_Contour_End_Straight.dds visible=1 pos=195.089,-41.6 size=3.5x7
[   ScriptRuntime] [  LOG] [20:35:52.770] [_W7Probe]  W7:     FAILED id='menu-libs-expendable-button_quad-focus-center' url=file://Media/Manialinks/Nadeo/CMGame/Utils/ButtonStyles/Straight/Common_Button_Contour_Middle.dds visible=1 pos=193.089,-41.6 size=2x7
[   ScriptRuntime] [  LOG] [20:35:52.770] [_W7Probe]  W7:     FAILED id='menu-libs-expendable-button_quad-focus-left' url=file://Media/Manialinks/Nadeo/CMGame/Utils/ButtonStyles/Straight/Common_Button_Contour_Start_Straight.dds visible=1 pos=189.589,-41.6 size=3.5x7
[   ScriptRuntime] [  LOG] [20:35:52.770] [_W7Probe]  W7:     FAILED id='menu-libs-expendable-button_quad-bg-right' url=file://Media/Manialinks/Nadeo/CMGame/Utils/ButtonStyles/Straight/Common_Button_End_Straight.dds visible=1 pos=195.089,-41.6 size=3.5x7
[   ScriptRuntime] [  LOG] [20:35:52.770] [_W7Probe]  W7:     FAILED id='menu-libs-expendable-button_quad-bg-left' url=file://Media/Manialinks/Nadeo/CMGame/Utils/ButtonStyles/Straight/Common_Button_Start_Straight.dds visible=1 pos=189.589,-41.6 size=3.5x7
[   ScriptRuntime] [  LOG] [20:35:52.770] [_W7Probe]  W7:     FAILED id='menu-libs-expendable-button_quad-button-icon' url=file://Media/Manialinks/Nadeo/CMGame/Utils/Icons/128x128/icons_128_HUD_Cam_follow_inc.dds visible=1 pos=185.089,-45.1 size=5.6x5.6
[   ScriptRuntime] [  LOG] [20:35:52.770] [_W7Probe]  W7:     FAILED id='menu-libs-expendable-button_quad-focus-right' url=file://Media/Manialinks/Nadeo/CMGame/Utils/ButtonStyles/Straight/Common_Button_Contour_End_Straight.dds visible=1 pos=186.089,-41.6 size=3.5x7
[   ScriptRuntime] [  LOG] [20:35:52.770] [_W7Probe]  W7:     FAILED id='menu-libs-expendable-button_quad-focus-center' url=file://Media/Manialinks/Nadeo/CMGame/Utils/ButtonStyles/Straight/Common_Button_Contour_Middle.dds visible=1 pos=184.089,-41.6 size=2x7
[   ScriptRuntime] [  LOG] [20:35:52.770] [_W7Probe]  W7:     FAILED id='menu-libs-expendable-button_quad-focus-left' url=file://Media/Manialinks/Nadeo/CMGame/Utils/ButtonStyles/Straight/Common_Button_Contour_Start_Straight.dds visible=1 pos=180.589,-41.6 size=3.5x7
[   ScriptRuntime] [  LOG] [20:35:52.770] [_W7Probe]  W7:     FAILED id='menu-libs-expendable-button_quad-bg-right' url=file://Media/Manialinks/Nadeo/CMGame/Utils/ButtonStyles/Straight/Common_Button_End_Straight.dds visible=1 pos=186.089,-41.6 size=3.5x7
[   ScriptRuntime] [  LOG] [20:35:52.770] [_W7Probe]  W7:     FAILED id='menu-libs-expendable-button_quad-bg-left' url=file://Media/Manialinks/Nadeo/CMGame/Utils/ButtonStyles/Straight/Common_Button_Start_Straight.dds visible=1 pos=180.589,-41.6 size=3.5x7
[   ScriptRuntime] [  LOG] [20:35:52.770] [_W7Probe]  W7:     FAILED id='menu-libs-expendable-button_quad-button-icon' url=file://Media/Manialinks/Nadeo/CMGame/Utils/Icons/128x128/icons_128_profile_inc.dds visible=1 pos=176.089,-45.1 size=5.6x5.6
[   ScriptRuntime] [  LOG] [20:35:52.770] [_W7Probe]  W7:     FAILED id='menu-libs-expendable-button_quad-focus-right' url=file://Media/Manialinks/Nadeo/CMGame/Utils/ButtonStyles/Straight/Common_Button_Contour_End_Straight.dds visible=1 pos=177.089,-41.6 size=3.5x7
[   ScriptRuntime] [  LOG] [20:35:52.770] [_W7Probe]  W7:     FAILED id='menu-libs-expendable-button_quad-focus-center' url=file://Media/Manialinks/Nadeo/CMGame/Utils/ButtonStyles/Straight/Common_Button_Contour_Middle.dds visible=1 pos=175.089,-41.6 size=2x7
[   ScriptRuntime] [  LOG] [20:35:52.770] [_W7Probe]  W7:     FAILED id='menu-libs-expendable-button_quad-focus-left' url=file://Media/Manialinks/Nadeo/CMGame/Utils/ButtonStyles/Straight/Common_Button_Contour_Start_Straight.dds visible=1 pos=171.589,-41.6 size=3.5x7
[   ScriptRuntime] [  LOG] [20:35:52.770] [_W7Probe]  W7:     FAILED id='menu-libs-expendable-button_quad-bg-right' url=file://Media/Manialinks/Nadeo/CMGame/Utils/ButtonStyles/Straight/Common_Button_End_Straight.dds visible=1 pos=177.089,-41.6 size=3.5x7
[   ScriptRuntime] [  LOG] [20:35:52.770] [_W7Probe]  W7:     FAILED id='menu-libs-expendable-button_quad-bg-left' url=file://Media/Manialinks/Nadeo/CMGame/Utils/ButtonStyles/Straight/Common_Button_Start_Straight.dds visible=1 pos=171.589,-41.6 size=3.5x7
[   ScriptRuntime] [  LOG] [20:35:52.770] [_W7Probe]  W7:     FAILED id='menu-libs-expendable-button_quad-button-icon' url=file://Media/Manialinks/Nadeo/CMGame/Utils/Icons/128x128/icons_128_settings_voice_off.dds visible=1 pos=195.517,-37 size=5.6x5.6
[   ScriptRuntime] [  LOG] [20:35:52.770] [_W7Probe]  W7:     FAILED id='menu-libs-expendable-button_quad-focus-right' url=file://Media/Manialinks/Nadeo/CMGame/Utils/ButtonStyles/Straight/Common_Button_Contour_End_Straight.dds visible=1 pos=196.517,-33.5 size=3.5x7
[   ScriptRuntime] [  LOG] [20:35:52.771] [_W7Probe]  W7:     FAILED id='menu-libs-expendable-button_quad-focus-center' url=file://Media/Manialinks/Nadeo/CMGame/Utils/ButtonStyles/Straight/Common_Button_Contour_Middle.dds visible=1 pos=194.517,-33.5 size=2x7
[   ScriptRuntime] [  LOG] [20:35:52.771] [_W7Probe]  W7:     FAILED id='menu-libs-expendable-button_quad-focus-left' url=file://Media/Manialinks/Nadeo/CMGame/Utils/ButtonStyles/Straight/Common_Button_Contour_Start_Straight.dds visible=1 pos=191.017,-33.5 size=3.5x7
[   ScriptRuntime] [  LOG] [20:35:52.771] [_W7Probe]  W7:     FAILED id='menu-libs-expendable-button_quad-bg-right' url=file://Media/Manialinks/Nadeo/CMGame/Utils/ButtonStyles/Straight/Common_Button_End_Straight.dds visible=1 pos=196.517,-33.5 size=3.5x7
[   ScriptRuntime] [  LOG] [20:35:52.771] [_W7Probe]  W7:     FAILED id='menu-libs-expendable-button_quad-bg-left' url=file://Media/Manialinks/Nadeo/CMGame/Utils/ButtonStyles/Straight/Common_Button_Start_Straight.dds visible=1 pos=191.017,-33.5 size=3.5x7
[   ScriptRuntime] [  LOG] [20:35:52.771] [_W7Probe]  W7:     FAILED id='menu-libs-expendable-button_quad-button-icon' url=file://Media/Manialinks/Nadeo/CMGame/Utils/Icons/128x128/icons_128_HUD_Cam_follow_inc.dds visible=1 pos=186.517,-37 size=5.6x5.6
[   ScriptRuntime] [  LOG] [20:35:52.771] [_W7Probe]  W7:     FAILED id='menu-libs-expendable-button_quad-focus-right' url=file://Media/Manialinks/Nadeo/CMGame/Utils/ButtonStyles/Straight/Common_Button_Contour_End_Straight.dds visible=1 pos=187.517,-33.5 size=3.5x7
[   ScriptRuntime] [  LOG] [20:35:52.771] [_W7Probe]  W7:     FAILED id='menu-libs-expendable-button_quad-focus-center' url=file://Media/Manialinks/Nadeo/CMGame/Utils/ButtonStyles/Straight/Common_Button_Contour_Middle.dds visible=1 pos=185.517,-33.5 size=2x7
[   ScriptRuntime] [  LOG] [20:35:52.771] [_W7Probe]  W7:     FAILED id='menu-libs-expendable-button_quad-focus-left' url=file://Media/Manialinks/Nadeo/CMGame/Utils/ButtonStyles/Straight/Common_Button_Contour_Start_Straight.dds visible=1 pos=182.017,-33.5 size=3.5x7
[   ScriptRuntime] [  LOG] [20:35:52.771] [_W7Probe]  W7:     FAILED id='menu-libs-expendable-button_quad-bg-right' url=file://Media/Manialinks/Nadeo/CMGame/Utils/ButtonStyles/Straight/Common_Button_End_Straight.dds visible=1 pos=187.517,-33.5 size=3.5x7
[   ScriptRuntime] [  LOG] [20:35:52.771] [_W7Probe]  W7:     FAILED id='menu-libs-expendable-button_quad-bg-left' url=file://Media/Manialinks/Nadeo/CMGame/Utils/ButtonStyles/Straight/Common_Button_Start_Straight.dds visible=1 pos=182.017,-33.5 size=3.5x7
[   ScriptRuntime] [  LOG] [20:35:52.771] [_W7Probe]  W7:     FAILED id='menu-libs-expendable-button_quad-button-icon' url=file://Media/Manialinks/Nadeo/CMGame/Utils/Icons/128x128/icons_128_profile_inc.dds visible=1 pos=177.517,-37 size=5.6x5.6
[   ScriptRuntime] [  LOG] [20:35:52.771] [_W7Probe]  W7:     FAILED id='menu-libs-expendable-button_quad-focus-right' url=file://Media/Manialinks/Nadeo/CMGame/Utils/ButtonStyles/Straight/Common_Button_Contour_End_Straight.dds visible=1 pos=178.517,-33.5 size=3.5x7
[   ScriptRuntime] [  LOG] [20:35:52.771] [_W7Probe]  W7:     FAILED id='menu-libs-expendable-button_quad-focus-center' url=file://Media/Manialinks/Nadeo/CMGame/Utils/ButtonStyles/Straight/Common_Button_Contour_Middle.dds visible=1 pos=176.517,-33.5 size=2x7
[   ScriptRuntime] [  LOG] [20:35:52.771] [_W7Probe]  W7:     FAILED id='menu-libs-expendable-button_quad-focus-left' url=file://Media/Manialinks/Nadeo/CMGame/Utils/ButtonStyles/Straight/Common_Button_Contour_Start_Straight.dds visible=1 pos=173.017,-33.5 size=3.5x7
[   ScriptRuntime] [  LOG] [20:35:52.771] [_W7Probe]  W7:     FAILED id='menu-libs-expendable-button_quad-bg-right' url=file://Media/Manialinks/Nadeo/CMGame/Utils/ButtonStyles/Straight/Common_Button_End_Straight.dds visible=1 pos=178.517,-33.5 size=3.5x7
[   ScriptRuntime] [  LOG] [20:35:52.771] [_W7Probe]  W7:     FAILED id='menu-libs-expendable-button_quad-bg-left' url=file://Media/Manialinks/Nadeo/CMGame/Utils/ButtonStyles/Straight/Common_Button_Start_Straight.dds visible=1 pos=173.017,-33.5 size=3.5x7
[   ScriptRuntime] [  LOG] [20:35:52.771] [_W7Probe]  W7:     FAILED id='menu-libs-expendable-button_quad-button-icon' url=file://Media/Manialinks/Nadeo/CMGame/Utils/Icons/128x128/icons_128_settings_voice_off.dds visible=1 pos=196.946,-28.9 size=5.6x5.6
[   ScriptRuntime] [  LOG] [20:35:52.771] [_W7Probe]  W7:     FAILED id='menu-libs-expendable-button_quad-focus-right' url=file://Media/Manialinks/Nadeo/CMGame/Utils/ButtonStyles/Straight/Common_Button_Contour_End_Straight.dds visible=1 pos=197.946,-25.4 size=3.5x7
[   ScriptRuntime] [  LOG] [20:35:52.771] [_W7Probe]  W7:     FAILED id='menu-libs-expendable-button_quad-focus-center' url=file://Media/Manialinks/Nadeo/CMGame/Utils/ButtonStyles/Straight/Common_Button_Contour_Middle.dds visible=1 pos=195.946,-25.4 size=2x7
[   ScriptRuntime] [  LOG] [20:35:52.771] [_W7Probe]  W7:     FAILED id='menu-libs-expendable-button_quad-focus-left' url=file://Media/Manialinks/Nadeo/CMGame/Utils/ButtonStyles/Straight/Common_Button_Contour_Start_Straight.dds visible=1 pos=192.445,-25.4 size=3.5x7
[   ScriptRuntime] [  LOG] [20:35:52.771] [_W7Probe]  W7:     FAILED id='menu-libs-expendable-button_quad-bg-right' url=file://Media/Manialinks/Nadeo/CMGame/Utils/ButtonStyles/Straight/Common_Button_End_Straight.dds visible=1 pos=197.946,-25.4 size=3.5x7
[   ScriptRuntime] [  LOG] [20:35:52.771] [_W7Probe]  W7:     FAILED id='menu-libs-expendable-button_quad-bg-left' url=file://Media/Manialinks/Nadeo/CMGame/Utils/ButtonStyles/Straight/Common_Button_Start_Straight.dds visible=1 pos=192.445,-25.4 size=3.5x7
[   ScriptRuntime] [  LOG] [20:35:52.771] [_W7Probe]  W7:     FAILED id='menu-libs-expendable-button_quad-button-icon' url=file://Media/Manialinks/Nadeo/CMGame/Utils/Icons/128x128/icons_128_HUD_Cam_follow_inc.dds visible=1 pos=187.946,-28.9 size=5.6x5.6
[   ScriptRuntime] [  LOG] [20:35:52.771] [_W7Probe]  W7:     FAILED id='menu-libs-expendable-button_quad-focus-right' url=file://Media/Manialinks/Nadeo/CMGame/Utils/ButtonStyles/Straight/Common_Button_Contour_End_Straight.dds visible=1 pos=188.945,-25.4 size=3.5x7
[   ScriptRuntime] [  LOG] [20:35:52.771] [_W7Probe]  W7:     FAILED id='menu-libs-expendable-button_quad-focus-center' url=file://Media/Manialinks/Nadeo/CMGame/Utils/ButtonStyles/Straight/Common_Button_Contour_Middle.dds visible=1 pos=186.945,-25.4 size=2x7
[   ScriptRuntime] [  LOG] [20:35:52.771] [_W7Probe]  W7:     FAILED id='menu-libs-expendable-button_quad-focus-left' url=file://Media/Manialinks/Nadeo/CMGame/Utils/ButtonStyles/Straight/Common_Button_Contour_Start_Straight.dds visible=1 pos=183.446,-25.4 size=3.5x7
[   ScriptRuntime] [  LOG] [20:35:52.771] [_W7Probe]  W7:     FAILED id='menu-libs-expendable-button_quad-bg-right' url=file://Media/Manialinks/Nadeo/CMGame/Utils/ButtonStyles/Straight/Common_Button_End_Straight.dds visible=1 pos=188.945,-25.4 size=3.5x7
[   ScriptRuntime] [  LOG] [20:35:52.771] [_W7Probe]  W7:     FAILED id='menu-libs-expendable-button_quad-bg-left' url=file://Media/Manialinks/Nadeo/CMGame/Utils/ButtonStyles/Straight/Common_Button_Start_Straight.dds visible=1 pos=183.446,-25.4 size=3.5x7
[   ScriptRuntime] [  LOG] [20:35:52.771] [_W7Probe]  W7:     FAILED id='menu-libs-expendable-button_quad-button-icon' url=file://Media/Manialinks/Nadeo/CMGame/Utils/Icons/128x128/icons_128_profile_inc.dds visible=1 pos=178.945,-28.9 size=5.6x5.6
[   ScriptRuntime] [  LOG] [20:35:52.771] [_W7Probe]  W7:     FAILED id='menu-libs-expendable-button_quad-focus-right' url=file://Media/Manialinks/Nadeo/CMGame/Utils/ButtonStyles/Straight/Common_Button_Contour_End_Straight.dds visible=1 pos=179.945,-25.4 size=3.5x7
[   ScriptRuntime] [  LOG] [20:35:52.771] [_W7Probe]  W7:     FAILED id='menu-libs-expendable-button_quad-focus-center' url=file://Media/Manialinks/Nadeo/CMGame/Utils/ButtonStyles/Straight/Common_Button_Contour_Middle.dds visible=1 pos=177.945,-25.4 size=2x7
[   ScriptRuntime] [  LOG] [20:35:52.771] [_W7Probe]  W7:     FAILED id='menu-libs-expendable-button_quad-focus-left' url=file://Media/Manialinks/Nadeo/CMGame/Utils/ButtonStyles/Straight/Common_Button_Contour_Start_Straight.dds visible=1 pos=174.445,-25.4 size=3.5x7
[   ScriptRuntime] [  LOG] [20:35:52.771] [_W7Probe]  W7:     FAILED id='menu-libs-expendable-button_quad-bg-right' url=file://Media/Manialinks/Nadeo/CMGame/Utils/ButtonStyles/Straight/Common_Button_End_Straight.dds visible=1 pos=179.945,-25.4 size=3.5x7
[   ScriptRuntime] [  LOG] [20:35:52.771] [_W7Probe]  W7:     FAILED id='menu-libs-expendable-button_quad-bg-left' url=file://Media/Manialinks/Nadeo/CMGame/Utils/ButtonStyles/Straight/Common_Button_Start_Straight.dds visible=1 pos=174.445,-25.4 size=3.5x7
[   ScriptRuntime] [  LOG] [20:35:52.771] [_W7Probe]  W7:     FAILED id='menu-libs-expendable-button_quad-button-icon' url=file://Media/Manialinks/Nadeo/CMGame/Utils/Icons/128x128/icons_128_settings_voice_off.dds visible=1 pos=198.374,-20.8 size=5.6x5.6
[   ScriptRuntime] [  LOG] [20:35:52.771] [_W7Probe]  W7:     FAILED id='menu-libs-expendable-button_quad-focus-right' url=file://Media/Manialinks/Nadeo/CMGame/Utils/ButtonStyles/Straight/Common_Button_Contour_End_Straight.dds visible=1 pos=199.374,-17.3 size=3.5x7
[   ScriptRuntime] [  LOG] [20:35:52.771] [_W7Probe]  W7:     FAILED id='menu-libs-expendable-button_quad-focus-center' url=file://Media/Manialinks/Nadeo/CMGame/Utils/ButtonStyles/Straight/Common_Button_Contour_Middle.dds visible=1 pos=197.374,-17.3 size=2x7
[   ScriptRuntime] [  LOG] [20:35:52.771] [_W7Probe]  W7:     FAILED id='menu-libs-expendable-button_quad-focus-left' url=file://Media/Manialinks/Nadeo/CMGame/Utils/ButtonStyles/Straight/Common_Button_Contour_Start_Straight.dds visible=1 pos=193.874,-17.3 size=3.5x7
[   ScriptRuntime] [  LOG] [20:35:52.771] [_W7Probe]  W7:     FAILED id='menu-libs-expendable-button_quad-bg-right' url=file://Media/Manialinks/Nadeo/CMGame/Utils/ButtonStyles/Straight/Common_Button_End_Straight.dds visible=1 pos=199.374,-17.3 size=3.5x7
[   ScriptRuntime] [  LOG] [20:35:52.771] [_W7Probe]  W7:     FAILED id='menu-libs-expendable-button_quad-bg-left' url=file://Media/Manialinks/Nadeo/CMGame/Utils/ButtonStyles/Straight/Common_Button_Start_Straight.dds visible=1 pos=193.874,-17.3 size=3.5x7
[   ScriptRuntime] [  LOG] [20:35:52.771] [_W7Probe]  W7:     FAILED id='menu-libs-expendable-button_quad-button-icon' url=file://Media/Manialinks/Nadeo/CMGame/Utils/Icons/128x128/icons_128_HUD_Cam_follow_inc.dds visible=1 pos=189.374,-20.8 size=5.6x5.6
[   ScriptRuntime] [  LOG] [20:35:52.771] [_W7Probe]  W7:     FAILED id='menu-libs-expendable-button_quad-focus-right' url=file://Media/Manialinks/Nadeo/CMGame/Utils/ButtonStyles/Straight/Common_Button_Contour_End_Straight.dds visible=1 pos=190.374,-17.3 size=3.5x7
[   ScriptRuntime] [  LOG] [20:35:52.771] [_W7Probe]  W7:     FAILED id='menu-libs-expendable-button_quad-focus-center' url=file://Media/Manialinks/Nadeo/CMGame/Utils/ButtonStyles/Straight/Common_Button_Contour_Middle.dds visible=1 pos=188.374,-17.3 size=2x7
[   ScriptRuntime] [  LOG] [20:35:52.771] [_W7Probe]  W7:     FAILED id='menu-libs-expendable-button_quad-focus-left' url=file://Media/Manialinks/Nadeo/CMGame/Utils/ButtonStyles/Straight/Common_Button_Contour_Start_Straight.dds visible=1 pos=184.874,-17.3 size=3.5x7
[   ScriptRuntime] [  LOG] [20:35:52.771] [_W7Probe]  W7:     FAILED id='menu-libs-expendable-button_quad-bg-right' url=file://Media/Manialinks/Nadeo/CMGame/Utils/ButtonStyles/Straight/Common_Button_End_Straight.dds visible=1 pos=190.374,-17.3 size=3.5x7
[   ScriptRuntime] [  LOG] [20:35:52.771] [_W7Probe]  W7:     FAILED id='menu-libs-expendable-button_quad-bg-left' url=file://Media/Manialinks/Nadeo/CMGame/Utils/ButtonStyles/Straight/Common_Button_Start_Straight.dds visible=1 pos=184.874,-17.3 size=3.5x7
[   ScriptRuntime] [  LOG] [20:35:52.771] [_W7Probe]  W7:     FAILED id='menu-libs-expendable-button_quad-button-icon' url=file://Media/Manialinks/Nadeo/CMGame/Utils/Icons/128x128/icons_128_profile_inc.dds visible=1 pos=180.374,-20.8 size=5.6x5.6
[   ScriptRuntime] [  LOG] [20:35:52.771] [_W7Probe]  W7:     FAILED id='menu-libs-expendable-button_quad-focus-right' url=file://Media/Manialinks/Nadeo/CMGame/Utils/ButtonStyles/Straight/Common_Button_Contour_End_Straight.dds visible=1 pos=181.374,-17.3 size=3.5x7
[   ScriptRuntime] [  LOG] [20:35:52.771] [_W7Probe]  W7:     FAILED id='menu-libs-expendable-button_quad-focus-center' url=file://Media/Manialinks/Nadeo/CMGame/Utils/ButtonStyles/Straight/Common_Button_Contour_Middle.dds visible=1 pos=179.374,-17.3 size=2x7
[   ScriptRuntime] [  LOG] [20:35:52.771] [_W7Probe]  W7:     FAILED id='menu-libs-expendable-button_quad-focus-left' url=file://Media/Manialinks/Nadeo/CMGame/Utils/ButtonStyles/Straight/Common_Button_Contour_Start_Straight.dds visible=1 pos=175.874,-17.3 size=3.5x7
[   ScriptRuntime] [  LOG] [20:35:52.771] [_W7Probe]  W7:     FAILED id='menu-libs-expendable-button_quad-bg-right' url=file://Media/Manialinks/Nadeo/CMGame/Utils/ButtonStyles/Straight/Common_Button_End_Straight.dds visible=1 pos=181.374,-17.3 size=3.5x7
[   ScriptRuntime] [  LOG] [20:35:52.771] [_W7Probe]  W7:     FAILED id='menu-libs-expendable-button_quad-bg-left' url=file://Media/Manialinks/Nadeo/CMGame/Utils/ButtonStyles/Straight/Common_Button_Start_Straight.dds visible=1 pos=175.874,-17.3 size=3.5x7
[   ScriptRuntime] [  LOG] [20:35:52.771] [_W7Probe]  W7:     FAILED id='menu-libs-expendable-button_quad-button-icon' url=file://Media/Manialinks/Nadeo/CMGame/Utils/Icons/128x128/icons_128_settings_voice_off.dds visible=1 pos=199.802,-12.7 size=5.6x5.6
[   ScriptRuntime] [  LOG] [20:35:52.771] [_W7Probe]  W7:     FAILED id='menu-libs-expendable-button_quad-focus-right' url=file://Media/Manialinks/Nadeo/CMGame/Utils/ButtonStyles/Straight/Common_Button_Contour_End_Straight.dds visible=1 pos=200.802,-9.2 size=3.5x7
[   ScriptRuntime] [  LOG] [20:35:52.771] [_W7Probe]  W7:     FAILED id='menu-libs-expendable-button_quad-focus-center' url=file://Media/Manialinks/Nadeo/CMGame/Utils/ButtonStyles/Straight/Common_Button_Contour_Middle.dds visible=1 pos=198.802,-9.2 size=2x7
[   ScriptRuntime] [  LOG] [20:35:52.772] [_W7Probe]  W7:     FAILED id='menu-libs-expendable-button_quad-focus-left' url=file://Media/Manialinks/Nadeo/CMGame/Utils/ButtonStyles/Straight/Common_Button_Contour_Start_Straight.dds visible=1 pos=195.302,-9.2 size=3.5x7
[   ScriptRuntime] [  LOG] [20:35:52.772] [_W7Probe]  W7:     FAILED id='menu-libs-expendable-button_quad-bg-right' url=file://Media/Manialinks/Nadeo/CMGame/Utils/ButtonStyles/Straight/Common_Button_End_Straight.dds visible=1 pos=200.802,-9.2 size=3.5x7
[   ScriptRuntime] [  LOG] [20:35:52.772] [_W7Probe]  W7:     FAILED id='menu-libs-expendable-button_quad-bg-left' url=file://Media/Manialinks/Nadeo/CMGame/Utils/ButtonStyles/Straight/Common_Button_Start_Straight.dds visible=1 pos=195.302,-9.2 size=3.5x7
[   ScriptRuntime] [  LOG] [20:35:52.772] [_W7Probe]  W7:     FAILED id='menu-libs-expendable-button_quad-button-icon' url=file://Media/Manialinks/Nadeo/CMGame/Utils/Icons/128x128/icons_128_HUD_Cam_follow_inc.dds visible=1 pos=190.802,-12.7 size=5.6x5.6
[   ScriptRuntime] [  LOG] [20:35:52.772] [_W7Probe]  W7:     FAILED id='menu-libs-expendable-button_quad-focus-right' url=file://Media/Manialinks/Nadeo/CMGame/Utils/ButtonStyles/Straight/Common_Button_Contour_End_Straight.dds visible=1 pos=191.802,-9.2 size=3.5x7
[   ScriptRuntime] [  LOG] [20:35:52.772] [_W7Probe]  W7:     FAILED id='menu-libs-expendable-button_quad-focus-center' url=file://Media/Manialinks/Nadeo/CMGame/Utils/ButtonStyles/Straight/Common_Button_Contour_Middle.dds visible=1 pos=189.802,-9.2 size=2x7
[   ScriptRuntime] [  LOG] [20:35:52.772] [_W7Probe]  W7:     FAILED id='menu-libs-expendable-button_quad-focus-left' url=file://Media/Manialinks/Nadeo/CMGame/Utils/ButtonStyles/Straight/Common_Button_Contour_Start_Straight.dds visible=1 pos=186.302,-9.2 size=3.5x7
[   ScriptRuntime] [  LOG] [20:35:52.772] [_W7Probe]  W7:     FAILED id='menu-libs-expendable-button_quad-bg-right' url=file://Media/Manialinks/Nadeo/CMGame/Utils/ButtonStyles/Straight/Common_Button_End_Straight.dds visible=1 pos=191.802,-9.2 size=3.5x7
[   ScriptRuntime] [  LOG] [20:35:52.772] [_W7Probe]  W7:     FAILED id='menu-libs-expendable-button_quad-bg-left' url=file://Media/Manialinks/Nadeo/CMGame/Utils/ButtonStyles/Straight/Common_Button_Start_Straight.dds visible=1 pos=186.302,-9.2 size=3.5x7
[   ScriptRuntime] [  LOG] [20:35:52.772] [_W7Probe]  W7:     FAILED id='menu-libs-expendable-button_quad-button-icon' url=file://Media/Manialinks/Nadeo/CMGame/Utils/Icons/128x128/icons_128_profile_inc.dds visible=1 pos=181.802,-12.7 size=5.6x5.6
[   ScriptRuntime] [  LOG] [20:35:52.772] [_W7Probe]  W7:     FAILED id='menu-libs-expendable-button_quad-focus-right' url=file://Media/Manialinks/Nadeo/CMGame/Utils/ButtonStyles/Straight/Common_Button_Contour_End_Straight.dds visible=1 pos=182.802,-9.2 size=3.5x7
[   ScriptRuntime] [  LOG] [20:35:52.772] [_W7Probe]  W7:     FAILED id='menu-libs-expendable-button_quad-focus-center' url=file://Media/Manialinks/Nadeo/CMGame/Utils/ButtonStyles/Straight/Common_Button_Contour_Middle.dds visible=1 pos=180.802,-9.2 size=2x7
[   ScriptRuntime] [  LOG] [20:35:52.772] [_W7Probe]  W7:     FAILED id='menu-libs-expendable-button_quad-focus-left' url=file://Media/Manialinks/Nadeo/CMGame/Utils/ButtonStyles/Straight/Common_Button_Contour_Start_Straight.dds visible=1 pos=177.302,-9.2 size=3.5x7
[   ScriptRuntime] [  LOG] [20:35:52.772] [_W7Probe]  W7:     FAILED id='menu-libs-expendable-button_quad-bg-right' url=file://Media/Manialinks/Nadeo/CMGame/Utils/ButtonStyles/Straight/Common_Button_End_Straight.dds visible=1 pos=182.802,-9.2 size=3.5x7
[   ScriptRuntime] [  LOG] [20:35:52.772] [_W7Probe]  W7:     FAILED id='menu-libs-expendable-button_quad-bg-left' url=file://Media/Manialinks/Nadeo/CMGame/Utils/ButtonStyles/Straight/Common_Button_Start_Straight.dds visible=1 pos=177.302,-9.2 size=3.5x7
[   ScriptRuntime] [  LOG] [20:35:52.772] [_W7Probe]  W7:     FAILED id='menu-libs-expendable-button_quad-button-icon' url=file://Media/Manialinks/Nadeo/CMGame/Utils/Icons/128x128/icons_128_settings_voice_off.dds visible=1 pos=201.23,-4.6 size=5.6x5.6
[   ScriptRuntime] [  LOG] [20:35:52.772] [_W7Probe]  W7:     FAILED id='menu-libs-expendable-button_quad-focus-right' url=file://Media/Manialinks/Nadeo/CMGame/Utils/ButtonStyles/Straight/Common_Button_Contour_End_Straight.dds visible=1 pos=202.23,-1.1 size=3.5x7
[   ScriptRuntime] [  LOG] [20:35:52.772] [_W7Probe]  W7:     FAILED id='menu-libs-expendable-button_quad-focus-center' url=file://Media/Manialinks/Nadeo/CMGame/Utils/ButtonStyles/Straight/Common_Button_Contour_Middle.dds visible=1 pos=200.23,-1.1 size=2x7
[   ScriptRuntime] [  LOG] [20:35:52.772] [_W7Probe]  W7:     FAILED id='menu-libs-expendable-button_quad-focus-left' url=file://Media/Manialinks/Nadeo/CMGame/Utils/ButtonStyles/Straight/Common_Button_Contour_Start_Straight.dds visible=1 pos=196.73,-1.1 size=3.5x7
[   ScriptRuntime] [  LOG] [20:35:52.772] [_W7Probe]  W7:     FAILED id='menu-libs-expendable-button_quad-bg-right' url=file://Media/Manialinks/Nadeo/CMGame/Utils/ButtonStyles/Straight/Common_Button_End_Straight.dds visible=1 pos=202.23,-1.1 size=3.5x7
[   ScriptRuntime] [  LOG] [20:35:52.772] [_W7Probe]  W7:     FAILED id='menu-libs-expendable-button_quad-bg-left' url=file://Media/Manialinks/Nadeo/CMGame/Utils/ButtonStyles/Straight/Common_Button_Start_Straight.dds visible=1 pos=196.73,-1.1 size=3.5x7
[   ScriptRuntime] [  LOG] [20:35:52.772] [_W7Probe]  W7:     FAILED id='menu-libs-expendable-button_quad-button-icon' url=file://Media/Manialinks/Nadeo/CMGame/Utils/Icons/128x128/icons_128_HUD_Cam_follow_inc.dds visible=1 pos=192.23,-4.6 size=5.6x5.6
[   ScriptRuntime] [  LOG] [20:35:52.772] [_W7Probe]  W7:     FAILED id='menu-libs-expendable-button_quad-focus-right' url=file://Media/Manialinks/Nadeo/CMGame/Utils/ButtonStyles/Straight/Common_Button_Contour_End_Straight.dds visible=1 pos=193.23,-1.1 size=3.5x7
[   ScriptRuntime] [  LOG] [20:35:52.772] [_W7Probe]  W7:     FAILED id='menu-libs-expendable-button_quad-focus-center' url=file://Media/Manialinks/Nadeo/CMGame/Utils/ButtonStyles/Straight/Common_Button_Contour_Middle.dds visible=1 pos=191.23,-1.1 size=2x7
[   ScriptRuntime] [  LOG] [20:35:52.772] [_W7Probe]  W7:     FAILED id='menu-libs-expendable-button_quad-focus-left' url=file://Media/Manialinks/Nadeo/CMGame/Utils/ButtonStyles/Straight/Common_Button_Contour_Start_Straight.dds visible=1 pos=187.73,-1.1 size=3.5x7
[   ScriptRuntime] [  LOG] [20:35:52.772] [_W7Probe]  W7:     FAILED id='menu-libs-expendable-button_quad-bg-right' url=file://Media/Manialinks/Nadeo/CMGame/Utils/ButtonStyles/Straight/Common_Button_End_Straight.dds visible=1 pos=193.23,-1.1 size=3.5x7
[   ScriptRuntime] [  LOG] [20:35:52.772] [_W7Probe]  W7:     FAILED id='menu-libs-expendable-button_quad-bg-left' url=file://Media/Manialinks/Nadeo/CMGame/Utils/ButtonStyles/Straight/Common_Button_Start_Straight.dds visible=1 pos=187.73,-1.1 size=3.5x7
[   ScriptRuntime] [  LOG] [20:35:52.772] [_W7Probe]  W7:     FAILED id='menu-libs-expendable-button_quad-button-icon' url=file://Media/Manialinks/Nadeo/CMGame/Utils/Icons/128x128/icons_128_profile_inc.dds visible=1 pos=183.23,-4.6 size=5.6x5.6
[   ScriptRuntime] [  LOG] [20:35:52.772] [_W7Probe]  W7:     FAILED id='menu-libs-expendable-button_quad-focus-right' url=file://Media/Manialinks/Nadeo/CMGame/Utils/ButtonStyles/Straight/Common_Button_Contour_End_Straight.dds visible=1 pos=184.23,-1.1 size=3.5x7
[   ScriptRuntime] [  LOG] [20:35:52.772] [_W7Probe]  W7:     FAILED id='menu-libs-expendable-button_quad-focus-center' url=file://Media/Manialinks/Nadeo/CMGame/Utils/ButtonStyles/Straight/Common_Button_Contour_Middle.dds visible=1 pos=182.23,-1.1 size=2x7
[   ScriptRuntime] [  LOG] [20:35:52.772] [_W7Probe]  W7:     FAILED id='menu-libs-expendable-button_quad-focus-left' url=file://Media/Manialinks/Nadeo/CMGame/Utils/ButtonStyles/Straight/Common_Button_Contour_Start_Straight.dds visible=1 pos=178.73,-1.1 size=3.5x7
[   ScriptRuntime] [  LOG] [20:35:52.772] [_W7Probe]  W7:     FAILED id='menu-libs-expendable-button_quad-bg-right' url=file://Media/Manialinks/Nadeo/CMGame/Utils/ButtonStyles/Straight/Common_Button_End_Straight.dds visible=1 pos=184.23,-1.1 size=3.5x7
[   ScriptRuntime] [  LOG] [20:35:52.772] [_W7Probe]  W7:     FAILED id='menu-libs-expendable-button_quad-bg-left' url=file://Media/Manialinks/Nadeo/CMGame/Utils/ButtonStyles/Straight/Common_Button_Start_Straight.dds visible=1 pos=178.73,-1.1 size=3.5x7
[   ScriptRuntime] [  LOG] [20:35:52.772] [_W7Probe]  W7:     FAILED id='menu-libs-expendable-button_quad-button-icon' url=file://Media/Manialinks/Nadeo/CMGame/Utils/Icons/128x128/icons_128_settings_voice_off.dds visible=1 pos=202.658,3.5 size=5.6x5.6
[   ScriptRuntime] [  LOG] [20:35:52.772] [_W7Probe]  W7:     FAILED id='menu-libs-expendable-button_quad-focus-right' url=file://Media/Manialinks/Nadeo/CMGame/Utils/ButtonStyles/Straight/Common_Button_Contour_End_Straight.dds visible=1 pos=203.658,7 size=3.5x7
[   ScriptRuntime] [  LOG] [20:35:52.772] [_W7Probe]  W7:     FAILED id='menu-libs-expendable-button_quad-focus-center' url=file://Media/Manialinks/Nadeo/CMGame/Utils/ButtonStyles/Straight/Common_Button_Contour_Middle.dds visible=1 pos=201.658,7 size=2x7
[   ScriptRuntime] [  LOG] [20:35:52.772] [_W7Probe]  W7:     FAILED id='menu-libs-expendable-button_quad-focus-left' url=file://Media/Manialinks/Nadeo/CMGame/Utils/ButtonStyles/Straight/Common_Button_Contour_Start_Straight.dds visible=1 pos=198.158,7 size=3.5x7
[   ScriptRuntime] [  LOG] [20:35:52.772] [_W7Probe]  W7:     FAILED id='menu-libs-expendable-button_quad-bg-right' url=file://Media/Manialinks/Nadeo/CMGame/Utils/ButtonStyles/Straight/Common_Button_End_Straight.dds visible=1 pos=203.658,7 size=3.5x7
[   ScriptRuntime] [  LOG] [20:35:52.772] [_W7Probe]  W7:     FAILED id='menu-libs-expendable-button_quad-bg-left' url=file://Media/Manialinks/Nadeo/CMGame/Utils/ButtonStyles/Straight/Common_Button_Start_Straight.dds visible=1 pos=198.158,7 size=3.5x7
[   ScriptRuntime] [  LOG] [20:35:52.772] [_W7Probe]  W7:     FAILED id='menu-libs-expendable-button_quad-button-icon' url=file://Media/Manialinks/Nadeo/CMGame/Utils/Icons/128x128/icons_128_HUD_Cam_follow_inc.dds visible=1 pos=193.658,3.5 size=5.6x5.6
[   ScriptRuntime] [  LOG] [20:35:52.772] [_W7Probe]  W7:     FAILED id='menu-libs-expendable-button_quad-focus-right' url=file://Media/Manialinks/Nadeo/CMGame/Utils/ButtonStyles/Straight/Common_Button_Contour_End_Straight.dds visible=1 pos=194.658,7 size=3.5x7
[   ScriptRuntime] [  LOG] [20:35:52.772] [_W7Probe]  W7:     FAILED id='menu-libs-expendable-button_quad-focus-center' url=file://Media/Manialinks/Nadeo/CMGame/Utils/ButtonStyles/Straight/Common_Button_Contour_Middle.dds visible=1 pos=192.658,7 size=2x7
[   ScriptRuntime] [  LOG] [20:35:52.772] [_W7Probe]  W7:     FAILED id='menu-libs-expendable-button_quad-focus-left' url=file://Media/Manialinks/Nadeo/CMGame/Utils/ButtonStyles/Straight/Common_Button_Contour_Start_Straight.dds visible=1 pos=189.158,7 size=3.5x7
[   ScriptRuntime] [  LOG] [20:35:52.772] [_W7Probe]  W7:     FAILED id='menu-libs-expendable-button_quad-bg-right' url=file://Media/Manialinks/Nadeo/CMGame/Utils/ButtonStyles/Straight/Common_Button_End_Straight.dds visible=1 pos=194.658,7 size=3.5x7
[   ScriptRuntime] [  LOG] [20:35:52.772] [_W7Probe]  W7:     FAILED id='menu-libs-expendable-button_quad-bg-left' url=file://Media/Manialinks/Nadeo/CMGame/Utils/ButtonStyles/Straight/Common_Button_Start_Straight.dds visible=1 pos=189.158,7 size=3.5x7
[   ScriptRuntime] [  LOG] [20:35:52.772] [_W7Probe]  W7:     FAILED id='menu-libs-expendable-button_quad-button-icon' url=file://Media/Manialinks/Nadeo/CMGame/Utils/Icons/128x128/icons_128_profile_inc.dds visible=1 pos=184.658,3.5 size=5.6x5.6
[   ScriptRuntime] [  LOG] [20:35:52.772] [_W7Probe]  W7:     FAILED id='menu-libs-expendable-button_quad-focus-right' url=file://Media/Manialinks/Nadeo/CMGame/Utils/ButtonStyles/Straight/Common_Button_Contour_End_Straight.dds visible=1 pos=185.658,7 size=3.5x7
[   ScriptRuntime] [  LOG] [20:35:52.772] [_W7Probe]  W7:     FAILED id='menu-libs-expendable-button_quad-focus-center' url=file://Media/Manialinks/Nadeo/CMGame/Utils/ButtonStyles/Straight/Common_Button_Contour_Middle.dds visible=1 pos=183.658,7 size=2x7
[   ScriptRuntime] [  LOG] [20:35:52.772] [_W7Probe]  W7:     FAILED id='menu-libs-expendable-button_quad-focus-left' url=file://Media/Manialinks/Nadeo/CMGame/Utils/ButtonStyles/Straight/Common_Button_Contour_Start_Straight.dds visible=1 pos=180.158,7 size=3.5x7
[   ScriptRuntime] [  LOG] [20:35:52.772] [_W7Probe]  W7:     FAILED id='menu-libs-expendable-button_quad-bg-right' url=file://Media/Manialinks/Nadeo/CMGame/Utils/ButtonStyles/Straight/Common_Button_End_Straight.dds visible=1 pos=185.658,7 size=3.5x7
[   ScriptRuntime] [  LOG] [20:35:52.772] [_W7Probe]  W7:     FAILED id='menu-libs-expendable-button_quad-bg-left' url=file://Media/Manialinks/Nadeo/CMGame/Utils/ButtonStyles/Straight/Common_Button_Start_Straight.dds visible=1 pos=180.158,7 size=3.5x7
[   ScriptRuntime] [  LOG] [20:35:52.772] [_W7Probe]  W7:     FAILED id='menu-libs-expendable-button_quad-button-icon' url=file://Media/Manialinks/Nadeo/CMGame/Utils/Icons/128x128/icons_128_settings_voice_off.dds visible=1 pos=204.087,11.6 size=5.6x5.6
[   ScriptRuntime] [  LOG] [20:35:52.772] [_W7Probe]  W7:     FAILED id='menu-libs-expendable-button_quad-focus-right' url=file://Media/Manialinks/Nadeo/CMGame/Utils/ButtonStyles/Straight/Common_Button_Contour_End_Straight.dds visible=1 pos=205.087,15.1 size=3.5x7
[   ScriptRuntime] [  LOG] [20:35:52.772] [_W7Probe]  W7:     FAILED id='menu-libs-expendable-button_quad-focus-center' url=file://Media/Manialinks/Nadeo/CMGame/Utils/ButtonStyles/Straight/Common_Button_Contour_Middle.dds visible=1 pos=203.087,15.1 size=2x7
[   ScriptRuntime] [  LOG] [20:35:52.772] [_W7Probe]  W7:     FAILED id='menu-libs-expendable-button_quad-focus-left' url=file://Media/Manialinks/Nadeo/CMGame/Utils/ButtonStyles/Straight/Common_Button_Contour_Start_Straight.dds visible=1 pos=199.587,15.1 size=3.5x7
[   ScriptRuntime] [  LOG] [20:35:52.772] [_W7Probe]  W7:     FAILED id='menu-libs-expendable-button_quad-bg-right' url=file://Media/Manialinks/Nadeo/CMGame/Utils/ButtonStyles/Straight/Common_Button_End_Straight.dds visible=1 pos=205.087,15.1 size=3.5x7
[   ScriptRuntime] [  LOG] [20:35:52.773] [_W7Probe]  W7:     FAILED id='menu-libs-expendable-button_quad-bg-left' url=file://Media/Manialinks/Nadeo/CMGame/Utils/ButtonStyles/Straight/Common_Button_Start_Straight.dds visible=1 pos=199.587,15.1 size=3.5x7
[   ScriptRuntime] [  LOG] [20:35:52.773] [_W7Probe]  W7:     FAILED id='menu-libs-expendable-button_quad-button-icon' url=file://Media/Manialinks/Nadeo/CMGame/Utils/Icons/128x128/icons_128_HUD_Cam_follow_inc.dds visible=1 pos=195.087,11.6 size=5.6x5.6
[   ScriptRuntime] [  LOG] [20:35:52.773] [_W7Probe]  W7:     FAILED id='menu-libs-expendable-button_quad-focus-right' url=file://Media/Manialinks/Nadeo/CMGame/Utils/ButtonStyles/Straight/Common_Button_Contour_End_Straight.dds visible=1 pos=196.087,15.1 size=3.5x7
[   ScriptRuntime] [  LOG] [20:35:52.773] [_W7Probe]  W7:     FAILED id='menu-libs-expendable-button_quad-focus-center' url=file://Media/Manialinks/Nadeo/CMGame/Utils/ButtonStyles/Straight/Common_Button_Contour_Middle.dds visible=1 pos=194.087,15.1 size=2x7
[   ScriptRuntime] [  LOG] [20:35:52.773] [_W7Probe]  W7:     FAILED id='menu-libs-expendable-button_quad-focus-left' url=file://Media/Manialinks/Nadeo/CMGame/Utils/ButtonStyles/Straight/Common_Button_Contour_Start_Straight.dds visible=1 pos=190.587,15.1 size=3.5x7
[   ScriptRuntime] [  LOG] [20:35:52.773] [_W7Probe]  W7:     FAILED id='menu-libs-expendable-button_quad-bg-right' url=file://Media/Manialinks/Nadeo/CMGame/Utils/ButtonStyles/Straight/Common_Button_End_Straight.dds visible=1 pos=196.087,15.1 size=3.5x7
[   ScriptRuntime] [  LOG] [20:35:52.773] [_W7Probe]  W7:     FAILED id='menu-libs-expendable-button_quad-bg-left' url=file://Media/Manialinks/Nadeo/CMGame/Utils/ButtonStyles/Straight/Common_Button_Start_Straight.dds visible=1 pos=190.587,15.1 size=3.5x7
[   ScriptRuntime] [  LOG] [20:35:52.773] [_W7Probe]  W7:     FAILED id='menu-libs-expendable-button_quad-button-icon' url=file://Media/Manialinks/Nadeo/CMGame/Utils/Icons/128x128/icons_128_profile_inc.dds visible=1 pos=186.087,11.6 size=5.6x5.6
[   ScriptRuntime] [  LOG] [20:35:52.773] [_W7Probe]  W7:     FAILED id='menu-libs-expendable-button_quad-focus-right' url=file://Media/Manialinks/Nadeo/CMGame/Utils/ButtonStyles/Straight/Common_Button_Contour_End_Straight.dds visible=1 pos=187.087,15.1 size=3.5x7
[   ScriptRuntime] [  LOG] [20:35:52.773] [_W7Probe]  W7:     FAILED id='menu-libs-expendable-button_quad-focus-center' url=file://Media/Manialinks/Nadeo/CMGame/Utils/ButtonStyles/Straight/Common_Button_Contour_Middle.dds visible=1 pos=185.087,15.1 size=2x7
[   ScriptRuntime] [  LOG] [20:35:52.773] [_W7Probe]  W7:     FAILED id='menu-libs-expendable-button_quad-focus-left' url=file://Media/Manialinks/Nadeo/CMGame/Utils/ButtonStyles/Straight/Common_Button_Contour_Start_Straight.dds visible=1 pos=181.587,15.1 size=3.5x7
[   ScriptRuntime] [  LOG] [20:35:52.773] [_W7Probe]  W7:     FAILED id='menu-libs-expendable-button_quad-bg-right' url=file://Media/Manialinks/Nadeo/CMGame/Utils/ButtonStyles/Straight/Common_Button_End_Straight.dds visible=1 pos=187.087,15.1 size=3.5x7
[   ScriptRuntime] [  LOG] [20:35:52.773] [_W7Probe]  W7:     FAILED id='menu-libs-expendable-button_quad-bg-left' url=file://Media/Manialinks/Nadeo/CMGame/Utils/ButtonStyles/Straight/Common_Button_Start_Straight.dds visible=1 pos=181.587,15.1 size=3.5x7
[   ScriptRuntime] [  LOG] [20:35:52.773] [_W7Probe]  W7:     FAILED id='menu-libs-expendable-button_quad-button-icon' url=file://Media/Manialinks/Nadeo/CMGame/Utils/Icons/128x128/icons_128_settings_voice_off.dds visible=1 pos=205.515,19.7 size=5.6x5.6
[   ScriptRuntime] [  LOG] [20:35:52.773] [_W7Probe]  W7:     FAILED id='menu-libs-expendable-button_quad-focus-right' url=file://Media/Manialinks/Nadeo/CMGame/Utils/ButtonStyles/Straight/Common_Button_Contour_End_Straight.dds visible=1 pos=206.515,23.2 size=3.5x7
[   ScriptRuntime] [  LOG] [20:35:52.773] [_W7Probe]  W7:     FAILED id='menu-libs-expendable-button_quad-focus-center' url=file://Media/Manialinks/Nadeo/CMGame/Utils/ButtonStyles/Straight/Common_Button_Contour_Middle.dds visible=1 pos=204.515,23.2 size=2x7
[   ScriptRuntime] [  LOG] [20:35:52.773] [_W7Probe]  W7:     FAILED id='menu-libs-expendable-button_quad-focus-left' url=file://Media/Manialinks/Nadeo/CMGame/Utils/ButtonStyles/Straight/Common_Button_Contour_Start_Straight.dds visible=1 pos=201.015,23.2 size=3.5x7
[   ScriptRuntime] [  LOG] [20:35:52.773] [_W7Probe]  W7:     FAILED id='menu-libs-expendable-button_quad-bg-right' url=file://Media/Manialinks/Nadeo/CMGame/Utils/ButtonStyles/Straight/Common_Button_End_Straight.dds visible=1 pos=206.515,23.2 size=3.5x7
[   ScriptRuntime] [  LOG] [20:35:52.773] [_W7Probe]  W7:     FAILED id='menu-libs-expendable-button_quad-bg-left' url=file://Media/Manialinks/Nadeo/CMGame/Utils/ButtonStyles/Straight/Common_Button_Start_Straight.dds visible=1 pos=201.015,23.2 size=3.5x7
[   ScriptRuntime] [  LOG] [20:35:52.773] [_W7Probe]  W7:     FAILED id='menu-libs-expendable-button_quad-button-icon' url=file://Media/Manialinks/Nadeo/CMGame/Utils/Icons/128x128/icons_128_HUD_Cam_follow_inc.dds visible=1 pos=196.515,19.7 size=5.6x5.6
[   ScriptRuntime] [  LOG] [20:35:52.773] [_W7Probe]  W7:     FAILED id='menu-libs-expendable-button_quad-focus-right' url=file://Media/Manialinks/Nadeo/CMGame/Utils/ButtonStyles/Straight/Common_Button_Contour_End_Straight.dds visible=1 pos=197.515,23.2 size=3.5x7
[   ScriptRuntime] [  LOG] [20:35:52.773] [_W7Probe]  W7:     FAILED id='menu-libs-expendable-button_quad-focus-center' url=file://Media/Manialinks/Nadeo/CMGame/Utils/ButtonStyles/Straight/Common_Button_Contour_Middle.dds visible=1 pos=195.515,23.2 size=2x7
[   ScriptRuntime] [  LOG] [20:35:52.773] [_W7Probe]  W7:     FAILED id='menu-libs-expendable-button_quad-focus-left' url=file://Media/Manialinks/Nadeo/CMGame/Utils/ButtonStyles/Straight/Common_Button_Contour_Start_Straight.dds visible=1 pos=192.015,23.2 size=3.5x7
[   ScriptRuntime] [  LOG] [20:35:52.773] [_W7Probe]  W7:     FAILED id='menu-libs-expendable-button_quad-bg-right' url=file://Media/Manialinks/Nadeo/CMGame/Utils/ButtonStyles/Straight/Common_Button_End_Straight.dds visible=1 pos=197.515,23.2 size=3.5x7
[   ScriptRuntime] [  LOG] [20:35:52.773] [_W7Probe]  W7:     FAILED id='menu-libs-expendable-button_quad-bg-left' url=file://Media/Manialinks/Nadeo/CMGame/Utils/ButtonStyles/Straight/Common_Button_Start_Straight.dds visible=1 pos=192.015,23.2 size=3.5x7
[   ScriptRuntime] [  LOG] [20:35:52.773] [_W7Probe]  W7:     FAILED id='menu-libs-expendable-button_quad-button-icon' url=file://Media/Manialinks/Nadeo/CMGame/Utils/Icons/128x128/icons_128_profile_inc.dds visible=1 pos=187.515,19.7 size=5.6x5.6
[   ScriptRuntime] [  LOG] [20:35:52.773] [_W7Probe]  W7:     FAILED id='menu-libs-expendable-button_quad-focus-right' url=file://Media/Manialinks/Nadeo/CMGame/Utils/ButtonStyles/Straight/Common_Button_Contour_End_Straight.dds visible=1 pos=188.515,23.2 size=3.5x7
[   ScriptRuntime] [  LOG] [20:35:52.773] [_W7Probe]  W7:     FAILED id='menu-libs-expendable-button_quad-focus-center' url=file://Media/Manialinks/Nadeo/CMGame/Utils/ButtonStyles/Straight/Common_Button_Contour_Middle.dds visible=1 pos=186.515,23.2 size=2x7
[   ScriptRuntime] [  LOG] [20:35:52.773] [_W7Probe]  W7:     FAILED id='menu-libs-expendable-button_quad-focus-left' url=file://Media/Manialinks/Nadeo/CMGame/Utils/ButtonStyles/Straight/Common_Button_Contour_Start_Straight.dds visible=1 pos=183.015,23.2 size=3.5x7
[   ScriptRuntime] [  LOG] [20:35:52.773] [_W7Probe]  W7:     FAILED id='menu-libs-expendable-button_quad-bg-right' url=file://Media/Manialinks/Nadeo/CMGame/Utils/ButtonStyles/Straight/Common_Button_End_Straight.dds visible=1 pos=188.515,23.2 size=3.5x7
[   ScriptRuntime] [  LOG] [20:35:52.773] [_W7Probe]  W7:     FAILED id='menu-libs-expendable-button_quad-bg-left' url=file://Media/Manialinks/Nadeo/CMGame/Utils/ButtonStyles/Straight/Common_Button_Start_Straight.dds visible=1 pos=183.015,23.2 size=3.5x7
[   ScriptRuntime] [  LOG] [20:35:52.773] [_W7Probe]  W7:     FAILED id='menu-libs-expendable-button_quad-button-icon' url=file://Media/Manialinks/Nadeo/CMGame/Utils/Icons/128x128/icons_128_settings_voice_off.dds visible=1 pos=49.1325,-61.3 size=5.6x5.6
[   ScriptRuntime] [  LOG] [20:35:52.773] [_W7Probe]  W7:     FAILED id='menu-libs-expendable-button_quad-focus-right' url=file://Media/Manialinks/Nadeo/CMGame/Utils/ButtonStyles/Straight/Common_Button_Contour_End_Straight.dds visible=1 pos=50.1325,-57.8 size=3.5x7
[   ScriptRuntime] [  LOG] [20:35:52.773] [_W7Probe]  W7:     FAILED id='menu-libs-expendable-button_quad-focus-center' url=file://Media/Manialinks/Nadeo/CMGame/Utils/ButtonStyles/Straight/Common_Button_Contour_Middle.dds visible=1 pos=48.1325,-57.8 size=2x7
[   ScriptRuntime] [  LOG] [20:35:52.773] [_W7Probe]  W7:     FAILED id='menu-libs-expendable-button_quad-focus-left' url=file://Media/Manialinks/Nadeo/CMGame/Utils/ButtonStyles/Straight/Common_Button_Contour_Start_Straight.dds visible=1 pos=44.6325,-57.8 size=3.5x7
[   ScriptRuntime] [  LOG] [20:35:52.773] [_W7Probe]  W7:     FAILED id='menu-libs-expendable-button_quad-bg-right' url=file://Media/Manialinks/Nadeo/CMGame/Utils/ButtonStyles/Straight/Common_Button_End_Straight.dds visible=1 pos=50.1325,-57.8 size=3.5x7
[   ScriptRuntime] [  LOG] [20:35:52.773] [_W7Probe]  W7:     FAILED id='menu-libs-expendable-button_quad-bg-left' url=file://Media/Manialinks/Nadeo/CMGame/Utils/ButtonStyles/Straight/Common_Button_Start_Straight.dds visible=1 pos=44.6325,-57.8 size=3.5x7
[   ScriptRuntime] [  LOG] [20:35:52.773] [_W7Probe]  W7:     FAILED id='menu-libs-expendable-button_quad-button-icon' url=file://Media/Manialinks/Nadeo/CMGame/Utils/Icons/128x128/icons_128_HUD_Cam_follow_inc.dds visible=1 pos=40.1325,-61.3 size=5.6x5.6
[   ScriptRuntime] [  LOG] [20:35:52.773] [_W7Probe]  W7:     FAILED id='menu-libs-expendable-button_quad-focus-right' url=file://Media/Manialinks/Nadeo/CMGame/Utils/ButtonStyles/Straight/Common_Button_Contour_End_Straight.dds visible=1 pos=41.1325,-57.8 size=3.5x7
[   ScriptRuntime] [  LOG] [20:35:52.773] [_W7Probe]  W7:     FAILED id='menu-libs-expendable-button_quad-focus-center' url=file://Media/Manialinks/Nadeo/CMGame/Utils/ButtonStyles/Straight/Common_Button_Contour_Middle.dds visible=1 pos=39.1325,-57.8 size=2x7
[   ScriptRuntime] [  LOG] [20:35:52.773] [_W7Probe]  W7:     FAILED id='menu-libs-expendable-button_quad-focus-left' url=file://Media/Manialinks/Nadeo/CMGame/Utils/ButtonStyles/Straight/Common_Button_Contour_Start_Straight.dds visible=1 pos=35.6325,-57.8 size=3.5x7
[   ScriptRuntime] [  LOG] [20:35:52.773] [_W7Probe]  W7:     FAILED id='menu-libs-expendable-button_quad-bg-right' url=file://Media/Manialinks/Nadeo/CMGame/Utils/ButtonStyles/Straight/Common_Button_End_Straight.dds visible=1 pos=41.1325,-57.8 size=3.5x7
[   ScriptRuntime] [  LOG] [20:35:52.773] [_W7Probe]  W7:     FAILED id='menu-libs-expendable-button_quad-bg-left' url=file://Media/Manialinks/Nadeo/CMGame/Utils/ButtonStyles/Straight/Common_Button_Start_Straight.dds visible=1 pos=35.6325,-57.8 size=3.5x7
[   ScriptRuntime] [  LOG] [20:35:52.773] [_W7Probe]  W7:     FAILED id='menu-libs-expendable-button_quad-button-icon' url=file://Media/Manialinks/Nadeo/CMGame/Utils/Icons/128x128/icons_128_profile_inc.dds visible=1 pos=31.1325,-61.3 size=5.6x5.6
[   ScriptRuntime] [  LOG] [20:35:52.773] [_W7Probe]  W7:     FAILED id='menu-libs-expendable-button_quad-focus-right' url=file://Media/Manialinks/Nadeo/CMGame/Utils/ButtonStyles/Straight/Common_Button_Contour_End_Straight.dds visible=1 pos=32.1325,-57.8 size=3.5x7
[   ScriptRuntime] [  LOG] [20:35:52.773] [_W7Probe]  W7:     FAILED id='menu-libs-expendable-button_quad-focus-center' url=file://Media/Manialinks/Nadeo/CMGame/Utils/ButtonStyles/Straight/Common_Button_Contour_Middle.dds visible=1 pos=30.1325,-57.8 size=2x7
[   ScriptRuntime] [  LOG] [20:35:52.773] [_W7Probe]  W7:     FAILED id='menu-libs-expendable-button_quad-focus-left' url=file://Media/Manialinks/Nadeo/CMGame/Utils/ButtonStyles/Straight/Common_Button_Contour_Start_Straight.dds visible=1 pos=26.6325,-57.8 size=3.5x7
[   ScriptRuntime] [  LOG] [20:35:52.773] [_W7Probe]  W7:     FAILED id='menu-libs-expendable-button_quad-bg-right' url=file://Media/Manialinks/Nadeo/CMGame/Utils/ButtonStyles/Straight/Common_Button_End_Straight.dds visible=1 pos=32.1325,-57.8 size=3.5x7
[   ScriptRuntime] [  LOG] [20:35:52.773] [_W7Probe]  W7:     FAILED id='menu-libs-expendable-button_quad-bg-left' url=file://Media/Manialinks/Nadeo/CMGame/Utils/ButtonStyles/Straight/Common_Button_Start_Straight.dds visible=1 pos=26.6325,-57.8 size=3.5x7
[   ScriptRuntime] [  LOG] [20:35:52.773] [_W7Probe]  W7:     FAILED id='menu-libs-expendable-button_quad-button-icon' url=file://Media/Manialinks/Nadeo/CMGame/Utils/Icons/128x128/icons_128_settings_voice_off.dds visible=1 pos=50.5608,-53.2 size=5.6x5.6
[   ScriptRuntime] [  LOG] [20:35:52.773] [_W7Probe]  W7:     FAILED id='menu-libs-expendable-button_quad-focus-right' url=file://Media/Manialinks/Nadeo/CMGame/Utils/ButtonStyles/Straight/Common_Button_Contour_End_Straight.dds visible=1 pos=51.5608,-49.7 size=3.5x7
[   ScriptRuntime] [  LOG] [20:35:52.773] [_W7Probe]  W7:     FAILED id='menu-libs-expendable-button_quad-focus-center' url=file://Media/Manialinks/Nadeo/CMGame/Utils/ButtonStyles/Straight/Common_Button_Contour_Middle.dds visible=1 pos=49.5608,-49.7 size=2x7
[   ScriptRuntime] [  LOG] [20:35:52.773] [_W7Probe]  W7:     FAILED id='menu-libs-expendable-button_quad-focus-left' url=file://Media/Manialinks/Nadeo/CMGame/Utils/ButtonStyles/Straight/Common_Button_Contour_Start_Straight.dds visible=1 pos=46.0608,-49.7 size=3.5x7
[   ScriptRuntime] [  LOG] [20:35:52.773] [_W7Probe]  W7:     FAILED id='menu-libs-expendable-button_quad-bg-right' url=file://Media/Manialinks/Nadeo/CMGame/Utils/ButtonStyles/Straight/Common_Button_End_Straight.dds visible=1 pos=51.5608,-49.7 size=3.5x7
[   ScriptRuntime] [  LOG] [20:35:52.774] [_W7Probe]  W7:     FAILED id='menu-libs-expendable-button_quad-bg-left' url=file://Media/Manialinks/Nadeo/CMGame/Utils/ButtonStyles/Straight/Common_Button_Start_Straight.dds visible=1 pos=46.0608,-49.7 size=3.5x7
[   ScriptRuntime] [  LOG] [20:35:52.774] [_W7Probe]  W7:     FAILED id='menu-libs-expendable-button_quad-button-icon' url=file://Media/Manialinks/Nadeo/CMGame/Utils/Icons/128x128/icons_128_HUD_Cam_follow_inc.dds visible=1 pos=41.5607,-53.2 size=5.6x5.6
[   ScriptRuntime] [  LOG] [20:35:52.774] [_W7Probe]  W7:     FAILED id='menu-libs-expendable-button_quad-focus-right' url=file://Media/Manialinks/Nadeo/CMGame/Utils/ButtonStyles/Straight/Common_Button_Contour_End_Straight.dds visible=1 pos=42.5607,-49.7 size=3.5x7
[   ScriptRuntime] [  LOG] [20:35:52.774] [_W7Probe]  W7:     FAILED id='menu-libs-expendable-button_quad-focus-center' url=file://Media/Manialinks/Nadeo/CMGame/Utils/ButtonStyles/Straight/Common_Button_Contour_Middle.dds visible=1 pos=40.5607,-49.7 size=2x7
[   ScriptRuntime] [  LOG] [20:35:52.774] [_W7Probe]  W7:     FAILED id='menu-libs-expendable-button_quad-focus-left' url=file://Media/Manialinks/Nadeo/CMGame/Utils/ButtonStyles/Straight/Common_Button_Contour_Start_Straight.dds visible=1 pos=37.0608,-49.7 size=3.5x7
[   ScriptRuntime] [  LOG] [20:35:52.774] [_W7Probe]  W7:     FAILED id='menu-libs-expendable-button_quad-bg-right' url=file://Media/Manialinks/Nadeo/CMGame/Utils/ButtonStyles/Straight/Common_Button_End_Straight.dds visible=1 pos=42.5607,-49.7 size=3.5x7
[   ScriptRuntime] [  LOG] [20:35:52.774] [_W7Probe]  W7:     FAILED id='menu-libs-expendable-button_quad-bg-left' url=file://Media/Manialinks/Nadeo/CMGame/Utils/ButtonStyles/Straight/Common_Button_Start_Straight.dds visible=1 pos=37.0608,-49.7 size=3.5x7
[   ScriptRuntime] [  LOG] [20:35:52.774] [_W7Probe]  W7:     FAILED id='menu-libs-expendable-button_quad-button-icon' url=file://Media/Manialinks/Nadeo/CMGame/Utils/Icons/128x128/icons_128_profile_inc.dds visible=1 pos=32.5608,-53.2 size=5.6x5.6
[   ScriptRuntime] [  LOG] [20:35:52.774] [_W7Probe]  W7:     FAILED id='menu-libs-expendable-button_quad-focus-right' url=file://Media/Manialinks/Nadeo/CMGame/Utils/ButtonStyles/Straight/Common_Button_Contour_End_Straight.dds visible=1 pos=33.5608,-49.7 size=3.5x7
[   ScriptRuntime] [  LOG] [20:35:52.774] [_W7Probe]  W7:     FAILED id='menu-libs-expendable-button_quad-focus-center' url=file://Media/Manialinks/Nadeo/CMGame/Utils/ButtonStyles/Straight/Common_Button_Contour_Middle.dds visible=1 pos=31.5608,-49.7 size=2x7
[   ScriptRuntime] [  LOG] [20:35:52.774] [_W7Probe]  W7:     FAILED id='menu-libs-expendable-button_quad-focus-left' url=file://Media/Manialinks/Nadeo/CMGame/Utils/ButtonStyles/Straight/Common_Button_Contour_Start_Straight.dds visible=1 pos=28.0608,-49.7 size=3.5x7
[   ScriptRuntime] [  LOG] [20:35:52.774] [_W7Probe]  W7:     FAILED id='menu-libs-expendable-button_quad-bg-right' url=file://Media/Manialinks/Nadeo/CMGame/Utils/ButtonStyles/Straight/Common_Button_End_Straight.dds visible=1 pos=33.5608,-49.7 size=3.5x7
[   ScriptRuntime] [  LOG] [20:35:52.774] [_W7Probe]  W7:     FAILED id='menu-libs-expendable-button_quad-bg-left' url=file://Media/Manialinks/Nadeo/CMGame/Utils/ButtonStyles/Straight/Common_Button_Start_Straight.dds visible=1 pos=28.0608,-49.7 size=3.5x7
[   ScriptRuntime] [  LOG] [20:35:52.774] [_W7Probe]  W7:     FAILED id='menu-libs-expendable-button_quad-button-icon' url=file://Media/Manialinks/Nadeo/CMGame/Utils/Icons/128x128/icons_128_settings_voice_off.dds visible=1 pos=51.989,-45.1 size=5.6x5.6
[   ScriptRuntime] [  LOG] [20:35:52.774] [_W7Probe]  W7:     FAILED id='menu-libs-expendable-button_quad-focus-right' url=file://Media/Manialinks/Nadeo/CMGame/Utils/ButtonStyles/Straight/Common_Button_Contour_End_Straight.dds visible=1 pos=52.989,-41.6 size=3.5x7
[   ScriptRuntime] [  LOG] [20:35:52.774] [_W7Probe]  W7:     FAILED id='menu-libs-expendable-button_quad-focus-center' url=file://Media/Manialinks/Nadeo/CMGame/Utils/ButtonStyles/Straight/Common_Button_Contour_Middle.dds visible=1 pos=50.989,-41.6 size=2x7
[   ScriptRuntime] [  LOG] [20:35:52.774] [_W7Probe]  W7:     FAILED id='menu-libs-expendable-button_quad-focus-left' url=file://Media/Manialinks/Nadeo/CMGame/Utils/ButtonStyles/Straight/Common_Button_Contour_Start_Straight.dds visible=1 pos=47.489,-41.6 size=3.5x7
[   ScriptRuntime] [  LOG] [20:35:52.774] [_W7Probe]  W7:     FAILED id='menu-libs-expendable-button_quad-bg-right' url=file://Media/Manialinks/Nadeo/CMGame/Utils/ButtonStyles/Straight/Common_Button_End_Straight.dds visible=1 pos=52.989,-41.6 size=3.5x7
[   ScriptRuntime] [  LOG] [20:35:52.774] [_W7Probe]  W7:     FAILED id='menu-libs-expendable-button_quad-bg-left' url=file://Media/Manialinks/Nadeo/CMGame/Utils/ButtonStyles/Straight/Common_Button_Start_Straight.dds visible=1 pos=47.489,-41.6 size=3.5x7
[   ScriptRuntime] [  LOG] [20:35:52.774] [_W7Probe]  W7:     FAILED id='menu-libs-expendable-button_quad-button-icon' url=file://Media/Manialinks/Nadeo/CMGame/Utils/Icons/128x128/icons_128_HUD_Cam_follow_inc.dds visible=1 pos=42.989,-45.1 size=5.6x5.6
[   ScriptRuntime] [  LOG] [20:35:52.774] [_W7Probe]  W7:     FAILED id='menu-libs-expendable-button_quad-focus-right' url=file://Media/Manialinks/Nadeo/CMGame/Utils/ButtonStyles/Straight/Common_Button_Contour_End_Straight.dds visible=1 pos=43.989,-41.6 size=3.5x7
[   ScriptRuntime] [  LOG] [20:35:52.774] [_W7Probe]  W7:     FAILED id='menu-libs-expendable-button_quad-focus-center' url=file://Media/Manialinks/Nadeo/CMGame/Utils/ButtonStyles/Straight/Common_Button_Contour_Middle.dds visible=1 pos=41.989,-41.6 size=2x7
[   ScriptRuntime] [  LOG] [20:35:52.774] [_W7Probe]  W7:     FAILED id='menu-libs-expendable-button_quad-focus-left' url=file://Media/Manialinks/Nadeo/CMGame/Utils/ButtonStyles/Straight/Common_Button_Contour_Start_Straight.dds visible=1 pos=38.489,-41.6 size=3.5x7
[   ScriptRuntime] [  LOG] [20:35:52.774] [_W7Probe]  W7:     FAILED id='menu-libs-expendable-button_quad-bg-right' url=file://Media/Manialinks/Nadeo/CMGame/Utils/ButtonStyles/Straight/Common_Button_End_Straight.dds visible=1 pos=43.989,-41.6 size=3.5x7
[   ScriptRuntime] [  LOG] [20:35:52.774] [_W7Probe]  W7:     FAILED id='menu-libs-expendable-button_quad-bg-left' url=file://Media/Manialinks/Nadeo/CMGame/Utils/ButtonStyles/Straight/Common_Button_Start_Straight.dds visible=1 pos=38.489,-41.6 size=3.5x7
[   ScriptRuntime] [  LOG] [20:35:52.774] [_W7Probe]  W7:     FAILED id='menu-libs-expendable-button_quad-button-icon' url=file://Media/Manialinks/Nadeo/CMGame/Utils/Icons/128x128/icons_128_profile_inc.dds visible=1 pos=33.989,-45.1 size=5.6x5.6
[   ScriptRuntime] [  LOG] [20:35:52.774] [_W7Probe]  W7:     FAILED id='menu-libs-expendable-button_quad-focus-right' url=file://Media/Manialinks/Nadeo/CMGame/Utils/ButtonStyles/Straight/Common_Button_Contour_End_Straight.dds visible=1 pos=34.989,-41.6 size=3.5x7
[   ScriptRuntime] [  LOG] [20:35:52.774] [_W7Probe]  W7:     FAILED id='menu-libs-expendable-button_quad-focus-center' url=file://Media/Manialinks/Nadeo/CMGame/Utils/ButtonStyles/Straight/Common_Button_Contour_Middle.dds visible=1 pos=32.989,-41.6 size=2x7
[   ScriptRuntime] [  LOG] [20:35:52.774] [_W7Probe]  W7:     FAILED id='menu-libs-expendable-button_quad-focus-left' url=file://Media/Manialinks/Nadeo/CMGame/Utils/ButtonStyles/Straight/Common_Button_Contour_Start_Straight.dds visible=1 pos=29.489,-41.6 size=3.5x7
[   ScriptRuntime] [  LOG] [20:35:52.774] [_W7Probe]  W7:     FAILED id='menu-libs-expendable-button_quad-bg-right' url=file://Media/Manialinks/Nadeo/CMGame/Utils/ButtonStyles/Straight/Common_Button_End_Straight.dds visible=1 pos=34.989,-41.6 size=3.5x7
[   ScriptRuntime] [  LOG] [20:35:52.774] [_W7Probe]  W7:     FAILED id='menu-libs-expendable-button_quad-bg-left' url=file://Media/Manialinks/Nadeo/CMGame/Utils/ButtonStyles/Straight/Common_Button_Start_Straight.dds visible=1 pos=29.489,-41.6 size=3.5x7
[   ScriptRuntime] [  LOG] [20:35:52.774] [_W7Probe]  W7:     FAILED id='menu-libs-expendable-button_quad-button-icon' url=file://Media/Manialinks/Nadeo/CMGame/Utils/Icons/128x128/icons_128_settings_voice_off.dds visible=1 pos=53.4173,-37 size=5.6x5.6
[   ScriptRuntime] [  LOG] [20:35:52.774] [_W7Probe]  W7:     FAILED id='menu-libs-expendable-button_quad-focus-right' url=file://Media/Manialinks/Nadeo/CMGame/Utils/ButtonStyles/Straight/Common_Button_Contour_End_Straight.dds visible=1 pos=54.4173,-33.5 size=3.5x7
[   ScriptRuntime] [  LOG] [20:35:52.774] [_W7Probe]  W7:     FAILED id='menu-libs-expendable-button_quad-focus-center' url=file://Media/Manialinks/Nadeo/CMGame/Utils/ButtonStyles/Straight/Common_Button_Contour_Middle.dds visible=1 pos=52.4173,-33.5 size=2x7
[   ScriptRuntime] [  LOG] [20:35:52.774] [_W7Probe]  W7:     FAILED id='menu-libs-expendable-button_quad-focus-left' url=file://Media/Manialinks/Nadeo/CMGame/Utils/ButtonStyles/Straight/Common_Button_Contour_Start_Straight.dds visible=1 pos=48.9172,-33.5 size=3.5x7
[   ScriptRuntime] [  LOG] [20:35:52.774] [_W7Probe]  W7:     FAILED id='menu-libs-expendable-button_quad-bg-right' url=file://Media/Manialinks/Nadeo/CMGame/Utils/ButtonStyles/Straight/Common_Button_End_Straight.dds visible=1 pos=54.4173,-33.5 size=3.5x7
[   ScriptRuntime] [  LOG] [20:35:52.774] [_W7Probe]  W7:     FAILED id='menu-libs-expendable-button_quad-bg-left' url=file://Media/Manialinks/Nadeo/CMGame/Utils/ButtonStyles/Straight/Common_Button_Start_Straight.dds visible=1 pos=48.9172,-33.5 size=3.5x7
[   ScriptRuntime] [  LOG] [20:35:52.774] [_W7Probe]  W7:     FAILED id='menu-libs-expendable-button_quad-button-icon' url=file://Media/Manialinks/Nadeo/CMGame/Utils/Icons/128x128/icons_128_HUD_Cam_follow_inc.dds visible=1 pos=44.4172,-37 size=5.6x5.6
[   ScriptRuntime] [  LOG] [20:35:52.774] [_W7Probe]  W7:     FAILED id='menu-libs-expendable-button_quad-focus-right' url=file://Media/Manialinks/Nadeo/CMGame/Utils/ButtonStyles/Straight/Common_Button_Contour_End_Straight.dds visible=1 pos=45.4172,-33.5 size=3.5x7
[   ScriptRuntime] [  LOG] [20:35:52.774] [_W7Probe]  W7:     FAILED id='menu-libs-expendable-button_quad-focus-center' url=file://Media/Manialinks/Nadeo/CMGame/Utils/ButtonStyles/Straight/Common_Button_Contour_Middle.dds visible=1 pos=43.4172,-33.5 size=2x7
[   ScriptRuntime] [  LOG] [20:35:52.774] [_W7Probe]  W7:     FAILED id='menu-libs-expendable-button_quad-focus-left' url=file://Media/Manialinks/Nadeo/CMGame/Utils/ButtonStyles/Straight/Common_Button_Contour_Start_Straight.dds visible=1 pos=39.9173,-33.5 size=3.5x7
[   ScriptRuntime] [  LOG] [20:35:52.774] [_W7Probe]  W7:     FAILED id='menu-libs-expendable-button_quad-bg-right' url=file://Media/Manialinks/Nadeo/CMGame/Utils/ButtonStyles/Straight/Common_Button_End_Straight.dds visible=1 pos=45.4172,-33.5 size=3.5x7
[   ScriptRuntime] [  LOG] [20:35:52.774] [_W7Probe]  W7:     FAILED id='menu-libs-expendable-button_quad-bg-left' url=file://Media/Manialinks/Nadeo/CMGame/Utils/ButtonStyles/Straight/Common_Button_Start_Straight.dds visible=1 pos=39.9173,-33.5 size=3.5x7
[   ScriptRuntime] [  LOG] [20:35:52.774] [_W7Probe]  W7:     FAILED id='menu-libs-expendable-button_quad-button-icon' url=file://Media/Manialinks/Nadeo/CMGame/Utils/Icons/128x128/icons_128_profile_inc.dds visible=1 pos=35.4172,-37 size=5.6x5.6
[   ScriptRuntime] [  LOG] [20:35:52.774] [_W7Probe]  W7:     FAILED id='menu-libs-expendable-button_quad-focus-right' url=file://Media/Manialinks/Nadeo/CMGame/Utils/ButtonStyles/Straight/Common_Button_Contour_End_Straight.dds visible=1 pos=36.4172,-33.5 size=3.5x7
[   ScriptRuntime] [  LOG] [20:35:52.774] [_W7Probe]  W7:     FAILED id='menu-libs-expendable-button_quad-focus-center' url=file://Media/Manialinks/Nadeo/CMGame/Utils/ButtonStyles/Straight/Common_Button_Contour_Middle.dds visible=1 pos=34.4172,-33.5 size=2x7
[   ScriptRuntime] [  LOG] [20:35:52.774] [_W7Probe]  W7:     FAILED id='menu-libs-expendable-button_quad-focus-left' url=file://Media/Manialinks/Nadeo/CMGame/Utils/ButtonStyles/Straight/Common_Button_Contour_Start_Straight.dds visible=1 pos=30.9173,-33.5 size=3.5x7
[   ScriptRuntime] [  LOG] [20:35:52.774] [_W7Probe]  W7:     FAILED id='menu-libs-expendable-button_quad-bg-right' url=file://Media/Manialinks/Nadeo/CMGame/Utils/ButtonStyles/Straight/Common_Button_End_Straight.dds visible=1 pos=36.4172,-33.5 size=3.5x7
[   ScriptRuntime] [  LOG] [20:35:52.774] [_W7Probe]  W7:     FAILED id='menu-libs-expendable-button_quad-bg-left' url=file://Media/Manialinks/Nadeo/CMGame/Utils/ButtonStyles/Straight/Common_Button_Start_Straight.dds visible=1 pos=30.9173,-33.5 size=3.5x7
[   ScriptRuntime] [  LOG] [20:35:52.774] [_W7Probe]  W7:     FAILED id='menu-libs-expendable-button_quad-button-icon' url=file://Media/Manialinks/Nadeo/CMGame/Utils/Icons/128x128/icons_128_settings_voice_off.dds visible=1 pos=54.8455,-28.9 size=5.6x5.6
[   ScriptRuntime] [  LOG] [20:35:52.774] [_W7Probe]  W7:     FAILED id='menu-libs-expendable-button_quad-focus-right' url=file://Media/Manialinks/Nadeo/CMGame/Utils/ButtonStyles/Straight/Common_Button_Contour_End_Straight.dds visible=1 pos=55.8455,-25.4 size=3.5x7
[   ScriptRuntime] [  LOG] [20:35:52.774] [_W7Probe]  W7:     FAILED id='menu-libs-expendable-button_quad-focus-center' url=file://Media/Manialinks/Nadeo/CMGame/Utils/ButtonStyles/Straight/Common_Button_Contour_Middle.dds visible=1 pos=53.8455,-25.4 size=2x7
[   ScriptRuntime] [  LOG] [20:35:52.774] [_W7Probe]  W7:     FAILED id='menu-libs-expendable-button_quad-focus-left' url=file://Media/Manialinks/Nadeo/CMGame/Utils/ButtonStyles/Straight/Common_Button_Contour_Start_Straight.dds visible=1 pos=50.3455,-25.4 size=3.5x7
[   ScriptRuntime] [  LOG] [20:35:52.774] [_W7Probe]  W7:     FAILED id='menu-libs-expendable-button_quad-bg-right' url=file://Media/Manialinks/Nadeo/CMGame/Utils/ButtonStyles/Straight/Common_Button_End_Straight.dds visible=1 pos=55.8455,-25.4 size=3.5x7
[   ScriptRuntime] [  LOG] [20:35:52.774] [_W7Probe]  W7:     FAILED id='menu-libs-expendable-button_quad-bg-left' url=file://Media/Manialinks/Nadeo/CMGame/Utils/ButtonStyles/Straight/Common_Button_Start_Straight.dds visible=1 pos=50.3455,-25.4 size=3.5x7
[   ScriptRuntime] [  LOG] [20:35:52.774] [_W7Probe]  W7:     FAILED id='menu-libs-expendable-button_quad-button-icon' url=file://Media/Manialinks/Nadeo/CMGame/Utils/Icons/128x128/icons_128_HUD_Cam_follow_inc.dds visible=1 pos=45.8455,-28.9 size=5.6x5.6
[   ScriptRuntime] [  LOG] [20:35:52.775] [_W7Probe]  W7:     FAILED id='menu-libs-expendable-button_quad-focus-right' url=file://Media/Manialinks/Nadeo/CMGame/Utils/ButtonStyles/Straight/Common_Button_Contour_End_Straight.dds visible=1 pos=46.8455,-25.4 size=3.5x7
[   ScriptRuntime] [  LOG] [20:35:52.775] [_W7Probe]  W7:     FAILED id='menu-libs-expendable-button_quad-focus-center' url=file://Media/Manialinks/Nadeo/CMGame/Utils/ButtonStyles/Straight/Common_Button_Contour_Middle.dds visible=1 pos=44.8455,-25.4 size=2x7
[   ScriptRuntime] [  LOG] [20:35:52.775] [_W7Probe]  W7:     FAILED id='menu-libs-expendable-button_quad-focus-left' url=file://Media/Manialinks/Nadeo/CMGame/Utils/ButtonStyles/Straight/Common_Button_Contour_Start_Straight.dds visible=1 pos=41.3455,-25.4 size=3.5x7
[   ScriptRuntime] [  LOG] [20:35:52.775] [_W7Probe]  W7:     FAILED id='menu-libs-expendable-button_quad-bg-right' url=file://Media/Manialinks/Nadeo/CMGame/Utils/ButtonStyles/Straight/Common_Button_End_Straight.dds visible=1 pos=46.8455,-25.4 size=3.5x7
[   ScriptRuntime] [  LOG] [20:35:52.775] [_W7Probe]  W7:     FAILED id='menu-libs-expendable-button_quad-bg-left' url=file://Media/Manialinks/Nadeo/CMGame/Utils/ButtonStyles/Straight/Common_Button_Start_Straight.dds visible=1 pos=41.3455,-25.4 size=3.5x7
[   ScriptRuntime] [  LOG] [20:35:52.775] [_W7Probe]  W7:     FAILED id='menu-libs-expendable-button_quad-button-icon' url=file://Media/Manialinks/Nadeo/CMGame/Utils/Icons/128x128/icons_128_profile_inc.dds visible=1 pos=36.8455,-28.9 size=5.6x5.6
[   ScriptRuntime] [  LOG] [20:35:52.775] [_W7Probe]  W7:     FAILED id='menu-libs-expendable-button_quad-focus-right' url=file://Media/Manialinks/Nadeo/CMGame/Utils/ButtonStyles/Straight/Common_Button_Contour_End_Straight.dds visible=1 pos=37.8455,-25.4 size=3.5x7
[   ScriptRuntime] [  LOG] [20:35:52.775] [_W7Probe]  W7:     FAILED id='menu-libs-expendable-button_quad-focus-center' url=file://Media/Manialinks/Nadeo/CMGame/Utils/ButtonStyles/Straight/Common_Button_Contour_Middle.dds visible=1 pos=35.8455,-25.4 size=2x7
[   ScriptRuntime] [  LOG] [20:35:52.775] [_W7Probe]  W7:     FAILED id='menu-libs-expendable-button_quad-focus-left' url=file://Media/Manialinks/Nadeo/CMGame/Utils/ButtonStyles/Straight/Common_Button_Contour_Start_Straight.dds visible=1 pos=32.3455,-25.4 size=3.5x7
[   ScriptRuntime] [  LOG] [20:35:52.775] [_W7Probe]  W7:     FAILED id='menu-libs-expendable-button_quad-bg-right' url=file://Media/Manialinks/Nadeo/CMGame/Utils/ButtonStyles/Straight/Common_Button_End_Straight.dds visible=1 pos=37.8455,-25.4 size=3.5x7
[   ScriptRuntime] [  LOG] [20:35:52.775] [_W7Probe]  W7:     FAILED id='menu-libs-expendable-button_quad-bg-left' url=file://Media/Manialinks/Nadeo/CMGame/Utils/ButtonStyles/Straight/Common_Button_Start_Straight.dds visible=1 pos=32.3455,-25.4 size=3.5x7
[   ScriptRuntime] [  LOG] [20:35:52.775] [_W7Probe]  W7:     FAILED id='menu-libs-expendable-button_quad-button-icon' url=file://Media/Manialinks/Nadeo/CMGame/Utils/Icons/128x128/icons_128_settings_voice_off.dds visible=1 pos=56.2737,-20.8 size=5.6x5.6
[   ScriptRuntime] [  LOG] [20:35:52.775] [_W7Probe]  W7:     FAILED id='menu-libs-expendable-button_quad-focus-right' url=file://Media/Manialinks/Nadeo/CMGame/Utils/ButtonStyles/Straight/Common_Button_Contour_End_Straight.dds visible=1 pos=57.2737,-17.3 size=3.5x7
[   ScriptRuntime] [  LOG] [20:35:52.775] [_W7Probe]  W7:     FAILED id='menu-libs-expendable-button_quad-focus-center' url=file://Media/Manialinks/Nadeo/CMGame/Utils/ButtonStyles/Straight/Common_Button_Contour_Middle.dds visible=1 pos=55.2738,-17.3 size=2x7
[   ScriptRuntime] [  LOG] [20:35:52.775] [_W7Probe]  W7:     FAILED id='menu-libs-expendable-button_quad-focus-left' url=file://Media/Manialinks/Nadeo/CMGame/Utils/ButtonStyles/Straight/Common_Button_Contour_Start_Straight.dds visible=1 pos=51.7737,-17.3 size=3.5x7
[   ScriptRuntime] [  LOG] [20:35:52.775] [_W7Probe]  W7:     FAILED id='menu-libs-expendable-button_quad-bg-right' url=file://Media/Manialinks/Nadeo/CMGame/Utils/ButtonStyles/Straight/Common_Button_End_Straight.dds visible=1 pos=57.2737,-17.3 size=3.5x7
[   ScriptRuntime] [  LOG] [20:35:52.775] [_W7Probe]  W7:     FAILED id='menu-libs-expendable-button_quad-bg-left' url=file://Media/Manialinks/Nadeo/CMGame/Utils/ButtonStyles/Straight/Common_Button_Start_Straight.dds visible=1 pos=51.7737,-17.3 size=3.5x7
[   ScriptRuntime] [  LOG] [20:35:52.775] [_W7Probe]  W7:     FAILED id='menu-libs-expendable-button_quad-button-icon' url=file://Media/Manialinks/Nadeo/CMGame/Utils/Icons/128x128/icons_128_HUD_Cam_follow_inc.dds visible=1 pos=47.2738,-20.8 size=5.6x5.6
[   ScriptRuntime] [  LOG] [20:35:52.775] [_W7Probe]  W7:     FAILED id='menu-libs-expendable-button_quad-focus-right' url=file://Media/Manialinks/Nadeo/CMGame/Utils/ButtonStyles/Straight/Common_Button_Contour_End_Straight.dds visible=1 pos=48.2738,-17.3 size=3.5x7
[   ScriptRuntime] [  LOG] [20:35:52.775] [_W7Probe]  W7:     FAILED id='menu-libs-expendable-button_quad-focus-center' url=file://Media/Manialinks/Nadeo/CMGame/Utils/ButtonStyles/Straight/Common_Button_Contour_Middle.dds visible=1 pos=46.2738,-17.3 size=2x7
[   ScriptRuntime] [  LOG] [20:35:52.775] [_W7Probe]  W7:     FAILED id='menu-libs-expendable-button_quad-focus-left' url=file://Media/Manialinks/Nadeo/CMGame/Utils/ButtonStyles/Straight/Common_Button_Contour_Start_Straight.dds visible=1 pos=42.7738,-17.3 size=3.5x7
[   ScriptRuntime] [  LOG] [20:35:52.775] [_W7Probe]  W7:     FAILED id='menu-libs-expendable-button_quad-bg-right' url=file://Media/Manialinks/Nadeo/CMGame/Utils/ButtonStyles/Straight/Common_Button_End_Straight.dds visible=1 pos=48.2738,-17.3 size=3.5x7
[   ScriptRuntime] [  LOG] [20:35:52.775] [_W7Probe]  W7:     FAILED id='menu-libs-expendable-button_quad-bg-left' url=file://Media/Manialinks/Nadeo/CMGame/Utils/ButtonStyles/Straight/Common_Button_Start_Straight.dds visible=1 pos=42.7738,-17.3 size=3.5x7
[   ScriptRuntime] [  LOG] [20:35:52.775] [_W7Probe]  W7:     FAILED id='menu-libs-expendable-button_quad-button-icon' url=file://Media/Manialinks/Nadeo/CMGame/Utils/Icons/128x128/icons_128_profile_inc.dds visible=1 pos=38.2737,-20.8 size=5.6x5.6
[   ScriptRuntime] [  LOG] [20:35:52.775] [_W7Probe]  W7:     FAILED id='menu-libs-expendable-button_quad-focus-right' url=file://Media/Manialinks/Nadeo/CMGame/Utils/ButtonStyles/Straight/Common_Button_Contour_End_Straight.dds visible=1 pos=39.2737,-17.3 size=3.5x7
[   ScriptRuntime] [  LOG] [20:35:52.775] [_W7Probe]  W7:     FAILED id='menu-libs-expendable-button_quad-focus-center' url=file://Media/Manialinks/Nadeo/CMGame/Utils/ButtonStyles/Straight/Common_Button_Contour_Middle.dds visible=1 pos=37.2737,-17.3 size=2x7
[   ScriptRuntime] [  LOG] [20:35:52.775] [_W7Probe]  W7:     FAILED id='menu-libs-expendable-button_quad-focus-left' url=file://Media/Manialinks/Nadeo/CMGame/Utils/ButtonStyles/Straight/Common_Button_Contour_Start_Straight.dds visible=1 pos=33.7737,-17.3 size=3.5x7
[   ScriptRuntime] [  LOG] [20:35:52.775] [_W7Probe]  W7:     FAILED id='menu-libs-expendable-button_quad-bg-right' url=file://Media/Manialinks/Nadeo/CMGame/Utils/ButtonStyles/Straight/Common_Button_End_Straight.dds visible=1 pos=39.2737,-17.3 size=3.5x7
[   ScriptRuntime] [  LOG] [20:35:52.775] [_W7Probe]  W7:     FAILED id='menu-libs-expendable-button_quad-bg-left' url=file://Media/Manialinks/Nadeo/CMGame/Utils/ButtonStyles/Straight/Common_Button_Start_Straight.dds visible=1 pos=33.7737,-17.3 size=3.5x7
[   ScriptRuntime] [  LOG] [20:35:52.775] [_W7Probe]  W7:     FAILED id='menu-libs-expendable-button_quad-button-icon' url=file://Media/Manialinks/Nadeo/CMGame/Utils/Icons/128x128/icons_128_settings_voice_off.dds visible=1 pos=57.702,-12.7 size=5.6x5.6
[   ScriptRuntime] [  LOG] [20:35:52.775] [_W7Probe]  W7:     FAILED id='menu-libs-expendable-button_quad-focus-right' url=file://Media/Manialinks/Nadeo/CMGame/Utils/ButtonStyles/Straight/Common_Button_Contour_End_Straight.dds visible=1 pos=58.702,-9.2 size=3.5x7
[   ScriptRuntime] [  LOG] [20:35:52.775] [_W7Probe]  W7:     FAILED id='menu-libs-expendable-button_quad-focus-center' url=file://Media/Manialinks/Nadeo/CMGame/Utils/ButtonStyles/Straight/Common_Button_Contour_Middle.dds visible=1 pos=56.702,-9.2 size=2x7
[   ScriptRuntime] [  LOG] [20:35:52.775] [_W7Probe]  W7:     FAILED id='menu-libs-expendable-button_quad-focus-left' url=file://Media/Manialinks/Nadeo/CMGame/Utils/ButtonStyles/Straight/Common_Button_Contour_Start_Straight.dds visible=1 pos=53.202,-9.2 size=3.5x7
[   ScriptRuntime] [  LOG] [20:35:52.775] [_W7Probe]  W7:     FAILED id='menu-libs-expendable-button_quad-bg-right' url=file://Media/Manialinks/Nadeo/CMGame/Utils/ButtonStyles/Straight/Common_Button_End_Straight.dds visible=1 pos=58.702,-9.2 size=3.5x7
[   ScriptRuntime] [  LOG] [20:35:52.775] [_W7Probe]  W7:     FAILED id='menu-libs-expendable-button_quad-bg-left' url=file://Media/Manialinks/Nadeo/CMGame/Utils/ButtonStyles/Straight/Common_Button_Start_Straight.dds visible=1 pos=53.202,-9.2 size=3.5x7
[   ScriptRuntime] [  LOG] [20:35:52.775] [_W7Probe]  W7:     FAILED id='menu-libs-expendable-button_quad-button-icon' url=file://Media/Manialinks/Nadeo/CMGame/Utils/Icons/128x128/icons_128_HUD_Cam_follow_inc.dds visible=1 pos=48.702,-12.7 size=5.6x5.6
[   ScriptRuntime] [  LOG] [20:35:52.775] [_W7Probe]  W7:     FAILED id='menu-libs-expendable-button_quad-focus-right' url=file://Media/Manialinks/Nadeo/CMGame/Utils/ButtonStyles/Straight/Common_Button_Contour_End_Straight.dds visible=1 pos=49.702,-9.2 size=3.5x7
[   ScriptRuntime] [  LOG] [20:35:52.775] [_W7Probe]  W7:     FAILED id='menu-libs-expendable-button_quad-focus-center' url=file://Media/Manialinks/Nadeo/CMGame/Utils/ButtonStyles/Straight/Common_Button_Contour_Middle.dds visible=1 pos=47.702,-9.2 size=2x7
[   ScriptRuntime] [  LOG] [20:35:52.775] [_W7Probe]  W7:     FAILED id='menu-libs-expendable-button_quad-focus-left' url=file://Media/Manialinks/Nadeo/CMGame/Utils/ButtonStyles/Straight/Common_Button_Contour_Start_Straight.dds visible=1 pos=44.202,-9.2 size=3.5x7
[   ScriptRuntime] [  LOG] [20:35:52.775] [_W7Probe]  W7:     FAILED id='menu-libs-expendable-button_quad-bg-right' url=file://Media/Manialinks/Nadeo/CMGame/Utils/ButtonStyles/Straight/Common_Button_End_Straight.dds visible=1 pos=49.702,-9.2 size=3.5x7
[   ScriptRuntime] [  LOG] [20:35:52.775] [_W7Probe]  W7:     FAILED id='menu-libs-expendable-button_quad-bg-left' url=file://Media/Manialinks/Nadeo/CMGame/Utils/ButtonStyles/Straight/Common_Button_Start_Straight.dds visible=1 pos=44.202,-9.2 size=3.5x7
[   ScriptRuntime] [  LOG] [20:35:52.775] [_W7Probe]  W7:     FAILED id='menu-libs-expendable-button_quad-button-icon' url=file://Media/Manialinks/Nadeo/CMGame/Utils/Icons/128x128/icons_128_profile_inc.dds visible=1 pos=39.702,-12.7 size=5.6x5.6
[   ScriptRuntime] [  LOG] [20:35:52.775] [_W7Probe]  W7:     FAILED id='menu-libs-expendable-button_quad-focus-right' url=file://Media/Manialinks/Nadeo/CMGame/Utils/ButtonStyles/Straight/Common_Button_Contour_End_Straight.dds visible=1 pos=40.702,-9.2 size=3.5x7
[   ScriptRuntime] [  LOG] [20:35:52.775] [_W7Probe]  W7:     FAILED id='menu-libs-expendable-button_quad-focus-center' url=file://Media/Manialinks/Nadeo/CMGame/Utils/ButtonStyles/Straight/Common_Button_Contour_Middle.dds visible=1 pos=38.702,-9.2 size=2x7
[   ScriptRuntime] [  LOG] [20:35:52.775] [_W7Probe]  W7:     FAILED id='menu-libs-expendable-button_quad-focus-left' url=file://Media/Manialinks/Nadeo/CMGame/Utils/ButtonStyles/Straight/Common_Button_Contour_Start_Straight.dds visible=1 pos=35.202,-9.2 size=3.5x7
[   ScriptRuntime] [  LOG] [20:35:52.775] [_W7Probe]  W7:     FAILED id='menu-libs-expendable-button_quad-bg-right' url=file://Media/Manialinks/Nadeo/CMGame/Utils/ButtonStyles/Straight/Common_Button_End_Straight.dds visible=1 pos=40.702,-9.2 size=3.5x7
[   ScriptRuntime] [  LOG] [20:35:52.775] [_W7Probe]  W7:     FAILED id='menu-libs-expendable-button_quad-bg-left' url=file://Media/Manialinks/Nadeo/CMGame/Utils/ButtonStyles/Straight/Common_Button_Start_Straight.dds visible=1 pos=35.202,-9.2 size=3.5x7
[   ScriptRuntime] [  LOG] [20:35:52.775] [_W7Probe]  W7:     FAILED id='menu-libs-expendable-button_quad-button-icon' url=file://Media/Manialinks/Nadeo/CMGame/Utils/Icons/128x128/icons_128_settings_voice_off.dds visible=1 pos=59.1302,-4.6 size=5.6x5.6
[   ScriptRuntime] [  LOG] [20:35:52.775] [_W7Probe]  W7:     FAILED id='menu-libs-expendable-button_quad-focus-right' url=file://Media/Manialinks/Nadeo/CMGame/Utils/ButtonStyles/Straight/Common_Button_Contour_End_Straight.dds visible=1 pos=60.1302,-1.1 size=3.5x7
[   ScriptRuntime] [  LOG] [20:35:52.775] [_W7Probe]  W7:     FAILED id='menu-libs-expendable-button_quad-focus-center' url=file://Media/Manialinks/Nadeo/CMGame/Utils/ButtonStyles/Straight/Common_Button_Contour_Middle.dds visible=1 pos=58.1302,-1.1 size=2x7
[   ScriptRuntime] [  LOG] [20:35:52.775] [_W7Probe]  W7:     FAILED id='menu-libs-expendable-button_quad-focus-left' url=file://Media/Manialinks/Nadeo/CMGame/Utils/ButtonStyles/Straight/Common_Button_Contour_Start_Straight.dds visible=1 pos=54.6302,-1.1 size=3.5x7
[   ScriptRuntime] [  LOG] [20:35:52.775] [_W7Probe]  W7:     FAILED id='menu-libs-expendable-button_quad-bg-right' url=file://Media/Manialinks/Nadeo/CMGame/Utils/ButtonStyles/Straight/Common_Button_End_Straight.dds visible=1 pos=60.1302,-1.1 size=3.5x7
[   ScriptRuntime] [  LOG] [20:35:52.775] [_W7Probe]  W7:     FAILED id='menu-libs-expendable-button_quad-bg-left' url=file://Media/Manialinks/Nadeo/CMGame/Utils/ButtonStyles/Straight/Common_Button_Start_Straight.dds visible=1 pos=54.6302,-1.1 size=3.5x7
[   ScriptRuntime] [  LOG] [20:35:52.775] [_W7Probe]  W7:     FAILED id='menu-libs-expendable-button_quad-button-icon' url=file://Media/Manialinks/Nadeo/CMGame/Utils/Icons/128x128/icons_128_HUD_Cam_follow_inc.dds visible=1 pos=50.1302,-4.6 size=5.6x5.6
[   ScriptRuntime] [  LOG] [20:35:52.775] [_W7Probe]  W7:     FAILED id='menu-libs-expendable-button_quad-focus-right' url=file://Media/Manialinks/Nadeo/CMGame/Utils/ButtonStyles/Straight/Common_Button_Contour_End_Straight.dds visible=1 pos=51.1302,-1.1 size=3.5x7
[   ScriptRuntime] [  LOG] [20:35:52.776] [_W7Probe]  W7:     FAILED id='menu-libs-expendable-button_quad-focus-center' url=file://Media/Manialinks/Nadeo/CMGame/Utils/ButtonStyles/Straight/Common_Button_Contour_Middle.dds visible=1 pos=49.1302,-1.1 size=2x7
[   ScriptRuntime] [  LOG] [20:35:52.776] [_W7Probe]  W7:     FAILED id='menu-libs-expendable-button_quad-focus-left' url=file://Media/Manialinks/Nadeo/CMGame/Utils/ButtonStyles/Straight/Common_Button_Contour_Start_Straight.dds visible=1 pos=45.6302,-1.1 size=3.5x7
[   ScriptRuntime] [  LOG] [20:35:52.776] [_W7Probe]  W7:     FAILED id='menu-libs-expendable-button_quad-bg-right' url=file://Media/Manialinks/Nadeo/CMGame/Utils/ButtonStyles/Straight/Common_Button_End_Straight.dds visible=1 pos=51.1302,-1.1 size=3.5x7
[   ScriptRuntime] [  LOG] [20:35:52.776] [_W7Probe]  W7:     FAILED id='menu-libs-expendable-button_quad-bg-left' url=file://Media/Manialinks/Nadeo/CMGame/Utils/ButtonStyles/Straight/Common_Button_Start_Straight.dds visible=1 pos=45.6302,-1.1 size=3.5x7
[   ScriptRuntime] [  LOG] [20:35:52.776] [_W7Probe]  W7:     FAILED id='menu-libs-expendable-button_quad-button-icon' url=file://Media/Manialinks/Nadeo/CMGame/Utils/Icons/128x128/icons_128_profile_inc.dds visible=1 pos=41.1302,-4.6 size=5.6x5.6
[   ScriptRuntime] [  LOG] [20:35:52.776] [_W7Probe]  W7:     FAILED id='menu-libs-expendable-button_quad-focus-right' url=file://Media/Manialinks/Nadeo/CMGame/Utils/ButtonStyles/Straight/Common_Button_Contour_End_Straight.dds visible=1 pos=42.1302,-1.1 size=3.5x7
[   ScriptRuntime] [  LOG] [20:35:52.776] [_W7Probe]  W7:     FAILED id='menu-libs-expendable-button_quad-focus-center' url=file://Media/Manialinks/Nadeo/CMGame/Utils/ButtonStyles/Straight/Common_Button_Contour_Middle.dds visible=1 pos=40.1302,-1.1 size=2x7
[   ScriptRuntime] [  LOG] [20:35:52.776] [_W7Probe]  W7:     FAILED id='menu-libs-expendable-button_quad-focus-left' url=file://Media/Manialinks/Nadeo/CMGame/Utils/ButtonStyles/Straight/Common_Button_Contour_Start_Straight.dds visible=1 pos=36.6302,-1.1 size=3.5x7
[   ScriptRuntime] [  LOG] [20:35:52.776] [_W7Probe]  W7:     FAILED id='menu-libs-expendable-button_quad-bg-right' url=file://Media/Manialinks/Nadeo/CMGame/Utils/ButtonStyles/Straight/Common_Button_End_Straight.dds visible=1 pos=42.1302,-1.1 size=3.5x7
[   ScriptRuntime] [  LOG] [20:35:52.776] [_W7Probe]  W7:     FAILED id='menu-libs-expendable-button_quad-bg-left' url=file://Media/Manialinks/Nadeo/CMGame/Utils/ButtonStyles/Straight/Common_Button_Start_Straight.dds visible=1 pos=36.6302,-1.1 size=3.5x7
[   ScriptRuntime] [  LOG] [20:35:52.776] [_W7Probe]  W7:     FAILED id='menu-libs-expendable-button_quad-button-icon' url=file://Media/Manialinks/Nadeo/CMGame/Utils/Icons/128x128/icons_128_settings_voice_off.dds visible=1 pos=60.5585,3.5 size=5.6x5.6
[   ScriptRuntime] [  LOG] [20:35:52.776] [_W7Probe]  W7:     FAILED id='menu-libs-expendable-button_quad-focus-right' url=file://Media/Manialinks/Nadeo/CMGame/Utils/ButtonStyles/Straight/Common_Button_Contour_End_Straight.dds visible=1 pos=61.5585,7 size=3.5x7
[   ScriptRuntime] [  LOG] [20:35:52.776] [_W7Probe]  W7:     FAILED id='menu-libs-expendable-button_quad-focus-center' url=file://Media/Manialinks/Nadeo/CMGame/Utils/ButtonStyles/Straight/Common_Button_Contour_Middle.dds visible=1 pos=59.5585,7 size=2x7
[   ScriptRuntime] [  LOG] [20:35:52.776] [_W7Probe]  W7:     FAILED id='menu-libs-expendable-button_quad-focus-left' url=file://Media/Manialinks/Nadeo/CMGame/Utils/ButtonStyles/Straight/Common_Button_Contour_Start_Straight.dds visible=1 pos=56.0585,7 size=3.5x7
[   ScriptRuntime] [  LOG] [20:35:52.776] [_W7Probe]  W7:     FAILED id='menu-libs-expendable-button_quad-bg-right' url=file://Media/Manialinks/Nadeo/CMGame/Utils/ButtonStyles/Straight/Common_Button_End_Straight.dds visible=1 pos=61.5585,7 size=3.5x7
[   ScriptRuntime] [  LOG] [20:35:52.776] [_W7Probe]  W7:     FAILED id='menu-libs-expendable-button_quad-bg-left' url=file://Media/Manialinks/Nadeo/CMGame/Utils/ButtonStyles/Straight/Common_Button_Start_Straight.dds visible=1 pos=56.0585,7 size=3.5x7
[   ScriptRuntime] [  LOG] [20:35:52.776] [_W7Probe]  W7:     FAILED id='menu-libs-expendable-button_quad-button-icon' url=file://Media/Manialinks/Nadeo/CMGame/Utils/Icons/128x128/icons_128_HUD_Cam_follow_inc.dds visible=1 pos=51.5585,3.5 size=5.6x5.6
[   ScriptRuntime] [  LOG] [20:35:52.776] [_W7Probe]  W7:     FAILED id='menu-libs-expendable-button_quad-focus-right' url=file://Media/Manialinks/Nadeo/CMGame/Utils/ButtonStyles/Straight/Common_Button_Contour_End_Straight.dds visible=1 pos=52.5585,7 size=3.5x7
[   ScriptRuntime] [  LOG] [20:35:52.776] [_W7Probe]  W7:     FAILED id='menu-libs-expendable-button_quad-focus-center' url=file://Media/Manialinks/Nadeo/CMGame/Utils/ButtonStyles/Straight/Common_Button_Contour_Middle.dds visible=1 pos=50.5585,7 size=2x7
[   ScriptRuntime] [  LOG] [20:35:52.776] [_W7Probe]  W7:     FAILED id='menu-libs-expendable-button_quad-focus-left' url=file://Media/Manialinks/Nadeo/CMGame/Utils/ButtonStyles/Straight/Common_Button_Contour_Start_Straight.dds visible=1 pos=47.0585,7 size=3.5x7
[   ScriptRuntime] [  LOG] [20:35:52.776] [_W7Probe]  W7:     FAILED id='menu-libs-expendable-button_quad-bg-right' url=file://Media/Manialinks/Nadeo/CMGame/Utils/ButtonStyles/Straight/Common_Button_End_Straight.dds visible=1 pos=52.5585,7 size=3.5x7
[   ScriptRuntime] [  LOG] [20:35:52.776] [_W7Probe]  W7:     FAILED id='menu-libs-expendable-button_quad-bg-left' url=file://Media/Manialinks/Nadeo/CMGame/Utils/ButtonStyles/Straight/Common_Button_Start_Straight.dds visible=1 pos=47.0585,7 size=3.5x7
[   ScriptRuntime] [  LOG] [20:35:52.776] [_W7Probe]  W7:     FAILED id='menu-libs-expendable-button_quad-button-icon' url=file://Media/Manialinks/Nadeo/CMGame/Utils/Icons/128x128/icons_128_profile_inc.dds visible=1 pos=42.5585,3.5 size=5.6x5.6
[   ScriptRuntime] [  LOG] [20:35:52.776] [_W7Probe]  W7:     FAILED id='menu-libs-expendable-button_quad-focus-right' url=file://Media/Manialinks/Nadeo/CMGame/Utils/ButtonStyles/Straight/Common_Button_Contour_End_Straight.dds visible=1 pos=43.5585,7 size=3.5x7
[   ScriptRuntime] [  LOG] [20:35:52.776] [_W7Probe]  W7:     FAILED id='menu-libs-expendable-button_quad-focus-center' url=file://Media/Manialinks/Nadeo/CMGame/Utils/ButtonStyles/Straight/Common_Button_Contour_Middle.dds visible=1 pos=41.5585,7 size=2x7
[   ScriptRuntime] [  LOG] [20:35:52.776] [_W7Probe]  W7:     FAILED id='menu-libs-expendable-button_quad-focus-left' url=file://Media/Manialinks/Nadeo/CMGame/Utils/ButtonStyles/Straight/Common_Button_Contour_Start_Straight.dds visible=1 pos=38.0585,7 size=3.5x7
[   ScriptRuntime] [  LOG] [20:35:52.776] [_W7Probe]  W7:     FAILED id='menu-libs-expendable-button_quad-bg-right' url=file://Media/Manialinks/Nadeo/CMGame/Utils/ButtonStyles/Straight/Common_Button_End_Straight.dds visible=1 pos=43.5585,7 size=3.5x7
[   ScriptRuntime] [  LOG] [20:35:52.776] [_W7Probe]  W7:     FAILED id='menu-libs-expendable-button_quad-bg-left' url=file://Media/Manialinks/Nadeo/CMGame/Utils/ButtonStyles/Straight/Common_Button_Start_Straight.dds visible=1 pos=38.0585,7 size=3.5x7
[   ScriptRuntime] [  LOG] [20:35:52.776] [_W7Probe]  W7:     FAILED id='menu-libs-expendable-button_quad-button-icon' url=file://Media/Manialinks/Nadeo/CMGame/Utils/Icons/128x128/icons_128_settings_voice_off.dds visible=1 pos=61.9867,11.6 size=5.6x5.6
[   ScriptRuntime] [  LOG] [20:35:52.776] [_W7Probe]  W7:     FAILED id='menu-libs-expendable-button_quad-focus-right' url=file://Media/Manialinks/Nadeo/CMGame/Utils/ButtonStyles/Straight/Common_Button_Contour_End_Straight.dds visible=1 pos=62.9868,15.1 size=3.5x7
[   ScriptRuntime] [  LOG] [20:35:52.776] [_W7Probe]  W7:     FAILED id='menu-libs-expendable-button_quad-focus-center' url=file://Media/Manialinks/Nadeo/CMGame/Utils/ButtonStyles/Straight/Common_Button_Contour_Middle.dds visible=1 pos=60.9868,15.1 size=2x7
[   ScriptRuntime] [  LOG] [20:35:52.776] [_W7Probe]  W7:     FAILED id='menu-libs-expendable-button_quad-focus-left' url=file://Media/Manialinks/Nadeo/CMGame/Utils/ButtonStyles/Straight/Common_Button_Contour_Start_Straight.dds visible=1 pos=57.4867,15.1 size=3.5x7
[   ScriptRuntime] [  LOG] [20:35:52.776] [_W7Probe]  W7:     FAILED id='menu-libs-expendable-button_quad-bg-right' url=file://Media/Manialinks/Nadeo/CMGame/Utils/ButtonStyles/Straight/Common_Button_End_Straight.dds visible=1 pos=62.9868,15.1 size=3.5x7
[   ScriptRuntime] [  LOG] [20:35:52.776] [_W7Probe]  W7:     FAILED id='menu-libs-expendable-button_quad-bg-left' url=file://Media/Manialinks/Nadeo/CMGame/Utils/ButtonStyles/Straight/Common_Button_Start_Straight.dds visible=1 pos=57.4867,15.1 size=3.5x7
[   ScriptRuntime] [  LOG] [20:35:52.776] [_W7Probe]  W7:     FAILED id='menu-libs-expendable-button_quad-button-icon' url=file://Media/Manialinks/Nadeo/CMGame/Utils/Icons/128x128/icons_128_HUD_Cam_follow_inc.dds visible=1 pos=52.9867,11.6 size=5.6x5.6
[   ScriptRuntime] [  LOG] [20:35:52.776] [_W7Probe]  W7:     FAILED id='menu-libs-expendable-button_quad-focus-right' url=file://Media/Manialinks/Nadeo/CMGame/Utils/ButtonStyles/Straight/Common_Button_Contour_End_Straight.dds visible=1 pos=53.9867,15.1 size=3.5x7
[   ScriptRuntime] [  LOG] [20:35:52.776] [_W7Probe]  W7:     FAILED id='menu-libs-expendable-button_quad-focus-center' url=file://Media/Manialinks/Nadeo/CMGame/Utils/ButtonStyles/Straight/Common_Button_Contour_Middle.dds visible=1 pos=51.9867,15.1 size=2x7
[   ScriptRuntime] [  LOG] [20:35:52.776] [_W7Probe]  W7:     FAILED id='menu-libs-expendable-button_quad-focus-left' url=file://Media/Manialinks/Nadeo/CMGame/Utils/ButtonStyles/Straight/Common_Button_Contour_Start_Straight.dds visible=1 pos=48.4868,15.1 size=3.5x7
[   ScriptRuntime] [  LOG] [20:35:52.776] [_W7Probe]  W7:     FAILED id='menu-libs-expendable-button_quad-bg-right' url=file://Media/Manialinks/Nadeo/CMGame/Utils/ButtonStyles/Straight/Common_Button_End_Straight.dds visible=1 pos=53.9867,15.1 size=3.5x7
[   ScriptRuntime] [  LOG] [20:35:52.776] [_W7Probe]  W7:     FAILED id='menu-libs-expendable-button_quad-bg-left' url=file://Media/Manialinks/Nadeo/CMGame/Utils/ButtonStyles/Straight/Common_Button_Start_Straight.dds visible=1 pos=48.4868,15.1 size=3.5x7
[   ScriptRuntime] [  LOG] [20:35:52.776] [_W7Probe]  W7:     FAILED id='menu-libs-expendable-button_quad-button-icon' url=file://Media/Manialinks/Nadeo/CMGame/Utils/Icons/128x128/icons_128_profile_inc.dds visible=1 pos=43.9868,11.6 size=5.6x5.6
[   ScriptRuntime] [  LOG] [20:35:52.776] [_W7Probe]  W7:     FAILED id='menu-libs-expendable-button_quad-focus-right' url=file://Media/Manialinks/Nadeo/CMGame/Utils/ButtonStyles/Straight/Common_Button_Contour_End_Straight.dds visible=1 pos=44.9867,15.1 size=3.5x7
[   ScriptRuntime] [  LOG] [20:35:52.776] [_W7Probe]  W7:     FAILED id='menu-libs-expendable-button_quad-focus-center' url=file://Media/Manialinks/Nadeo/CMGame/Utils/ButtonStyles/Straight/Common_Button_Contour_Middle.dds visible=1 pos=42.9867,15.1 size=2x7
[   ScriptRuntime] [  LOG] [20:35:52.776] [_W7Probe]  W7:     FAILED id='menu-libs-expendable-button_quad-focus-left' url=file://Media/Manialinks/Nadeo/CMGame/Utils/ButtonStyles/Straight/Common_Button_Contour_Start_Straight.dds visible=1 pos=39.4867,15.1 size=3.5x7
[   ScriptRuntime] [  LOG] [20:35:52.776] [_W7Probe]  W7:     FAILED id='menu-libs-expendable-button_quad-bg-right' url=file://Media/Manialinks/Nadeo/CMGame/Utils/ButtonStyles/Straight/Common_Button_End_Straight.dds visible=1 pos=44.9867,15.1 size=3.5x7
[   ScriptRuntime] [  LOG] [20:35:52.776] [_W7Probe]  W7:     FAILED id='menu-libs-expendable-button_quad-bg-left' url=file://Media/Manialinks/Nadeo/CMGame/Utils/ButtonStyles/Straight/Common_Button_Start_Straight.dds visible=1 pos=39.4867,15.1 size=3.5x7
[   ScriptRuntime] [  LOG] [20:35:52.776] [_W7Probe]  W7:     FAILED id='menu-libs-expendable-button_quad-button-icon' url=file://Media/Manialinks/Nadeo/CMGame/Utils/Icons/128x128/icons_128_settings_voice_off.dds visible=1 pos=63.415,19.7 size=5.6x5.6
[   ScriptRuntime] [  LOG] [20:35:52.776] [_W7Probe]  W7:     FAILED id='menu-libs-expendable-button_quad-focus-right' url=file://Media/Manialinks/Nadeo/CMGame/Utils/ButtonStyles/Straight/Common_Button_Contour_End_Straight.dds visible=1 pos=64.415,23.2 size=3.5x7
[   ScriptRuntime] [  LOG] [20:35:52.776] [_W7Probe]  W7:     FAILED id='menu-libs-expendable-button_quad-focus-center' url=file://Media/Manialinks/Nadeo/CMGame/Utils/ButtonStyles/Straight/Common_Button_Contour_Middle.dds visible=1 pos=62.415,23.2 size=2x7
[   ScriptRuntime] [  LOG] [20:35:52.776] [_W7Probe]  W7:     FAILED id='menu-libs-expendable-button_quad-focus-left' url=file://Media/Manialinks/Nadeo/CMGame/Utils/ButtonStyles/Straight/Common_Button_Contour_Start_Straight.dds visible=1 pos=58.915,23.2 size=3.5x7
[   ScriptRuntime] [  LOG] [20:35:52.776] [_W7Probe]  W7:     FAILED id='menu-libs-expendable-button_quad-bg-right' url=file://Media/Manialinks/Nadeo/CMGame/Utils/ButtonStyles/Straight/Common_Button_End_Straight.dds visible=1 pos=64.415,23.2 size=3.5x7
[   ScriptRuntime] [  LOG] [20:35:52.776] [_W7Probe]  W7:     FAILED id='menu-libs-expendable-button_quad-bg-left' url=file://Media/Manialinks/Nadeo/CMGame/Utils/ButtonStyles/Straight/Common_Button_Start_Straight.dds visible=1 pos=58.915,23.2 size=3.5x7
[   ScriptRuntime] [  LOG] [20:35:52.776] [_W7Probe]  W7:     FAILED id='menu-libs-expendable-button_quad-button-icon' url=file://Media/Manialinks/Nadeo/CMGame/Utils/Icons/128x128/icons_128_HUD_Cam_follow_inc.dds visible=1 pos=54.415,19.7 size=5.6x5.6
[   ScriptRuntime] [  LOG] [20:35:52.777] [_W7Probe]  W7:     FAILED id='menu-libs-expendable-button_quad-focus-right' url=file://Media/Manialinks/Nadeo/CMGame/Utils/ButtonStyles/Straight/Common_Button_Contour_End_Straight.dds visible=1 pos=55.415,23.2 size=3.5x7
[   ScriptRuntime] [  LOG] [20:35:52.777] [_W7Probe]  W7:     FAILED id='menu-libs-expendable-button_quad-focus-center' url=file://Media/Manialinks/Nadeo/CMGame/Utils/ButtonStyles/Straight/Common_Button_Contour_Middle.dds visible=1 pos=53.415,23.2 size=2x7
[   ScriptRuntime] [  LOG] [20:35:52.777] [_W7Probe]  W7:     FAILED id='menu-libs-expendable-button_quad-focus-left' url=file://Media/Manialinks/Nadeo/CMGame/Utils/ButtonStyles/Straight/Common_Button_Contour_Start_Straight.dds visible=1 pos=49.915,23.2 size=3.5x7
[   ScriptRuntime] [  LOG] [20:35:52.777] [_W7Probe]  W7:     FAILED id='menu-libs-expendable-button_quad-bg-right' url=file://Media/Manialinks/Nadeo/CMGame/Utils/ButtonStyles/Straight/Common_Button_End_Straight.dds visible=1 pos=55.415,23.2 size=3.5x7
[   ScriptRuntime] [  LOG] [20:35:52.777] [_W7Probe]  W7:     FAILED id='menu-libs-expendable-button_quad-bg-left' url=file://Media/Manialinks/Nadeo/CMGame/Utils/ButtonStyles/Straight/Common_Button_Start_Straight.dds visible=1 pos=49.915,23.2 size=3.5x7
[   ScriptRuntime] [  LOG] [20:35:52.777] [_W7Probe]  W7:     FAILED id='menu-libs-expendable-button_quad-button-icon' url=file://Media/Manialinks/Nadeo/CMGame/Utils/Icons/128x128/icons_128_profile_inc.dds visible=1 pos=45.415,19.7 size=5.6x5.6
[   ScriptRuntime] [  LOG] [20:35:52.777] [_W7Probe]  W7:     FAILED id='menu-libs-expendable-button_quad-focus-right' url=file://Media/Manialinks/Nadeo/CMGame/Utils/ButtonStyles/Straight/Common_Button_Contour_End_Straight.dds visible=1 pos=46.415,23.2 size=3.5x7
[   ScriptRuntime] [  LOG] [20:35:52.777] [_W7Probe]  W7:     FAILED id='menu-libs-expendable-button_quad-focus-center' url=file://Media/Manialinks/Nadeo/CMGame/Utils/ButtonStyles/Straight/Common_Button_Contour_Middle.dds visible=1 pos=44.415,23.2 size=2x7
[   ScriptRuntime] [  LOG] [20:35:52.777] [_W7Probe]  W7:     FAILED id='menu-libs-expendable-button_quad-focus-left' url=file://Media/Manialinks/Nadeo/CMGame/Utils/ButtonStyles/Straight/Common_Button_Contour_Start_Straight.dds visible=1 pos=40.915,23.2 size=3.5x7
[   ScriptRuntime] [  LOG] [20:35:52.777] [_W7Probe]  W7:     FAILED id='menu-libs-expendable-button_quad-bg-right' url=file://Media/Manialinks/Nadeo/CMGame/Utils/ButtonStyles/Straight/Common_Button_End_Straight.dds visible=1 pos=46.415,23.2 size=3.5x7
[   ScriptRuntime] [  LOG] [20:35:52.777] [_W7Probe]  W7:     FAILED id='menu-libs-expendable-button_quad-bg-left' url=file://Media/Manialinks/Nadeo/CMGame/Utils/ButtonStyles/Straight/Common_Button_Start_Straight.dds visible=1 pos=40.915,23.2 size=3.5x7
[   ScriptRuntime] [  LOG] [20:35:52.777] [_W7Probe]  W7:     FAILED id='menu-libs-expendable-button_quad-button-icon' url=file://Media/Manialinks/Nadeo/CMGame/Utils/Icons/128x128/icons_128_settings_voice_off.dds visible=1 pos=68.7325,-61.3 size=5.6x5.6
[   ScriptRuntime] [  LOG] [20:35:52.777] [_W7Probe]  W7:     FAILED id='menu-libs-expendable-button_quad-focus-right' url=file://Media/Manialinks/Nadeo/CMGame/Utils/ButtonStyles/Straight/Common_Button_Contour_End_Straight.dds visible=1 pos=69.7325,-57.8 size=3.5x7
[   ScriptRuntime] [  LOG] [20:35:52.777] [_W7Probe]  W7:     FAILED id='menu-libs-expendable-button_quad-focus-center' url=file://Media/Manialinks/Nadeo/CMGame/Utils/ButtonStyles/Straight/Common_Button_Contour_Middle.dds visible=1 pos=67.7325,-57.8 size=2x7
[   ScriptRuntime] [  LOG] [20:35:52.777] [_W7Probe]  W7:     FAILED id='menu-libs-expendable-button_quad-focus-left' url=file://Media/Manialinks/Nadeo/CMGame/Utils/ButtonStyles/Straight/Common_Button_Contour_Start_Straight.dds visible=1 pos=64.2325,-57.8 size=3.5x7
[   ScriptRuntime] [  LOG] [20:35:52.777] [_W7Probe]  W7:     FAILED id='menu-libs-expendable-button_quad-bg-right' url=file://Media/Manialinks/Nadeo/CMGame/Utils/ButtonStyles/Straight/Common_Button_End_Straight.dds visible=1 pos=69.7325,-57.8 size=3.5x7
[   ScriptRuntime] [  LOG] [20:35:52.777] [_W7Probe]  W7:     FAILED id='menu-libs-expendable-button_quad-bg-left' url=file://Media/Manialinks/Nadeo/CMGame/Utils/ButtonStyles/Straight/Common_Button_Start_Straight.dds visible=1 pos=64.2325,-57.8 size=3.5x7
[   ScriptRuntime] [  LOG] [20:35:52.777] [_W7Probe]  W7:     FAILED id='menu-libs-expendable-button_quad-button-icon' url=file://Media/Manialinks/Nadeo/CMGame/Utils/Icons/128x128/icons_128_HUD_Cam_follow_inc.dds visible=1 pos=59.7325,-61.3 size=5.6x5.6
[   ScriptRuntime] [  LOG] [20:35:52.777] [_W7Probe]  W7:     FAILED id='menu-libs-expendable-button_quad-focus-right' url=file://Media/Manialinks/Nadeo/CMGame/Utils/ButtonStyles/Straight/Common_Button_Contour_End_Straight.dds visible=1 pos=60.7325,-57.8 size=3.5x7
[   ScriptRuntime] [  LOG] [20:35:52.777] [_W7Probe]  W7:     FAILED id='menu-libs-expendable-button_quad-focus-center' url=file://Media/Manialinks/Nadeo/CMGame/Utils/ButtonStyles/Straight/Common_Button_Contour_Middle.dds visible=1 pos=58.7325,-57.8 size=2x7
[   ScriptRuntime] [  LOG] [20:35:52.777] [_W7Probe]  W7:     FAILED id='menu-libs-expendable-button_quad-focus-left' url=file://Media/Manialinks/Nadeo/CMGame/Utils/ButtonStyles/Straight/Common_Button_Contour_Start_Straight.dds visible=1 pos=55.2325,-57.8 size=3.5x7
[   ScriptRuntime] [  LOG] [20:35:52.777] [_W7Probe]  W7:     FAILED id='menu-libs-expendable-button_quad-bg-right' url=file://Media/Manialinks/Nadeo/CMGame/Utils/ButtonStyles/Straight/Common_Button_End_Straight.dds visible=1 pos=60.7325,-57.8 size=3.5x7
[   ScriptRuntime] [  LOG] [20:35:52.777] [_W7Probe]  W7:     FAILED id='menu-libs-expendable-button_quad-bg-left' url=file://Media/Manialinks/Nadeo/CMGame/Utils/ButtonStyles/Straight/Common_Button_Start_Straight.dds visible=1 pos=55.2325,-57.8 size=3.5x7
[   ScriptRuntime] [  LOG] [20:35:52.777] [_W7Probe]  W7:     FAILED id='menu-libs-expendable-button_quad-button-icon' url=file://Media/Manialinks/Nadeo/CMGame/Utils/Icons/128x128/icons_128_profile_inc.dds visible=1 pos=50.7325,-61.3 size=5.6x5.6
[   ScriptRuntime] [  LOG] [20:35:52.777] [_W7Probe]  W7:     FAILED id='menu-libs-expendable-button_quad-focus-right' url=file://Media/Manialinks/Nadeo/CMGame/Utils/ButtonStyles/Straight/Common_Button_Contour_End_Straight.dds visible=1 pos=51.7325,-57.8 size=3.5x7
[   ScriptRuntime] [  LOG] [20:35:52.777] [_W7Probe]  W7:     FAILED id='menu-libs-expendable-button_quad-focus-center' url=file://Media/Manialinks/Nadeo/CMGame/Utils/ButtonStyles/Straight/Common_Button_Contour_Middle.dds visible=1 pos=49.7325,-57.8 size=2x7
[   ScriptRuntime] [  LOG] [20:35:52.777] [_W7Probe]  W7:     FAILED id='menu-libs-expendable-button_quad-focus-left' url=file://Media/Manialinks/Nadeo/CMGame/Utils/ButtonStyles/Straight/Common_Button_Contour_Start_Straight.dds visible=1 pos=46.2325,-57.8 size=3.5x7
[   ScriptRuntime] [  LOG] [20:35:52.777] [_W7Probe]  W7:     FAILED id='menu-libs-expendable-button_quad-bg-right' url=file://Media/Manialinks/Nadeo/CMGame/Utils/ButtonStyles/Straight/Common_Button_End_Straight.dds visible=1 pos=51.7325,-57.8 size=3.5x7
[   ScriptRuntime] [  LOG] [20:35:52.777] [_W7Probe]  W7:     FAILED id='menu-libs-expendable-button_quad-bg-left' url=file://Media/Manialinks/Nadeo/CMGame/Utils/ButtonStyles/Straight/Common_Button_Start_Straight.dds visible=1 pos=46.2325,-57.8 size=3.5x7
[   ScriptRuntime] [  LOG] [20:35:52.777] [_W7Probe]  W7:     FAILED id='menu-libs-expendable-button_quad-button-icon' url=file://Media/Manialinks/Nadeo/CMGame/Utils/Icons/128x128/icons_128_settings_voice_off.dds visible=1 pos=70.1608,-53.2 size=5.6x5.6
[   ScriptRuntime] [  LOG] [20:35:52.777] [_W7Probe]  W7:     FAILED id='menu-libs-expendable-button_quad-focus-right' url=file://Media/Manialinks/Nadeo/CMGame/Utils/ButtonStyles/Straight/Common_Button_Contour_End_Straight.dds visible=1 pos=71.1608,-49.7 size=3.5x7
[   ScriptRuntime] [  LOG] [20:35:52.777] [_W7Probe]  W7:     FAILED id='menu-libs-expendable-button_quad-focus-center' url=file://Media/Manialinks/Nadeo/CMGame/Utils/ButtonStyles/Straight/Common_Button_Contour_Middle.dds visible=1 pos=69.1608,-49.7 size=2x7
[   ScriptRuntime] [  LOG] [20:35:52.777] [_W7Probe]  W7:     FAILED id='menu-libs-expendable-button_quad-focus-left' url=file://Media/Manialinks/Nadeo/CMGame/Utils/ButtonStyles/Straight/Common_Button_Contour_Start_Straight.dds visible=1 pos=65.6608,-49.7 size=3.5x7
[   ScriptRuntime] [  LOG] [20:35:52.777] [_W7Probe]  W7:     FAILED id='menu-libs-expendable-button_quad-bg-right' url=file://Media/Manialinks/Nadeo/CMGame/Utils/ButtonStyles/Straight/Common_Button_End_Straight.dds visible=1 pos=71.1608,-49.7 size=3.5x7
[   ScriptRuntime] [  LOG] [20:35:52.777] [_W7Probe]  W7:     FAILED id='menu-libs-expendable-button_quad-bg-left' url=file://Media/Manialinks/Nadeo/CMGame/Utils/ButtonStyles/Straight/Common_Button_Start_Straight.dds visible=1 pos=65.6608,-49.7 size=3.5x7
[   ScriptRuntime] [  LOG] [20:35:52.777] [_W7Probe]  W7:     FAILED id='menu-libs-expendable-button_quad-button-icon' url=file://Media/Manialinks/Nadeo/CMGame/Utils/Icons/128x128/icons_128_HUD_Cam_follow_inc.dds visible=1 pos=61.1608,-53.2 size=5.6x5.6
[   ScriptRuntime] [  LOG] [20:35:52.777] [_W7Probe]  W7:     FAILED id='menu-libs-expendable-button_quad-focus-right' url=file://Media/Manialinks/Nadeo/CMGame/Utils/ButtonStyles/Straight/Common_Button_Contour_End_Straight.dds visible=1 pos=62.1608,-49.7 size=3.5x7
[   ScriptRuntime] [  LOG] [20:35:52.777] [_W7Probe]  W7:     FAILED id='menu-libs-expendable-button_quad-focus-center' url=file://Media/Manialinks/Nadeo/CMGame/Utils/ButtonStyles/Straight/Common_Button_Contour_Middle.dds visible=1 pos=60.1608,-49.7 size=2x7
[   ScriptRuntime] [  LOG] [20:35:52.777] [_W7Probe]  W7:     FAILED id='menu-libs-expendable-button_quad-focus-left' url=file://Media/Manialinks/Nadeo/CMGame/Utils/ButtonStyles/Straight/Common_Button_Contour_Start_Straight.dds visible=1 pos=56.6608,-49.7 size=3.5x7
[   ScriptRuntime] [  LOG] [20:35:52.777] [_W7Probe]  W7:     FAILED id='menu-libs-expendable-button_quad-bg-right' url=file://Media/Manialinks/Nadeo/CMGame/Utils/ButtonStyles/Straight/Common_Button_End_Straight.dds visible=1 pos=62.1608,-49.7 size=3.5x7
[   ScriptRuntime] [  LOG] [20:35:52.777] [_W7Probe]  W7:     FAILED id='menu-libs-expendable-button_quad-bg-left' url=file://Media/Manialinks/Nadeo/CMGame/Utils/ButtonStyles/Straight/Common_Button_Start_Straight.dds visible=1 pos=56.6608,-49.7 size=3.5x7
[   ScriptRuntime] [  LOG] [20:35:52.777] [_W7Probe]  W7:     FAILED id='menu-libs-expendable-button_quad-button-icon' url=file://Media/Manialinks/Nadeo/CMGame/Utils/Icons/128x128/icons_128_profile_inc.dds visible=1 pos=52.1608,-53.2 size=5.6x5.6
[   ScriptRuntime] [  LOG] [20:35:52.777] [_W7Probe]  W7:     FAILED id='menu-libs-expendable-button_quad-focus-right' url=file://Media/Manialinks/Nadeo/CMGame/Utils/ButtonStyles/Straight/Common_Button_Contour_End_Straight.dds visible=1 pos=53.1608,-49.7 size=3.5x7
[   ScriptRuntime] [  LOG] [20:35:52.777] [_W7Probe]  W7:     FAILED id='menu-libs-expendable-button_quad-focus-center' url=file://Media/Manialinks/Nadeo/CMGame/Utils/ButtonStyles/Straight/Common_Button_Contour_Middle.dds visible=1 pos=51.1608,-49.7 size=2x7
[   ScriptRuntime] [  LOG] [20:35:52.777] [_W7Probe]  W7:     FAILED id='menu-libs-expendable-button_quad-focus-left' url=file://Media/Manialinks/Nadeo/CMGame/Utils/ButtonStyles/Straight/Common_Button_Contour_Start_Straight.dds visible=1 pos=47.6608,-49.7 size=3.5x7
[   ScriptRuntime] [  LOG] [20:35:52.777] [_W7Probe]  W7:     FAILED id='menu-libs-expendable-button_quad-bg-right' url=file://Media/Manialinks/Nadeo/CMGame/Utils/ButtonStyles/Straight/Common_Button_End_Straight.dds visible=1 pos=53.1608,-49.7 size=3.5x7
[   ScriptRuntime] [  LOG] [20:35:52.777] [_W7Probe]  W7:     FAILED id='menu-libs-expendable-button_quad-bg-left' url=file://Media/Manialinks/Nadeo/CMGame/Utils/ButtonStyles/Straight/Common_Button_Start_Straight.dds visible=1 pos=47.6608,-49.7 size=3.5x7
[   ScriptRuntime] [  LOG] [20:35:52.777] [_W7Probe]  W7:     FAILED id='menu-libs-expendable-button_quad-button-icon' url=file://Media/Manialinks/Nadeo/CMGame/Utils/Icons/128x128/icons_128_settings_voice_off.dds visible=1 pos=71.589,-45.1 size=5.6x5.6
[   ScriptRuntime] [  LOG] [20:35:52.777] [_W7Probe]  W7:     FAILED id='menu-libs-expendable-button_quad-focus-right' url=file://Media/Manialinks/Nadeo/CMGame/Utils/ButtonStyles/Straight/Common_Button_Contour_End_Straight.dds visible=1 pos=72.589,-41.6 size=3.5x7
[   ScriptRuntime] [  LOG] [20:35:52.777] [_W7Probe]  W7:     FAILED id='menu-libs-expendable-button_quad-focus-center' url=file://Media/Manialinks/Nadeo/CMGame/Utils/ButtonStyles/Straight/Common_Button_Contour_Middle.dds visible=1 pos=70.589,-41.6 size=2x7
[   ScriptRuntime] [  LOG] [20:35:52.777] [_W7Probe]  W7:     FAILED id='menu-libs-expendable-button_quad-focus-left' url=file://Media/Manialinks/Nadeo/CMGame/Utils/ButtonStyles/Straight/Common_Button_Contour_Start_Straight.dds visible=1 pos=67.089,-41.6 size=3.5x7
[   ScriptRuntime] [  LOG] [20:35:52.777] [_W7Probe]  W7:     FAILED id='menu-libs-expendable-button_quad-bg-right' url=file://Media/Manialinks/Nadeo/CMGame/Utils/ButtonStyles/Straight/Common_Button_End_Straight.dds visible=1 pos=72.589,-41.6 size=3.5x7
[   ScriptRuntime] [  LOG] [20:35:52.777] [_W7Probe]  W7:     FAILED id='menu-libs-expendable-button_quad-bg-left' url=file://Media/Manialinks/Nadeo/CMGame/Utils/ButtonStyles/Straight/Common_Button_Start_Straight.dds visible=1 pos=67.089,-41.6 size=3.5x7
[   ScriptRuntime] [  LOG] [20:35:52.777] [_W7Probe]  W7:     FAILED id='menu-libs-expendable-button_quad-button-icon' url=file://Media/Manialinks/Nadeo/CMGame/Utils/Icons/128x128/icons_128_HUD_Cam_follow_inc.dds visible=1 pos=62.589,-45.1 size=5.6x5.6
[   ScriptRuntime] [  LOG] [20:35:52.777] [_W7Probe]  W7:     FAILED id='menu-libs-expendable-button_quad-focus-right' url=file://Media/Manialinks/Nadeo/CMGame/Utils/ButtonStyles/Straight/Common_Button_Contour_End_Straight.dds visible=1 pos=63.589,-41.6 size=3.5x7
[   ScriptRuntime] [  LOG] [20:35:52.778] [_W7Probe]  W7:     FAILED id='menu-libs-expendable-button_quad-focus-center' url=file://Media/Manialinks/Nadeo/CMGame/Utils/ButtonStyles/Straight/Common_Button_Contour_Middle.dds visible=1 pos=61.589,-41.6 size=2x7
[   ScriptRuntime] [  LOG] [20:35:52.778] [_W7Probe]  W7:     FAILED id='menu-libs-expendable-button_quad-focus-left' url=file://Media/Manialinks/Nadeo/CMGame/Utils/ButtonStyles/Straight/Common_Button_Contour_Start_Straight.dds visible=1 pos=58.089,-41.6 size=3.5x7
[   ScriptRuntime] [  LOG] [20:35:52.778] [_W7Probe]  W7:     FAILED id='menu-libs-expendable-button_quad-bg-right' url=file://Media/Manialinks/Nadeo/CMGame/Utils/ButtonStyles/Straight/Common_Button_End_Straight.dds visible=1 pos=63.589,-41.6 size=3.5x7
[   ScriptRuntime] [  LOG] [20:35:52.778] [_W7Probe]  W7:     FAILED id='menu-libs-expendable-button_quad-bg-left' url=file://Media/Manialinks/Nadeo/CMGame/Utils/ButtonStyles/Straight/Common_Button_Start_Straight.dds visible=1 pos=58.089,-41.6 size=3.5x7
[   ScriptRuntime] [  LOG] [20:35:52.778] [_W7Probe]  W7:     FAILED id='menu-libs-expendable-button_quad-button-icon' url=file://Media/Manialinks/Nadeo/CMGame/Utils/Icons/128x128/icons_128_profile_inc.dds visible=1 pos=53.589,-45.1 size=5.6x5.6
[   ScriptRuntime] [  LOG] [20:35:52.778] [_W7Probe]  W7:     FAILED id='menu-libs-expendable-button_quad-focus-right' url=file://Media/Manialinks/Nadeo/CMGame/Utils/ButtonStyles/Straight/Common_Button_Contour_End_Straight.dds visible=1 pos=54.589,-41.6 size=3.5x7
[   ScriptRuntime] [  LOG] [20:35:52.778] [_W7Probe]  W7:     FAILED id='menu-libs-expendable-button_quad-focus-center' url=file://Media/Manialinks/Nadeo/CMGame/Utils/ButtonStyles/Straight/Common_Button_Contour_Middle.dds visible=1 pos=52.589,-41.6 size=2x7
[   ScriptRuntime] [  LOG] [20:35:52.778] [_W7Probe]  W7:     FAILED id='menu-libs-expendable-button_quad-focus-left' url=file://Media/Manialinks/Nadeo/CMGame/Utils/ButtonStyles/Straight/Common_Button_Contour_Start_Straight.dds visible=1 pos=49.089,-41.6 size=3.5x7
[   ScriptRuntime] [  LOG] [20:35:52.778] [_W7Probe]  W7:     FAILED id='menu-libs-expendable-button_quad-bg-right' url=file://Media/Manialinks/Nadeo/CMGame/Utils/ButtonStyles/Straight/Common_Button_End_Straight.dds visible=1 pos=54.589,-41.6 size=3.5x7
[   ScriptRuntime] [  LOG] [20:35:52.778] [_W7Probe]  W7:     FAILED id='menu-libs-expendable-button_quad-bg-left' url=file://Media/Manialinks/Nadeo/CMGame/Utils/ButtonStyles/Straight/Common_Button_Start_Straight.dds visible=1 pos=49.089,-41.6 size=3.5x7
[   ScriptRuntime] [  LOG] [20:35:52.778] [_W7Probe]  W7:     FAILED id='menu-libs-expendable-button_quad-button-icon' url=file://Media/Manialinks/Nadeo/CMGame/Utils/Icons/128x128/icons_128_settings_voice_off.dds visible=1 pos=73.0173,-37 size=5.6x5.6
[   ScriptRuntime] [  LOG] [20:35:52.778] [_W7Probe]  W7:     FAILED id='menu-libs-expendable-button_quad-focus-right' url=file://Media/Manialinks/Nadeo/CMGame/Utils/ButtonStyles/Straight/Common_Button_Contour_End_Straight.dds visible=1 pos=74.0173,-33.5 size=3.5x7
[   ScriptRuntime] [  LOG] [20:35:52.778] [_W7Probe]  W7:     FAILED id='menu-libs-expendable-button_quad-focus-center' url=file://Media/Manialinks/Nadeo/CMGame/Utils/ButtonStyles/Straight/Common_Button_Contour_Middle.dds visible=1 pos=72.0173,-33.5 size=2x7
[   ScriptRuntime] [  LOG] [20:35:52.778] [_W7Probe]  W7:     FAILED id='menu-libs-expendable-button_quad-focus-left' url=file://Media/Manialinks/Nadeo/CMGame/Utils/ButtonStyles/Straight/Common_Button_Contour_Start_Straight.dds visible=1 pos=68.5173,-33.5 size=3.5x7
[   ScriptRuntime] [  LOG] [20:35:52.778] [_W7Probe]  W7:     FAILED id='menu-libs-expendable-button_quad-bg-right' url=file://Media/Manialinks/Nadeo/CMGame/Utils/ButtonStyles/Straight/Common_Button_End_Straight.dds visible=1 pos=74.0173,-33.5 size=3.5x7
[   ScriptRuntime] [  LOG] [20:35:52.778] [_W7Probe]  W7:     FAILED id='menu-libs-expendable-button_quad-bg-left' url=file://Media/Manialinks/Nadeo/CMGame/Utils/ButtonStyles/Straight/Common_Button_Start_Straight.dds visible=1 pos=68.5173,-33.5 size=3.5x7
[   ScriptRuntime] [  LOG] [20:35:52.778] [_W7Probe]  W7:     FAILED id='menu-libs-expendable-button_quad-button-icon' url=file://Media/Manialinks/Nadeo/CMGame/Utils/Icons/128x128/icons_128_HUD_Cam_follow_inc.dds visible=1 pos=64.0173,-37 size=5.6x5.6
[   ScriptRuntime] [  LOG] [20:35:52.778] [_W7Probe]  W7:     FAILED id='menu-libs-expendable-button_quad-focus-right' url=file://Media/Manialinks/Nadeo/CMGame/Utils/ButtonStyles/Straight/Common_Button_Contour_End_Straight.dds visible=1 pos=65.0173,-33.5 size=3.5x7
[   ScriptRuntime] [  LOG] [20:35:52.778] [_W7Probe]  W7:     FAILED id='menu-libs-expendable-button_quad-focus-center' url=file://Media/Manialinks/Nadeo/CMGame/Utils/ButtonStyles/Straight/Common_Button_Contour_Middle.dds visible=1 pos=63.0173,-33.5 size=2x7
[   ScriptRuntime] [  LOG] [20:35:52.778] [_W7Probe]  W7:     FAILED id='menu-libs-expendable-button_quad-focus-left' url=file://Media/Manialinks/Nadeo/CMGame/Utils/ButtonStyles/Straight/Common_Button_Contour_Start_Straight.dds visible=1 pos=59.5173,-33.5 size=3.5x7
[   ScriptRuntime] [  LOG] [20:35:52.778] [_W7Probe]  W7:     FAILED id='menu-libs-expendable-button_quad-bg-right' url=file://Media/Manialinks/Nadeo/CMGame/Utils/ButtonStyles/Straight/Common_Button_End_Straight.dds visible=1 pos=65.0173,-33.5 size=3.5x7
[   ScriptRuntime] [  LOG] [20:35:52.778] [_W7Probe]  W7:     FAILED id='menu-libs-expendable-button_quad-bg-left' url=file://Media/Manialinks/Nadeo/CMGame/Utils/ButtonStyles/Straight/Common_Button_Start_Straight.dds visible=1 pos=59.5173,-33.5 size=3.5x7
[   ScriptRuntime] [  LOG] [20:35:52.778] [_W7Probe]  W7:     FAILED id='menu-libs-expendable-button_quad-button-icon' url=file://Media/Manialinks/Nadeo/CMGame/Utils/Icons/128x128/icons_128_profile_inc.dds visible=1 pos=55.0173,-37 size=5.6x5.6
[   ScriptRuntime] [  LOG] [20:35:52.778] [_W7Probe]  W7:     FAILED id='menu-libs-expendable-button_quad-focus-right' url=file://Media/Manialinks/Nadeo/CMGame/Utils/ButtonStyles/Straight/Common_Button_Contour_End_Straight.dds visible=1 pos=56.0173,-33.5 size=3.5x7
[   ScriptRuntime] [  LOG] [20:35:52.778] [_W7Probe]  W7:     FAILED id='menu-libs-expendable-button_quad-focus-center' url=file://Media/Manialinks/Nadeo/CMGame/Utils/ButtonStyles/Straight/Common_Button_Contour_Middle.dds visible=1 pos=54.0173,-33.5 size=2x7
[   ScriptRuntime] [  LOG] [20:35:52.778] [_W7Probe]  W7:     FAILED id='menu-libs-expendable-button_quad-focus-left' url=file://Media/Manialinks/Nadeo/CMGame/Utils/ButtonStyles/Straight/Common_Button_Contour_Start_Straight.dds visible=1 pos=50.5173,-33.5 size=3.5x7
[   ScriptRuntime] [  LOG] [20:35:52.778] [_W7Probe]  W7:     FAILED id='menu-libs-expendable-button_quad-bg-right' url=file://Media/Manialinks/Nadeo/CMGame/Utils/ButtonStyles/Straight/Common_Button_End_Straight.dds visible=1 pos=56.0173,-33.5 size=3.5x7
[   ScriptRuntime] [  LOG] [20:35:52.778] [_W7Probe]  W7:     FAILED id='menu-libs-expendable-button_quad-bg-left' url=file://Media/Manialinks/Nadeo/CMGame/Utils/ButtonStyles/Straight/Common_Button_Start_Straight.dds visible=1 pos=50.5173,-33.5 size=3.5x7
[   ScriptRuntime] [  LOG] [20:35:52.778] [_W7Probe]  W7:     FAILED id='menu-libs-expendable-button_quad-button-icon' url=file://Media/Manialinks/Nadeo/CMGame/Utils/Icons/128x128/icons_128_settings_voice_off.dds visible=1 pos=74.4455,-28.9 size=5.6x5.6
[   ScriptRuntime] [  LOG] [20:35:52.778] [_W7Probe]  W7:     FAILED id='menu-libs-expendable-button_quad-focus-right' url=file://Media/Manialinks/Nadeo/CMGame/Utils/ButtonStyles/Straight/Common_Button_Contour_End_Straight.dds visible=1 pos=75.4455,-25.4 size=3.5x7
[   ScriptRuntime] [  LOG] [20:35:52.778] [_W7Probe]  W7:     FAILED id='menu-libs-expendable-button_quad-focus-center' url=file://Media/Manialinks/Nadeo/CMGame/Utils/ButtonStyles/Straight/Common_Button_Contour_Middle.dds visible=1 pos=73.4455,-25.4 size=2x7
[   ScriptRuntime] [  LOG] [20:35:52.778] [_W7Probe]  W7:     FAILED id='menu-libs-expendable-button_quad-focus-left' url=file://Media/Manialinks/Nadeo/CMGame/Utils/ButtonStyles/Straight/Common_Button_Contour_Start_Straight.dds visible=1 pos=69.9455,-25.4 size=3.5x7
[   ScriptRuntime] [  LOG] [20:35:52.778] [_W7Probe]  W7:     FAILED id='menu-libs-expendable-button_quad-bg-right' url=file://Media/Manialinks/Nadeo/CMGame/Utils/ButtonStyles/Straight/Common_Button_End_Straight.dds visible=1 pos=75.4455,-25.4 size=3.5x7
[   ScriptRuntime] [  LOG] [20:35:52.778] [_W7Probe]  W7:     FAILED id='menu-libs-expendable-button_quad-bg-left' url=file://Media/Manialinks/Nadeo/CMGame/Utils/ButtonStyles/Straight/Common_Button_Start_Straight.dds visible=1 pos=69.9455,-25.4 size=3.5x7
[   ScriptRuntime] [  LOG] [20:35:52.778] [_W7Probe]  W7:     FAILED id='menu-libs-expendable-button_quad-button-icon' url=file://Media/Manialinks/Nadeo/CMGame/Utils/Icons/128x128/icons_128_HUD_Cam_follow_inc.dds visible=1 pos=65.4455,-28.9 size=5.6x5.6
[   ScriptRuntime] [  LOG] [20:35:52.778] [_W7Probe]  W7:     FAILED id='menu-libs-expendable-button_quad-focus-right' url=file://Media/Manialinks/Nadeo/CMGame/Utils/ButtonStyles/Straight/Common_Button_Contour_End_Straight.dds visible=1 pos=66.4455,-25.4 size=3.5x7
[   ScriptRuntime] [  LOG] [20:35:52.778] [_W7Probe]  W7:     FAILED id='menu-libs-expendable-button_quad-focus-center' url=file://Media/Manialinks/Nadeo/CMGame/Utils/ButtonStyles/Straight/Common_Button_Contour_Middle.dds visible=1 pos=64.4455,-25.4 size=2x7
[   ScriptRuntime] [  LOG] [20:35:52.778] [_W7Probe]  W7:     FAILED id='menu-libs-expendable-button_quad-focus-left' url=file://Media/Manialinks/Nadeo/CMGame/Utils/ButtonStyles/Straight/Common_Button_Contour_Start_Straight.dds visible=1 pos=60.9455,-25.4 size=3.5x7
[   ScriptRuntime] [  LOG] [20:35:52.778] [_W7Probe]  W7:     FAILED id='menu-libs-expendable-button_quad-bg-right' url=file://Media/Manialinks/Nadeo/CMGame/Utils/ButtonStyles/Straight/Common_Button_End_Straight.dds visible=1 pos=66.4455,-25.4 size=3.5x7
[   ScriptRuntime] [  LOG] [20:35:52.778] [_W7Probe]  W7:     FAILED id='menu-libs-expendable-button_quad-bg-left' url=file://Media/Manialinks/Nadeo/CMGame/Utils/ButtonStyles/Straight/Common_Button_Start_Straight.dds visible=1 pos=60.9455,-25.4 size=3.5x7
[   ScriptRuntime] [  LOG] [20:35:52.778] [_W7Probe]  W7:     FAILED id='menu-libs-expendable-button_quad-button-icon' url=file://Media/Manialinks/Nadeo/CMGame/Utils/Icons/128x128/icons_128_profile_inc.dds visible=1 pos=56.4455,-28.9 size=5.6x5.6
[   ScriptRuntime] [  LOG] [20:35:52.778] [_W7Probe]  W7:     FAILED id='menu-libs-expendable-button_quad-focus-right' url=file://Media/Manialinks/Nadeo/CMGame/Utils/ButtonStyles/Straight/Common_Button_Contour_End_Straight.dds visible=1 pos=57.4455,-25.4 size=3.5x7
[   ScriptRuntime] [  LOG] [20:35:52.778] [_W7Probe]  W7:     FAILED id='menu-libs-expendable-button_quad-focus-center' url=file://Media/Manialinks/Nadeo/CMGame/Utils/ButtonStyles/Straight/Common_Button_Contour_Middle.dds visible=1 pos=55.4455,-25.4 size=2x7
[   ScriptRuntime] [  LOG] [20:35:52.778] [_W7Probe]  W7:     FAILED id='menu-libs-expendable-button_quad-focus-left' url=file://Media/Manialinks/Nadeo/CMGame/Utils/ButtonStyles/Straight/Common_Button_Contour_Start_Straight.dds visible=1 pos=51.9455,-25.4 size=3.5x7
[   ScriptRuntime] [  LOG] [20:35:52.778] [_W7Probe]  W7:     FAILED id='menu-libs-expendable-button_quad-bg-right' url=file://Media/Manialinks/Nadeo/CMGame/Utils/ButtonStyles/Straight/Common_Button_End_Straight.dds visible=1 pos=57.4455,-25.4 size=3.5x7
[   ScriptRuntime] [  LOG] [20:35:52.778] [_W7Probe]  W7:     FAILED id='menu-libs-expendable-button_quad-bg-left' url=file://Media/Manialinks/Nadeo/CMGame/Utils/ButtonStyles/Straight/Common_Button_Start_Straight.dds visible=1 pos=51.9455,-25.4 size=3.5x7
[   ScriptRuntime] [  LOG] [20:35:52.778] [_W7Probe]  W7:     FAILED id='menu-libs-expendable-button_quad-button-icon' url=file://Media/Manialinks/Nadeo/CMGame/Utils/Icons/128x128/icons_128_settings_voice_off.dds visible=1 pos=75.8738,-20.8 size=5.6x5.6
[   ScriptRuntime] [  LOG] [20:35:52.778] [_W7Probe]  W7:     FAILED id='menu-libs-expendable-button_quad-focus-right' url=file://Media/Manialinks/Nadeo/CMGame/Utils/ButtonStyles/Straight/Common_Button_Contour_End_Straight.dds visible=1 pos=76.8738,-17.3 size=3.5x7
[   ScriptRuntime] [  LOG] [20:35:52.778] [_W7Probe]  W7:     FAILED id='menu-libs-expendable-button_quad-focus-center' url=file://Media/Manialinks/Nadeo/CMGame/Utils/ButtonStyles/Straight/Common_Button_Contour_Middle.dds visible=1 pos=74.8738,-17.3 size=2x7
[   ScriptRuntime] [  LOG] [20:35:52.778] [_W7Probe]  W7:     FAILED id='menu-libs-expendable-button_quad-focus-left' url=file://Media/Manialinks/Nadeo/CMGame/Utils/ButtonStyles/Straight/Common_Button_Contour_Start_Straight.dds visible=1 pos=71.3737,-17.3 size=3.5x7
[   ScriptRuntime] [  LOG] [20:35:52.778] [_W7Probe]  W7:     FAILED id='menu-libs-expendable-button_quad-bg-right' url=file://Media/Manialinks/Nadeo/CMGame/Utils/ButtonStyles/Straight/Common_Button_End_Straight.dds visible=1 pos=76.8738,-17.3 size=3.5x7
[   ScriptRuntime] [  LOG] [20:35:52.778] [_W7Probe]  W7:     FAILED id='menu-libs-expendable-button_quad-bg-left' url=file://Media/Manialinks/Nadeo/CMGame/Utils/ButtonStyles/Straight/Common_Button_Start_Straight.dds visible=1 pos=71.3737,-17.3 size=3.5x7
[   ScriptRuntime] [  LOG] [20:35:52.778] [_W7Probe]  W7:     FAILED id='menu-libs-expendable-button_quad-button-icon' url=file://Media/Manialinks/Nadeo/CMGame/Utils/Icons/128x128/icons_128_HUD_Cam_follow_inc.dds visible=1 pos=66.8738,-20.8 size=5.6x5.6
[   ScriptRuntime] [  LOG] [20:35:52.778] [_W7Probe]  W7:     FAILED id='menu-libs-expendable-button_quad-focus-right' url=file://Media/Manialinks/Nadeo/CMGame/Utils/ButtonStyles/Straight/Common_Button_Contour_End_Straight.dds visible=1 pos=67.8738,-17.3 size=3.5x7
[   ScriptRuntime] [  LOG] [20:35:52.778] [_W7Probe]  W7:     FAILED id='menu-libs-expendable-button_quad-focus-center' url=file://Media/Manialinks/Nadeo/CMGame/Utils/ButtonStyles/Straight/Common_Button_Contour_Middle.dds visible=1 pos=65.8738,-17.3 size=2x7
[   ScriptRuntime] [  LOG] [20:35:52.779] [_W7Probe]  W7:     FAILED id='menu-libs-expendable-button_quad-focus-left' url=file://Media/Manialinks/Nadeo/CMGame/Utils/ButtonStyles/Straight/Common_Button_Contour_Start_Straight.dds visible=1 pos=62.3738,-17.3 size=3.5x7
[   ScriptRuntime] [  LOG] [20:35:52.779] [_W7Probe]  W7:     FAILED id='menu-libs-expendable-button_quad-bg-right' url=file://Media/Manialinks/Nadeo/CMGame/Utils/ButtonStyles/Straight/Common_Button_End_Straight.dds visible=1 pos=67.8738,-17.3 size=3.5x7
[   ScriptRuntime] [  LOG] [20:35:52.779] [_W7Probe]  W7:     FAILED id='menu-libs-expendable-button_quad-bg-left' url=file://Media/Manialinks/Nadeo/CMGame/Utils/ButtonStyles/Straight/Common_Button_Start_Straight.dds visible=1 pos=62.3738,-17.3 size=3.5x7
[   ScriptRuntime] [  LOG] [20:35:52.779] [_W7Probe]  W7:     FAILED id='menu-libs-expendable-button_quad-button-icon' url=file://Media/Manialinks/Nadeo/CMGame/Utils/Icons/128x128/icons_128_profile_inc.dds visible=1 pos=57.8738,-20.8 size=5.6x5.6
[   ScriptRuntime] [  LOG] [20:35:52.779] [_W7Probe]  W7:     FAILED id='menu-libs-expendable-button_quad-focus-right' url=file://Media/Manialinks/Nadeo/CMGame/Utils/ButtonStyles/Straight/Common_Button_Contour_End_Straight.dds visible=1 pos=58.8737,-17.3 size=3.5x7
[   ScriptRuntime] [  LOG] [20:35:52.779] [_W7Probe]  W7:     FAILED id='menu-libs-expendable-button_quad-focus-center' url=file://Media/Manialinks/Nadeo/CMGame/Utils/ButtonStyles/Straight/Common_Button_Contour_Middle.dds visible=1 pos=56.8738,-17.3 size=2x7
[   ScriptRuntime] [  LOG] [20:35:52.779] [_W7Probe]  W7:     FAILED id='menu-libs-expendable-button_quad-focus-left' url=file://Media/Manialinks/Nadeo/CMGame/Utils/ButtonStyles/Straight/Common_Button_Contour_Start_Straight.dds visible=1 pos=53.3738,-17.3 size=3.5x7
[   ScriptRuntime] [  LOG] [20:35:52.779] [_W7Probe]  W7:     FAILED id='menu-libs-expendable-button_quad-bg-right' url=file://Media/Manialinks/Nadeo/CMGame/Utils/ButtonStyles/Straight/Common_Button_End_Straight.dds visible=1 pos=58.8737,-17.3 size=3.5x7
[   ScriptRuntime] [  LOG] [20:35:52.779] [_W7Probe]  W7:     FAILED id='menu-libs-expendable-button_quad-bg-left' url=file://Media/Manialinks/Nadeo/CMGame/Utils/ButtonStyles/Straight/Common_Button_Start_Straight.dds visible=1 pos=53.3738,-17.3 size=3.5x7
[   ScriptRuntime] [  LOG] [20:35:52.779] [_W7Probe]  W7:     FAILED id='menu-libs-expendable-button_quad-button-icon' url=file://Media/Manialinks/Nadeo/CMGame/Utils/Icons/128x128/icons_128_settings_voice_off.dds visible=1 pos=77.302,-12.7 size=5.6x5.6
[   ScriptRuntime] [  LOG] [20:35:52.779] [_W7Probe]  W7:     FAILED id='menu-libs-expendable-button_quad-focus-right' url=file://Media/Manialinks/Nadeo/CMGame/Utils/ButtonStyles/Straight/Common_Button_Contour_End_Straight.dds visible=1 pos=78.302,-9.2 size=3.5x7
[   ScriptRuntime] [  LOG] [20:35:52.779] [_W7Probe]  W7:     FAILED id='menu-libs-expendable-button_quad-focus-center' url=file://Media/Manialinks/Nadeo/CMGame/Utils/ButtonStyles/Straight/Common_Button_Contour_Middle.dds visible=1 pos=76.302,-9.2 size=2x7
[   ScriptRuntime] [  LOG] [20:35:52.779] [_W7Probe]  W7:     FAILED id='menu-libs-expendable-button_quad-focus-left' url=file://Media/Manialinks/Nadeo/CMGame/Utils/ButtonStyles/Straight/Common_Button_Contour_Start_Straight.dds visible=1 pos=72.802,-9.2 size=3.5x7
[   ScriptRuntime] [  LOG] [20:35:52.779] [_W7Probe]  W7:     FAILED id='menu-libs-expendable-button_quad-bg-right' url=file://Media/Manialinks/Nadeo/CMGame/Utils/ButtonStyles/Straight/Common_Button_End_Straight.dds visible=1 pos=78.302,-9.2 size=3.5x7
[   ScriptRuntime] [  LOG] [20:35:52.779] [_W7Probe]  W7:     FAILED id='menu-libs-expendable-button_quad-bg-left' url=file://Media/Manialinks/Nadeo/CMGame/Utils/ButtonStyles/Straight/Common_Button_Start_Straight.dds visible=1 pos=72.802,-9.2 size=3.5x7
[   ScriptRuntime] [  LOG] [20:35:52.779] [_W7Probe]  W7:     FAILED id='menu-libs-expendable-button_quad-button-icon' url=file://Media/Manialinks/Nadeo/CMGame/Utils/Icons/128x128/icons_128_HUD_Cam_follow_inc.dds visible=1 pos=68.302,-12.7 size=5.6x5.6
[   ScriptRuntime] [  LOG] [20:35:52.779] [_W7Probe]  W7:     FAILED id='menu-libs-expendable-button_quad-focus-right' url=file://Media/Manialinks/Nadeo/CMGame/Utils/ButtonStyles/Straight/Common_Button_Contour_End_Straight.dds visible=1 pos=69.302,-9.2 size=3.5x7
[   ScriptRuntime] [  LOG] [20:35:52.779] [_W7Probe]  W7:     FAILED id='menu-libs-expendable-button_quad-focus-center' url=file://Media/Manialinks/Nadeo/CMGame/Utils/ButtonStyles/Straight/Common_Button_Contour_Middle.dds visible=1 pos=67.302,-9.2 size=2x7
[   ScriptRuntime] [  LOG] [20:35:52.779] [_W7Probe]  W7:     FAILED id='menu-libs-expendable-button_quad-focus-left' url=file://Media/Manialinks/Nadeo/CMGame/Utils/ButtonStyles/Straight/Common_Button_Contour_Start_Straight.dds visible=1 pos=63.802,-9.2 size=3.5x7
[   ScriptRuntime] [  LOG] [20:35:52.779] [_W7Probe]  W7:     FAILED id='menu-libs-expendable-button_quad-bg-right' url=file://Media/Manialinks/Nadeo/CMGame/Utils/ButtonStyles/Straight/Common_Button_End_Straight.dds visible=1 pos=69.302,-9.2 size=3.5x7
[   ScriptRuntime] [  LOG] [20:35:52.779] [_W7Probe]  W7:     FAILED id='menu-libs-expendable-button_quad-bg-left' url=file://Media/Manialinks/Nadeo/CMGame/Utils/ButtonStyles/Straight/Common_Button_Start_Straight.dds visible=1 pos=63.802,-9.2 size=3.5x7
[   ScriptRuntime] [  LOG] [20:35:52.779] [_W7Probe]  W7:     FAILED id='menu-libs-expendable-button_quad-button-icon' url=file://Media/Manialinks/Nadeo/CMGame/Utils/Icons/128x128/icons_128_profile_inc.dds visible=1 pos=59.302,-12.7 size=5.6x5.6
[   ScriptRuntime] [  LOG] [20:35:52.779] [_W7Probe]  W7:     FAILED id='menu-libs-expendable-button_quad-focus-right' url=file://Media/Manialinks/Nadeo/CMGame/Utils/ButtonStyles/Straight/Common_Button_Contour_End_Straight.dds visible=1 pos=60.302,-9.2 size=3.5x7
[   ScriptRuntime] [  LOG] [20:35:52.779] [_W7Probe]  W7:     FAILED id='menu-libs-expendable-button_quad-focus-center' url=file://Media/Manialinks/Nadeo/CMGame/Utils/ButtonStyles/Straight/Common_Button_Contour_Middle.dds visible=1 pos=58.302,-9.2 size=2x7
[   ScriptRuntime] [  LOG] [20:35:52.779] [_W7Probe]  W7:     FAILED id='menu-libs-expendable-button_quad-focus-left' url=file://Media/Manialinks/Nadeo/CMGame/Utils/ButtonStyles/Straight/Common_Button_Contour_Start_Straight.dds visible=1 pos=54.802,-9.2 size=3.5x7
[   ScriptRuntime] [  LOG] [20:35:52.779] [_W7Probe]  W7:     FAILED id='menu-libs-expendable-button_quad-bg-right' url=file://Media/Manialinks/Nadeo/CMGame/Utils/ButtonStyles/Straight/Common_Button_End_Straight.dds visible=1 pos=60.302,-9.2 size=3.5x7
[   ScriptRuntime] [  LOG] [20:35:52.779] [_W7Probe]  W7:     FAILED id='menu-libs-expendable-button_quad-bg-left' url=file://Media/Manialinks/Nadeo/CMGame/Utils/ButtonStyles/Straight/Common_Button_Start_Straight.dds visible=1 pos=54.802,-9.2 size=3.5x7
[   ScriptRuntime] [  LOG] [20:35:52.779] [_W7Probe]  W7:     FAILED id='menu-libs-expendable-button_quad-button-icon' url=file://Media/Manialinks/Nadeo/CMGame/Utils/Icons/128x128/icons_128_settings_voice_off.dds visible=1 pos=78.7302,-4.6 size=5.6x5.6
[   ScriptRuntime] [  LOG] [20:35:52.779] [_W7Probe]  W7:     FAILED id='menu-libs-expendable-button_quad-focus-right' url=file://Media/Manialinks/Nadeo/CMGame/Utils/ButtonStyles/Straight/Common_Button_Contour_End_Straight.dds visible=1 pos=79.7302,-1.1 size=3.5x7
[   ScriptRuntime] [  LOG] [20:35:52.779] [_W7Probe]  W7:     FAILED id='menu-libs-expendable-button_quad-focus-center' url=file://Media/Manialinks/Nadeo/CMGame/Utils/ButtonStyles/Straight/Common_Button_Contour_Middle.dds visible=1 pos=77.7303,-1.1 size=2x7
[   ScriptRuntime] [  LOG] [20:35:52.779] [_W7Probe]  W7:     FAILED id='menu-libs-expendable-button_quad-focus-left' url=file://Media/Manialinks/Nadeo/CMGame/Utils/ButtonStyles/Straight/Common_Button_Contour_Start_Straight.dds visible=1 pos=74.2302,-1.1 size=3.5x7
[   ScriptRuntime] [  LOG] [20:35:52.779] [_W7Probe]  W7:     FAILED id='menu-libs-expendable-button_quad-bg-right' url=file://Media/Manialinks/Nadeo/CMGame/Utils/ButtonStyles/Straight/Common_Button_End_Straight.dds visible=1 pos=79.7302,-1.1 size=3.5x7
[   ScriptRuntime] [  LOG] [20:35:52.779] [_W7Probe]  W7:     FAILED id='menu-libs-expendable-button_quad-bg-left' url=file://Media/Manialinks/Nadeo/CMGame/Utils/ButtonStyles/Straight/Common_Button_Start_Straight.dds visible=1 pos=74.2302,-1.1 size=3.5x7
[   ScriptRuntime] [  LOG] [20:35:52.779] [_W7Probe]  W7:     FAILED id='menu-libs-expendable-button_quad-button-icon' url=file://Media/Manialinks/Nadeo/CMGame/Utils/Icons/128x128/icons_128_HUD_Cam_follow_inc.dds visible=1 pos=69.7303,-4.6 size=5.6x5.6
[   ScriptRuntime] [  LOG] [20:35:52.779] [_W7Probe]  W7:     FAILED id='menu-libs-expendable-button_quad-focus-right' url=file://Media/Manialinks/Nadeo/CMGame/Utils/ButtonStyles/Straight/Common_Button_Contour_End_Straight.dds visible=1 pos=70.7303,-1.1 size=3.5x7
[   ScriptRuntime] [  LOG] [20:35:52.779] [_W7Probe]  W7:     FAILED id='menu-libs-expendable-button_quad-focus-center' url=file://Media/Manialinks/Nadeo/CMGame/Utils/ButtonStyles/Straight/Common_Button_Contour_Middle.dds visible=1 pos=68.7303,-1.1 size=2x7
[   ScriptRuntime] [  LOG] [20:35:52.779] [_W7Probe]  W7:     FAILED id='menu-libs-expendable-button_quad-focus-left' url=file://Media/Manialinks/Nadeo/CMGame/Utils/ButtonStyles/Straight/Common_Button_Contour_Start_Straight.dds visible=1 pos=65.2303,-1.1 size=3.5x7
[   ScriptRuntime] [  LOG] [20:35:52.779] [_W7Probe]  W7:     FAILED id='menu-libs-expendable-button_quad-bg-right' url=file://Media/Manialinks/Nadeo/CMGame/Utils/ButtonStyles/Straight/Common_Button_End_Straight.dds visible=1 pos=70.7303,-1.1 size=3.5x7
[   ScriptRuntime] [  LOG] [20:35:52.779] [_W7Probe]  W7:     FAILED id='menu-libs-expendable-button_quad-bg-left' url=file://Media/Manialinks/Nadeo/CMGame/Utils/ButtonStyles/Straight/Common_Button_Start_Straight.dds visible=1 pos=65.2303,-1.1 size=3.5x7
[   ScriptRuntime] [  LOG] [20:35:52.779] [_W7Probe]  W7:     FAILED id='menu-libs-expendable-button_quad-button-icon' url=file://Media/Manialinks/Nadeo/CMGame/Utils/Icons/128x128/icons_128_profile_inc.dds visible=1 pos=60.7302,-4.6 size=5.6x5.6
[   ScriptRuntime] [  LOG] [20:35:52.779] [_W7Probe]  W7:     FAILED id='menu-libs-expendable-button_quad-focus-right' url=file://Media/Manialinks/Nadeo/CMGame/Utils/ButtonStyles/Straight/Common_Button_Contour_End_Straight.dds visible=1 pos=61.7302,-1.1 size=3.5x7
[   ScriptRuntime] [  LOG] [20:35:52.779] [_W7Probe]  W7:     FAILED id='menu-libs-expendable-button_quad-focus-center' url=file://Media/Manialinks/Nadeo/CMGame/Utils/ButtonStyles/Straight/Common_Button_Contour_Middle.dds visible=1 pos=59.7303,-1.1 size=2x7
[   ScriptRuntime] [  LOG] [20:35:52.779] [_W7Probe]  W7:     FAILED id='menu-libs-expendable-button_quad-focus-left' url=file://Media/Manialinks/Nadeo/CMGame/Utils/ButtonStyles/Straight/Common_Button_Contour_Start_Straight.dds visible=1 pos=56.2303,-1.1 size=3.5x7
[   ScriptRuntime] [  LOG] [20:35:52.779] [_W7Probe]  W7:     FAILED id='menu-libs-expendable-button_quad-bg-right' url=file://Media/Manialinks/Nadeo/CMGame/Utils/ButtonStyles/Straight/Common_Button_End_Straight.dds visible=1 pos=61.7302,-1.1 size=3.5x7
[   ScriptRuntime] [  LOG] [20:35:52.779] [_W7Probe]  W7:     FAILED id='menu-libs-expendable-button_quad-bg-left' url=file://Media/Manialinks/Nadeo/CMGame/Utils/ButtonStyles/Straight/Common_Button_Start_Straight.dds visible=1 pos=56.2303,-1.1 size=3.5x7
[   ScriptRuntime] [  LOG] [20:35:52.779] [_W7Probe]  W7:     FAILED id='menu-libs-expendable-button_quad-button-icon' url=file://Media/Manialinks/Nadeo/CMGame/Utils/Icons/128x128/icons_128_settings_voice_off.dds visible=1 pos=80.1585,3.5 size=5.6x5.6
[   ScriptRuntime] [  LOG] [20:35:52.779] [_W7Probe]  W7:     FAILED id='menu-libs-expendable-button_quad-focus-right' url=file://Media/Manialinks/Nadeo/CMGame/Utils/ButtonStyles/Straight/Common_Button_Contour_End_Straight.dds visible=1 pos=81.1585,7 size=3.5x7
[   ScriptRuntime] [  LOG] [20:35:52.779] [_W7Probe]  W7:     FAILED id='menu-libs-expendable-button_quad-focus-center' url=file://Media/Manialinks/Nadeo/CMGame/Utils/ButtonStyles/Straight/Common_Button_Contour_Middle.dds visible=1 pos=79.1585,7 size=2x7
[   ScriptRuntime] [  LOG] [20:35:52.779] [_W7Probe]  W7:     FAILED id='menu-libs-expendable-button_quad-focus-left' url=file://Media/Manialinks/Nadeo/CMGame/Utils/ButtonStyles/Straight/Common_Button_Contour_Start_Straight.dds visible=1 pos=75.6585,7 size=3.5x7
[   ScriptRuntime] [  LOG] [20:35:52.779] [_W7Probe]  W7:     FAILED id='menu-libs-expendable-button_quad-bg-right' url=file://Media/Manialinks/Nadeo/CMGame/Utils/ButtonStyles/Straight/Common_Button_End_Straight.dds visible=1 pos=81.1585,7 size=3.5x7
[   ScriptRuntime] [  LOG] [20:35:52.779] [_W7Probe]  W7:     FAILED id='menu-libs-expendable-button_quad-bg-left' url=file://Media/Manialinks/Nadeo/CMGame/Utils/ButtonStyles/Straight/Common_Button_Start_Straight.dds visible=1 pos=75.6585,7 size=3.5x7
[   ScriptRuntime] [  LOG] [20:35:52.779] [_W7Probe]  W7:     FAILED id='menu-libs-expendable-button_quad-button-icon' url=file://Media/Manialinks/Nadeo/CMGame/Utils/Icons/128x128/icons_128_HUD_Cam_follow_inc.dds visible=1 pos=71.1585,3.5 size=5.6x5.6
[   ScriptRuntime] [  LOG] [20:35:52.779] [_W7Probe]  W7:     FAILED id='menu-libs-expendable-button_quad-focus-right' url=file://Media/Manialinks/Nadeo/CMGame/Utils/ButtonStyles/Straight/Common_Button_Contour_End_Straight.dds visible=1 pos=72.1585,7 size=3.5x7
[   ScriptRuntime] [  LOG] [20:35:52.779] [_W7Probe]  W7:     FAILED id='menu-libs-expendable-button_quad-focus-center' url=file://Media/Manialinks/Nadeo/CMGame/Utils/ButtonStyles/Straight/Common_Button_Contour_Middle.dds visible=1 pos=70.1585,7 size=2x7
[   ScriptRuntime] [  LOG] [20:35:52.779] [_W7Probe]  W7:     FAILED id='menu-libs-expendable-button_quad-focus-left' url=file://Media/Manialinks/Nadeo/CMGame/Utils/ButtonStyles/Straight/Common_Button_Contour_Start_Straight.dds visible=1 pos=66.6585,7 size=3.5x7
[   ScriptRuntime] [  LOG] [20:35:52.780] [_W7Probe]  W7:     FAILED id='menu-libs-expendable-button_quad-bg-right' url=file://Media/Manialinks/Nadeo/CMGame/Utils/ButtonStyles/Straight/Common_Button_End_Straight.dds visible=1 pos=72.1585,7 size=3.5x7
[   ScriptRuntime] [  LOG] [20:35:52.780] [_W7Probe]  W7:     FAILED id='menu-libs-expendable-button_quad-bg-left' url=file://Media/Manialinks/Nadeo/CMGame/Utils/ButtonStyles/Straight/Common_Button_Start_Straight.dds visible=1 pos=66.6585,7 size=3.5x7
[   ScriptRuntime] [  LOG] [20:35:52.780] [_W7Probe]  W7:     FAILED id='menu-libs-expendable-button_quad-button-icon' url=file://Media/Manialinks/Nadeo/CMGame/Utils/Icons/128x128/icons_128_profile_inc.dds visible=1 pos=62.1585,3.5 size=5.6x5.6
[   ScriptRuntime] [  LOG] [20:35:52.780] [_W7Probe]  W7:     FAILED id='menu-libs-expendable-button_quad-focus-right' url=file://Media/Manialinks/Nadeo/CMGame/Utils/ButtonStyles/Straight/Common_Button_Contour_End_Straight.dds visible=1 pos=63.1585,7 size=3.5x7
[   ScriptRuntime] [  LOG] [20:35:52.780] [_W7Probe]  W7:     FAILED id='menu-libs-expendable-button_quad-focus-center' url=file://Media/Manialinks/Nadeo/CMGame/Utils/ButtonStyles/Straight/Common_Button_Contour_Middle.dds visible=1 pos=61.1585,7 size=2x7
[   ScriptRuntime] [  LOG] [20:35:52.780] [_W7Probe]  W7:     FAILED id='menu-libs-expendable-button_quad-focus-left' url=file://Media/Manialinks/Nadeo/CMGame/Utils/ButtonStyles/Straight/Common_Button_Contour_Start_Straight.dds visible=1 pos=57.6585,7 size=3.5x7
[   ScriptRuntime] [  LOG] [20:35:52.780] [_W7Probe]  W7:     FAILED id='menu-libs-expendable-button_quad-bg-right' url=file://Media/Manialinks/Nadeo/CMGame/Utils/ButtonStyles/Straight/Common_Button_End_Straight.dds visible=1 pos=63.1585,7 size=3.5x7
[   ScriptRuntime] [  LOG] [20:35:52.780] [_W7Probe]  W7:     FAILED id='menu-libs-expendable-button_quad-bg-left' url=file://Media/Manialinks/Nadeo/CMGame/Utils/ButtonStyles/Straight/Common_Button_Start_Straight.dds visible=1 pos=57.6585,7 size=3.5x7
[   ScriptRuntime] [  LOG] [20:35:52.780] [_W7Probe]  W7:     FAILED id='menu-libs-expendable-button_quad-button-icon' url=file://Media/Manialinks/Nadeo/CMGame/Utils/Icons/128x128/icons_128_settings_voice_off.dds visible=1 pos=81.5867,11.6 size=5.6x5.6
[   ScriptRuntime] [  LOG] [20:35:52.780] [_W7Probe]  W7:     FAILED id='menu-libs-expendable-button_quad-focus-right' url=file://Media/Manialinks/Nadeo/CMGame/Utils/ButtonStyles/Straight/Common_Button_Contour_End_Straight.dds visible=1 pos=82.5868,15.1 size=3.5x7
[   ScriptRuntime] [  LOG] [20:35:52.780] [_W7Probe]  W7:     FAILED id='menu-libs-expendable-button_quad-focus-center' url=file://Media/Manialinks/Nadeo/CMGame/Utils/ButtonStyles/Straight/Common_Button_Contour_Middle.dds visible=1 pos=80.5868,15.1 size=2x7
[   ScriptRuntime] [  LOG] [20:35:52.780] [_W7Probe]  W7:     FAILED id='menu-libs-expendable-button_quad-focus-left' url=file://Media/Manialinks/Nadeo/CMGame/Utils/ButtonStyles/Straight/Common_Button_Contour_Start_Straight.dds visible=1 pos=77.0867,15.1 size=3.5x7
[   ScriptRuntime] [  LOG] [20:35:52.780] [_W7Probe]  W7:     FAILED id='menu-libs-expendable-button_quad-bg-right' url=file://Media/Manialinks/Nadeo/CMGame/Utils/ButtonStyles/Straight/Common_Button_End_Straight.dds visible=1 pos=82.5868,15.1 size=3.5x7
[   ScriptRuntime] [  LOG] [20:35:52.780] [_W7Probe]  W7:     FAILED id='menu-libs-expendable-button_quad-bg-left' url=file://Media/Manialinks/Nadeo/CMGame/Utils/ButtonStyles/Straight/Common_Button_Start_Straight.dds visible=1 pos=77.0867,15.1 size=3.5x7
[   ScriptRuntime] [  LOG] [20:35:52.780] [_W7Probe]  W7:     FAILED id='menu-libs-expendable-button_quad-button-icon' url=file://Media/Manialinks/Nadeo/CMGame/Utils/Icons/128x128/icons_128_HUD_Cam_follow_inc.dds visible=1 pos=72.5868,11.6 size=5.6x5.6
[   ScriptRuntime] [  LOG] [20:35:52.780] [_W7Probe]  W7:     FAILED id='menu-libs-expendable-button_quad-focus-right' url=file://Media/Manialinks/Nadeo/CMGame/Utils/ButtonStyles/Straight/Common_Button_Contour_End_Straight.dds visible=1 pos=73.5868,15.1 size=3.5x7
[   ScriptRuntime] [  LOG] [20:35:52.780] [_W7Probe]  W7:     FAILED id='menu-libs-expendable-button_quad-focus-center' url=file://Media/Manialinks/Nadeo/CMGame/Utils/ButtonStyles/Straight/Common_Button_Contour_Middle.dds visible=1 pos=71.5868,15.1 size=2x7
[   ScriptRuntime] [  LOG] [20:35:52.780] [_W7Probe]  W7:     FAILED id='menu-libs-expendable-button_quad-focus-left' url=file://Media/Manialinks/Nadeo/CMGame/Utils/ButtonStyles/Straight/Common_Button_Contour_Start_Straight.dds visible=1 pos=68.0868,15.1 size=3.5x7
[   ScriptRuntime] [  LOG] [20:35:52.780] [_W7Probe]  W7:     FAILED id='menu-libs-expendable-button_quad-bg-right' url=file://Media/Manialinks/Nadeo/CMGame/Utils/ButtonStyles/Straight/Common_Button_End_Straight.dds visible=1 pos=73.5868,15.1 size=3.5x7
[   ScriptRuntime] [  LOG] [20:35:52.780] [_W7Probe]  W7:     FAILED id='menu-libs-expendable-button_quad-bg-left' url=file://Media/Manialinks/Nadeo/CMGame/Utils/ButtonStyles/Straight/Common_Button_Start_Straight.dds visible=1 pos=68.0868,15.1 size=3.5x7
[   ScriptRuntime] [  LOG] [20:35:52.780] [_W7Probe]  W7:     FAILED id='menu-libs-expendable-button_quad-button-icon' url=file://Media/Manialinks/Nadeo/CMGame/Utils/Icons/128x128/icons_128_profile_inc.dds visible=1 pos=63.5868,11.6 size=5.6x5.6
[   ScriptRuntime] [  LOG] [20:35:52.780] [_W7Probe]  W7:     FAILED id='menu-libs-expendable-button_quad-focus-right' url=file://Media/Manialinks/Nadeo/CMGame/Utils/ButtonStyles/Straight/Common_Button_Contour_End_Straight.dds visible=1 pos=64.5867,15.1 size=3.5x7
[   ScriptRuntime] [  LOG] [20:35:52.780] [_W7Probe]  W7:     FAILED id='menu-libs-expendable-button_quad-focus-center' url=file://Media/Manialinks/Nadeo/CMGame/Utils/ButtonStyles/Straight/Common_Button_Contour_Middle.dds visible=1 pos=62.5867,15.1 size=2x7
[   ScriptRuntime] [  LOG] [20:35:52.780] [_W7Probe]  W7:     FAILED id='menu-libs-expendable-button_quad-focus-left' url=file://Media/Manialinks/Nadeo/CMGame/Utils/ButtonStyles/Straight/Common_Button_Contour_Start_Straight.dds visible=1 pos=59.0868,15.1 size=3.5x7
[   ScriptRuntime] [  LOG] [20:35:52.780] [_W7Probe]  W7:     FAILED id='menu-libs-expendable-button_quad-bg-right' url=file://Media/Manialinks/Nadeo/CMGame/Utils/ButtonStyles/Straight/Common_Button_End_Straight.dds visible=1 pos=64.5867,15.1 size=3.5x7
[   ScriptRuntime] [  LOG] [20:35:52.780] [_W7Probe]  W7:     FAILED id='menu-libs-expendable-button_quad-bg-left' url=file://Media/Manialinks/Nadeo/CMGame/Utils/ButtonStyles/Straight/Common_Button_Start_Straight.dds visible=1 pos=59.0868,15.1 size=3.5x7
[   ScriptRuntime] [  LOG] [20:35:52.780] [_W7Probe]  W7:     FAILED id='menu-libs-expendable-button_quad-button-icon' url=file://Media/Manialinks/Nadeo/CMGame/Utils/Icons/128x128/icons_128_settings_voice_off.dds visible=1 pos=83.015,19.7 size=5.6x5.6
[   ScriptRuntime] [  LOG] [20:35:52.780] [_W7Probe]  W7:     FAILED id='menu-libs-expendable-button_quad-focus-right' url=file://Media/Manialinks/Nadeo/CMGame/Utils/ButtonStyles/Straight/Common_Button_Contour_End_Straight.dds visible=1 pos=84.015,23.2 size=3.5x7
[   ScriptRuntime] [  LOG] [20:35:52.780] [_W7Probe]  W7:     FAILED id='menu-libs-expendable-button_quad-focus-center' url=file://Media/Manialinks/Nadeo/CMGame/Utils/ButtonStyles/Straight/Common_Button_Contour_Middle.dds visible=1 pos=82.015,23.2 size=2x7
[   ScriptRuntime] [  LOG] [20:35:52.780] [_W7Probe]  W7:     FAILED id='menu-libs-expendable-button_quad-focus-left' url=file://Media/Manialinks/Nadeo/CMGame/Utils/ButtonStyles/Straight/Common_Button_Contour_Start_Straight.dds visible=1 pos=78.515,23.2 size=3.5x7
[   ScriptRuntime] [  LOG] [20:35:52.780] [_W7Probe]  W7:     FAILED id='menu-libs-expendable-button_quad-bg-right' url=file://Media/Manialinks/Nadeo/CMGame/Utils/ButtonStyles/Straight/Common_Button_End_Straight.dds visible=1 pos=84.015,23.2 size=3.5x7
[   ScriptRuntime] [  LOG] [20:35:52.780] [_W7Probe]  W7:     FAILED id='menu-libs-expendable-button_quad-bg-left' url=file://Media/Manialinks/Nadeo/CMGame/Utils/ButtonStyles/Straight/Common_Button_Start_Straight.dds visible=1 pos=78.515,23.2 size=3.5x7
[   ScriptRuntime] [  LOG] [20:35:52.780] [_W7Probe]  W7:     FAILED id='menu-libs-expendable-button_quad-button-icon' url=file://Media/Manialinks/Nadeo/CMGame/Utils/Icons/128x128/icons_128_HUD_Cam_follow_inc.dds visible=1 pos=74.015,19.7 size=5.6x5.6
[   ScriptRuntime] [  LOG] [20:35:52.780] [_W7Probe]  W7:     FAILED id='menu-libs-expendable-button_quad-focus-right' url=file://Media/Manialinks/Nadeo/CMGame/Utils/ButtonStyles/Straight/Common_Button_Contour_End_Straight.dds visible=1 pos=75.015,23.2 size=3.5x7
[   ScriptRuntime] [  LOG] [20:35:52.780] [_W7Probe]  W7:     FAILED id='menu-libs-expendable-button_quad-focus-center' url=file://Media/Manialinks/Nadeo/CMGame/Utils/ButtonStyles/Straight/Common_Button_Contour_Middle.dds visible=1 pos=73.015,23.2 size=2x7
[   ScriptRuntime] [  LOG] [20:35:52.780] [_W7Probe]  W7:     FAILED id='menu-libs-expendable-button_quad-focus-left' url=file://Media/Manialinks/Nadeo/CMGame/Utils/ButtonStyles/Straight/Common_Button_Contour_Start_Straight.dds visible=1 pos=69.515,23.2 size=3.5x7
[   ScriptRuntime] [  LOG] [20:35:52.780] [_W7Probe]  W7:     FAILED id='menu-libs-expendable-button_quad-bg-right' url=file://Media/Manialinks/Nadeo/CMGame/Utils/ButtonStyles/Straight/Common_Button_End_Straight.dds visible=1 pos=75.015,23.2 size=3.5x7
[   ScriptRuntime] [  LOG] [20:35:52.780] [_W7Probe]  W7:     FAILED id='menu-libs-expendable-button_quad-bg-left' url=file://Media/Manialinks/Nadeo/CMGame/Utils/ButtonStyles/Straight/Common_Button_Start_Straight.dds visible=1 pos=69.515,23.2 size=3.5x7
[   ScriptRuntime] [  LOG] [20:35:52.780] [_W7Probe]  W7:     FAILED id='menu-libs-expendable-button_quad-button-icon' url=file://Media/Manialinks/Nadeo/CMGame/Utils/Icons/128x128/icons_128_profile_inc.dds visible=1 pos=65.015,19.7 size=5.6x5.6
[   ScriptRuntime] [  LOG] [20:35:52.780] [_W7Probe]  W7:     FAILED id='menu-libs-expendable-button_quad-focus-right' url=file://Media/Manialinks/Nadeo/CMGame/Utils/ButtonStyles/Straight/Common_Button_Contour_End_Straight.dds visible=1 pos=66.015,23.2 size=3.5x7
[   ScriptRuntime] [  LOG] [20:35:52.780] [_W7Probe]  W7:     FAILED id='menu-libs-expendable-button_quad-focus-center' url=file://Media/Manialinks/Nadeo/CMGame/Utils/ButtonStyles/Straight/Common_Button_Contour_Middle.dds visible=1 pos=64.015,23.2 size=2x7
[   ScriptRuntime] [  LOG] [20:35:52.780] [_W7Probe]  W7:     FAILED id='menu-libs-expendable-button_quad-focus-left' url=file://Media/Manialinks/Nadeo/CMGame/Utils/ButtonStyles/Straight/Common_Button_Contour_Start_Straight.dds visible=1 pos=60.515,23.2 size=3.5x7
[   ScriptRuntime] [  LOG] [20:35:52.780] [_W7Probe]  W7:     FAILED id='menu-libs-expendable-button_quad-bg-right' url=file://Media/Manialinks/Nadeo/CMGame/Utils/ButtonStyles/Straight/Common_Button_End_Straight.dds visible=1 pos=66.015,23.2 size=3.5x7
[   ScriptRuntime] [  LOG] [20:35:52.780] [_W7Probe]  W7:     FAILED id='menu-libs-expendable-button_quad-bg-left' url=file://Media/Manialinks/Nadeo/CMGame/Utils/ButtonStyles/Straight/Common_Button_Start_Straight.dds visible=1 pos=60.515,23.2 size=3.5x7
[   ScriptRuntime] [  LOG] [20:35:52.780] [_W7Probe]  W7:     FAILED id='expendable-asset_quad-right' url=file://Media/Manialinks/Nadeo/CMGame/Utils/ButtonStyles/Rounded/Common_Button_End_Rounded.dds visible=1 pos=104.51,-67 size=3.55x7.1
[   ScriptRuntime] [  LOG] [20:35:52.780] [_W7Probe]  W7:     FAILED id='expendable-asset_quad-left' url=file://Media/Manialinks/Nadeo/CMGame/Utils/ButtonStyles/Straight/Common_Button_Start_Straight.dds visible=1 pos=97.67,-67 size=3.55x7.1
[   ScriptRuntime] [  LOG] [20:35:52.780] [_W7Probe]  W7:     FAILED id='expendable-asset_quad-right' url=file://Media/Manialinks/Nadeo/CMGame/Utils/ButtonStyles/Straight/Common_Button_End_Straight.dds visible=1 pos=91.28,-67 size=3.55x7.1
[   ScriptRuntime] [  LOG] [20:35:52.780] [_W7Probe]  W7:     FAILED id='expendable-asset_quad-left' url=file://Media/Manialinks/Nadeo/CMGame/Utils/ButtonStyles/Straight/Common_Button_Start_Straight.dds visible=1 pos=60.185,-67 size=3.55x7.1
[   ScriptRuntime] [  LOG] [20:35:52.780] [_W7Probe]  W7:     FAILED id='expendable-asset_quad-right' url=file://Media/Manialinks/Nadeo/CMGame/Utils/ButtonStyles/Straight/Common_Button_End_Straight.dds visible=1 pos=53.795,-67 size=3.55x7.1
[   ScriptRuntime] [  LOG] [20:35:52.780] [_W7Probe]  W7:     FAILED id='expendable-asset_quad-left' url=file://Media/Manialinks/Nadeo/CMGame/Utils/ButtonStyles/Straight/Common_Button_Start_Straight.dds visible=1 pos=-94.165,-67 size=3.55x7.1
[   ScriptRuntime] [  LOG] [20:35:52.780] [_W7Probe]  W7:     FAILED id='expendable-asset_quad-right' url=file://Media/Manialinks/Nadeo/CMGame/Utils/ButtonStyles/Rounded/Common_Button_End_Rounded.dds visible=1 pos=239.418,-57.8 size=3.55x7.1
[   ScriptRuntime] [  LOG] [20:35:52.780] [_W7Probe]  W7:     FAILED id='expendable-asset_quad-left' url=file://Media/Manialinks/Nadeo/CMGame/Utils/ButtonStyles/Straight/Common_Button_Start_Straight.dds visible=1 pos=231.818,-57.8 size=3.55x7.1
[   ScriptRuntime] [  LOG] [20:35:52.780] [_W7Probe]  W7:     FAILED id='expendable-asset_quad-right' url=file://Media/Manialinks/Nadeo/CMGame/Utils/ButtonStyles/Straight/Common_Button_End_Straight.dds visible=1 pos=224.718,-57.8 size=3.55x7.1
[   ScriptRuntime] [  LOG] [20:35:52.780] [_W7Probe]  W7:     FAILED id='expendable-asset_quad-left' url=file://Media/Manialinks/Nadeo/CMGame/Utils/ButtonStyles/Straight/Common_Button_Start_Straight.dds visible=1 pos=190.168,-57.8 size=3.55x7.1
[   ScriptRuntime] [  LOG] [20:35:52.780] [_W7Probe]  W7:     FAILED id='expendable-asset_quad-right' url=file://Media/Manialinks/Nadeo/CMGame/Utils/ButtonStyles/Straight/Common_Button_End_Straight.dds visible=1 pos=183.068,-57.8 size=3.55x7.1
[   ScriptRuntime] [  LOG] [20:35:52.780] [_W7Probe]  W7:     FAILED id='expendable-asset_quad-left' url=file://Media/Manialinks/Nadeo/CMGame/Utils/ButtonStyles/Straight/Common_Button_Start_Straight.dds visible=1 pos=18.6675,-57.8 size=3.55x7.1
[   ScriptRuntime] [  LOG] [20:35:52.781] [_W7Probe]  W7:     FAILED id='expendable-asset_quad-right' url=file://Media/Manialinks/Nadeo/CMGame/Utils/ButtonStyles/Rounded/Common_Button_End_Rounded.dds visible=1 pos=240.846,-49.7 size=3.55x7.1
[   ScriptRuntime] [  LOG] [20:35:52.781] [_W7Probe]  W7:     FAILED id='expendable-asset_quad-left' url=file://Media/Manialinks/Nadeo/CMGame/Utils/ButtonStyles/Straight/Common_Button_Start_Straight.dds visible=1 pos=233.246,-49.7 size=3.55x7.1
[   ScriptRuntime] [  LOG] [20:35:52.781] [_W7Probe]  W7:     FAILED id='expendable-asset_quad-right' url=file://Media/Manialinks/Nadeo/CMGame/Utils/ButtonStyles/Straight/Common_Button_End_Straight.dds visible=1 pos=226.146,-49.7 size=3.55x7.1
[   ScriptRuntime] [  LOG] [20:35:52.781] [_W7Probe]  W7:     FAILED id='expendable-asset_quad-left' url=file://Media/Manialinks/Nadeo/CMGame/Utils/ButtonStyles/Straight/Common_Button_Start_Straight.dds visible=1 pos=191.596,-49.7 size=3.55x7.1
[   ScriptRuntime] [  LOG] [20:35:52.781] [_W7Probe]  W7:     FAILED id='expendable-asset_quad-right' url=file://Media/Manialinks/Nadeo/CMGame/Utils/ButtonStyles/Straight/Common_Button_End_Straight.dds visible=1 pos=184.496,-49.7 size=3.55x7.1
[   ScriptRuntime] [  LOG] [20:35:52.781] [_W7Probe]  W7:     FAILED id='expendable-asset_quad-left' url=file://Media/Manialinks/Nadeo/CMGame/Utils/ButtonStyles/Straight/Common_Button_Start_Straight.dds visible=1 pos=20.0958,-49.7 size=3.55x7.1
[   ScriptRuntime] [  LOG] [20:35:52.781] [_W7Probe]  W7:     FAILED id='expendable-asset_quad-right' url=file://Media/Manialinks/Nadeo/CMGame/Utils/ButtonStyles/Rounded/Common_Button_End_Rounded.dds visible=1 pos=242.274,-41.6 size=3.55x7.1
[   ScriptRuntime] [  LOG] [20:35:52.781] [_W7Probe]  W7:     FAILED id='expendable-asset_quad-left' url=file://Media/Manialinks/Nadeo/CMGame/Utils/ButtonStyles/Straight/Common_Button_Start_Straight.dds visible=1 pos=234.674,-41.6 size=3.55x7.1
[   ScriptRuntime] [  LOG] [20:35:52.781] [_W7Probe]  W7:     FAILED id='expendable-asset_quad-right' url=file://Media/Manialinks/Nadeo/CMGame/Utils/ButtonStyles/Straight/Common_Button_End_Straight.dds visible=1 pos=227.574,-41.6 size=3.55x7.1
[   ScriptRuntime] [  LOG] [20:35:52.781] [_W7Probe]  W7:     FAILED id='expendable-asset_quad-left' url=file://Media/Manialinks/Nadeo/CMGame/Utils/ButtonStyles/Straight/Common_Button_Start_Straight.dds visible=1 pos=193.024,-41.6 size=3.55x7.1
[   ScriptRuntime] [  LOG] [20:35:52.781] [_W7Probe]  W7:     FAILED id='expendable-asset_quad-right' url=file://Media/Manialinks/Nadeo/CMGame/Utils/ButtonStyles/Straight/Common_Button_End_Straight.dds visible=1 pos=185.924,-41.6 size=3.55x7.1
[   ScriptRuntime] [  LOG] [20:35:52.781] [_W7Probe]  W7:     FAILED id='expendable-asset_quad-left' url=file://Media/Manialinks/Nadeo/CMGame/Utils/ButtonStyles/Straight/Common_Button_Start_Straight.dds visible=1 pos=21.524,-41.6 size=3.55x7.1
[   ScriptRuntime] [  LOG] [20:35:52.781] [_W7Probe]  W7:     FAILED id='expendable-asset_quad-right' url=file://Media/Manialinks/Nadeo/CMGame/Utils/ButtonStyles/Rounded/Common_Button_End_Rounded.dds visible=1 pos=243.702,-33.5 size=3.55x7.1
[   ScriptRuntime] [  LOG] [20:35:52.781] [_W7Probe]  W7:     FAILED id='expendable-asset_quad-left' url=file://Media/Manialinks/Nadeo/CMGame/Utils/ButtonStyles/Straight/Common_Button_Start_Straight.dds visible=1 pos=236.102,-33.5 size=3.55x7.1
[   ScriptRuntime] [  LOG] [20:35:52.781] [_W7Probe]  W7:     FAILED id='expendable-asset_quad-right' url=file://Media/Manialinks/Nadeo/CMGame/Utils/ButtonStyles/Straight/Common_Button_End_Straight.dds visible=1 pos=229.002,-33.5 size=3.55x7.1
[   ScriptRuntime] [  LOG] [20:35:52.781] [_W7Probe]  W7:     FAILED id='expendable-asset_quad-left' url=file://Media/Manialinks/Nadeo/CMGame/Utils/ButtonStyles/Straight/Common_Button_Start_Straight.dds visible=1 pos=194.452,-33.5 size=3.55x7.1
[   ScriptRuntime] [  LOG] [20:35:52.781] [_W7Probe]  W7:     FAILED id='expendable-asset_quad-right' url=file://Media/Manialinks/Nadeo/CMGame/Utils/ButtonStyles/Straight/Common_Button_End_Straight.dds visible=1 pos=187.352,-33.5 size=3.55x7.1
[   ScriptRuntime] [  LOG] [20:35:52.781] [_W7Probe]  W7:     FAILED id='expendable-asset_quad-left' url=file://Media/Manialinks/Nadeo/CMGame/Utils/ButtonStyles/Straight/Common_Button_Start_Straight.dds visible=1 pos=22.9523,-33.5 size=3.55x7.1
[   ScriptRuntime] [  LOG] [20:35:52.781] [_W7Probe]  W7:     FAILED id='expendable-asset_quad-right' url=file://Media/Manialinks/Nadeo/CMGame/Utils/ButtonStyles/Rounded/Common_Button_End_Rounded.dds visible=1 pos=245.13,-25.4 size=3.55x7.1
[   ScriptRuntime] [  LOG] [20:35:52.781] [_W7Probe]  W7:     FAILED id='expendable-asset_quad-left' url=file://Media/Manialinks/Nadeo/CMGame/Utils/ButtonStyles/Straight/Common_Button_Start_Straight.dds visible=1 pos=237.531,-25.4 size=3.55x7.1
[   ScriptRuntime] [  LOG] [20:35:52.781] [_W7Probe]  W7:     FAILED id='expendable-asset_quad-right' url=file://Media/Manialinks/Nadeo/CMGame/Utils/ButtonStyles/Straight/Common_Button_End_Straight.dds visible=1 pos=230.431,-25.4 size=3.55x7.1
[   ScriptRuntime] [  LOG] [20:35:52.781] [_W7Probe]  W7:     FAILED id='expendable-asset_quad-left' url=file://Media/Manialinks/Nadeo/CMGame/Utils/ButtonStyles/Straight/Common_Button_Start_Straight.dds visible=1 pos=195.881,-25.4 size=3.55x7.1
[   ScriptRuntime] [  LOG] [20:35:52.781] [_W7Probe]  W7:     FAILED id='expendable-asset_quad-right' url=file://Media/Manialinks/Nadeo/CMGame/Utils/ButtonStyles/Straight/Common_Button_End_Straight.dds visible=1 pos=188.781,-25.4 size=3.55x7.1
[   ScriptRuntime] [  LOG] [20:35:52.781] [_W7Probe]  W7:     FAILED id='expendable-asset_quad-left' url=file://Media/Manialinks/Nadeo/CMGame/Utils/ButtonStyles/Straight/Common_Button_Start_Straight.dds visible=1 pos=24.3805,-25.4 size=3.55x7.1
[   ScriptRuntime] [  LOG] [20:35:52.781] [_W7Probe]  W7:     FAILED id='expendable-asset_quad-right' url=file://Media/Manialinks/Nadeo/CMGame/Utils/ButtonStyles/Rounded/Common_Button_End_Rounded.dds visible=1 pos=246.559,-17.3 size=3.55x7.1
[   ScriptRuntime] [  LOG] [20:35:52.781] [_W7Probe]  W7:     FAILED id='expendable-asset_quad-left' url=file://Media/Manialinks/Nadeo/CMGame/Utils/ButtonStyles/Straight/Common_Button_Start_Straight.dds visible=1 pos=238.959,-17.3 size=3.55x7.1
[   ScriptRuntime] [  LOG] [20:35:52.781] [_W7Probe]  W7:     FAILED id='expendable-asset_quad-right' url=file://Media/Manialinks/Nadeo/CMGame/Utils/ButtonStyles/Straight/Common_Button_End_Straight.dds visible=1 pos=231.859,-17.3 size=3.55x7.1
[   ScriptRuntime] [  LOG] [20:35:52.781] [_W7Probe]  W7:     FAILED id='expendable-asset_quad-left' url=file://Media/Manialinks/Nadeo/CMGame/Utils/ButtonStyles/Straight/Common_Button_Start_Straight.dds visible=1 pos=197.309,-17.3 size=3.55x7.1
[   ScriptRuntime] [  LOG] [20:35:52.781] [_W7Probe]  W7:     FAILED id='expendable-asset_quad-right' url=file://Media/Manialinks/Nadeo/CMGame/Utils/ButtonStyles/Straight/Common_Button_End_Straight.dds visible=1 pos=190.209,-17.3 size=3.55x7.1
[   ScriptRuntime] [  LOG] [20:35:52.781] [_W7Probe]  W7:     FAILED id='expendable-asset_quad-left' url=file://Media/Manialinks/Nadeo/CMGame/Utils/ButtonStyles/Straight/Common_Button_Start_Straight.dds visible=1 pos=25.8088,-17.3 size=3.55x7.1
[   ScriptRuntime] [  LOG] [20:35:52.781] [_W7Probe]  W7:     FAILED id='expendable-asset_quad-right' url=file://Media/Manialinks/Nadeo/CMGame/Utils/ButtonStyles/Rounded/Common_Button_End_Rounded.dds visible=1 pos=247.987,-9.2 size=3.55x7.1
[   ScriptRuntime] [  LOG] [20:35:52.781] [_W7Probe]  W7:     FAILED id='expendable-asset_quad-left' url=file://Media/Manialinks/Nadeo/CMGame/Utils/ButtonStyles/Straight/Common_Button_Start_Straight.dds visible=1 pos=240.387,-9.2 size=3.55x7.1
[   ScriptRuntime] [  LOG] [20:35:52.781] [_W7Probe]  W7:     FAILED id='expendable-asset_quad-right' url=file://Media/Manialinks/Nadeo/CMGame/Utils/ButtonStyles/Straight/Common_Button_End_Straight.dds visible=1 pos=233.287,-9.2 size=3.55x7.1
[   ScriptRuntime] [  LOG] [20:35:52.781] [_W7Probe]  W7:     FAILED id='expendable-asset_quad-left' url=file://Media/Manialinks/Nadeo/CMGame/Utils/ButtonStyles/Straight/Common_Button_Start_Straight.dds visible=1 pos=198.737,-9.2 size=3.55x7.1
[   ScriptRuntime] [  LOG] [20:35:52.781] [_W7Probe]  W7:     FAILED id='expendable-asset_quad-right' url=file://Media/Manialinks/Nadeo/CMGame/Utils/ButtonStyles/Straight/Common_Button_End_Straight.dds visible=1 pos=191.637,-9.2 size=3.55x7.1
[   ScriptRuntime] [  LOG] [20:35:52.781] [_W7Probe]  W7:     FAILED id='expendable-asset_quad-left' url=file://Media/Manialinks/Nadeo/CMGame/Utils/ButtonStyles/Straight/Common_Button_Start_Straight.dds visible=1 pos=27.237,-9.2 size=3.55x7.1
[   ScriptRuntime] [  LOG] [20:35:52.781] [_W7Probe]  W7:     FAILED id='expendable-asset_quad-right' url=file://Media/Manialinks/Nadeo/CMGame/Utils/ButtonStyles/Rounded/Common_Button_End_Rounded.dds visible=1 pos=249.415,-1.1 size=3.55x7.1
[   ScriptRuntime] [  LOG] [20:35:52.781] [_W7Probe]  W7:     FAILED id='expendable-asset_quad-left' url=file://Media/Manialinks/Nadeo/CMGame/Utils/ButtonStyles/Straight/Common_Button_Start_Straight.dds visible=1 pos=241.815,-1.1 size=3.55x7.1
[   ScriptRuntime] [  LOG] [20:35:52.781] [_W7Probe]  W7:     FAILED id='expendable-asset_quad-right' url=file://Media/Manialinks/Nadeo/CMGame/Utils/ButtonStyles/Straight/Common_Button_End_Straight.dds visible=1 pos=234.715,-1.1 size=3.55x7.1
[   ScriptRuntime] [  LOG] [20:35:52.781] [_W7Probe]  W7:     FAILED id='expendable-asset_quad-left' url=file://Media/Manialinks/Nadeo/CMGame/Utils/ButtonStyles/Straight/Common_Button_Start_Straight.dds visible=1 pos=200.165,-1.1 size=3.55x7.1
[   ScriptRuntime] [  LOG] [20:35:52.781] [_W7Probe]  W7:     FAILED id='expendable-asset_quad-right' url=file://Media/Manialinks/Nadeo/CMGame/Utils/ButtonStyles/Straight/Common_Button_End_Straight.dds visible=1 pos=193.065,-1.1 size=3.55x7.1
[   ScriptRuntime] [  LOG] [20:35:52.781] [_W7Probe]  W7:     FAILED id='expendable-asset_quad-left' url=file://Media/Manialinks/Nadeo/CMGame/Utils/ButtonStyles/Straight/Common_Button_Start_Straight.dds visible=1 pos=28.6653,-1.1 size=3.55x7.1
[   ScriptRuntime] [  LOG] [20:35:52.781] [_W7Probe]  W7:     FAILED id='expendable-asset_quad-right' url=file://Media/Manialinks/Nadeo/CMGame/Utils/ButtonStyles/Rounded/Common_Button_End_Rounded.dds visible=1 pos=250.843,7 size=3.55x7.1
[   ScriptRuntime] [  LOG] [20:35:52.781] [_W7Probe]  W7:     FAILED id='expendable-asset_quad-left' url=file://Media/Manialinks/Nadeo/CMGame/Utils/ButtonStyles/Straight/Common_Button_Start_Straight.dds visible=1 pos=243.243,7 size=3.55x7.1
[   ScriptRuntime] [  LOG] [20:35:52.781] [_W7Probe]  W7:     FAILED id='expendable-asset_quad-right' url=file://Media/Manialinks/Nadeo/CMGame/Utils/ButtonStyles/Straight/Common_Button_End_Straight.dds visible=1 pos=236.143,7 size=3.55x7.1
[   ScriptRuntime] [  LOG] [20:35:52.781] [_W7Probe]  W7:     FAILED id='expendable-asset_quad-left' url=file://Media/Manialinks/Nadeo/CMGame/Utils/ButtonStyles/Straight/Common_Button_Start_Straight.dds visible=1 pos=201.594,7 size=3.55x7.1
[   ScriptRuntime] [  LOG] [20:35:52.781] [_W7Probe]  W7:     FAILED id='expendable-asset_quad-right' url=file://Media/Manialinks/Nadeo/CMGame/Utils/ButtonStyles/Straight/Common_Button_End_Straight.dds visible=1 pos=194.493,7 size=3.55x7.1
[   ScriptRuntime] [  LOG] [20:35:52.781] [_W7Probe]  W7:     FAILED id='expendable-asset_quad-left' url=file://Media/Manialinks/Nadeo/CMGame/Utils/ButtonStyles/Straight/Common_Button_Start_Straight.dds visible=1 pos=30.0935,7 size=3.55x7.1
[   ScriptRuntime] [  LOG] [20:35:52.781] [_W7Probe]  W7:     FAILED id='expendable-asset_quad-right' url=file://Media/Manialinks/Nadeo/CMGame/Utils/ButtonStyles/Rounded/Common_Button_End_Rounded.dds visible=1 pos=252.272,15.1 size=3.55x7.1
[   ScriptRuntime] [  LOG] [20:35:52.781] [_W7Probe]  W7:     FAILED id='expendable-asset_quad-left' url=file://Media/Manialinks/Nadeo/CMGame/Utils/ButtonStyles/Straight/Common_Button_Start_Straight.dds visible=1 pos=244.672,15.1 size=3.55x7.1
[   ScriptRuntime] [  LOG] [20:35:52.781] [_W7Probe]  W7:     FAILED id='expendable-asset_quad-right' url=file://Media/Manialinks/Nadeo/CMGame/Utils/ButtonStyles/Straight/Common_Button_End_Straight.dds visible=1 pos=237.572,15.1 size=3.55x7.1
[   ScriptRuntime] [  LOG] [20:35:52.781] [_W7Probe]  W7:     FAILED id='expendable-asset_quad-left' url=file://Media/Manialinks/Nadeo/CMGame/Utils/ButtonStyles/Straight/Common_Button_Start_Straight.dds visible=1 pos=203.022,15.1 size=3.55x7.1
[   ScriptRuntime] [  LOG] [20:35:52.781] [_W7Probe]  W7:     FAILED id='expendable-asset_quad-right' url=file://Media/Manialinks/Nadeo/CMGame/Utils/ButtonStyles/Straight/Common_Button_End_Straight.dds visible=1 pos=195.922,15.1 size=3.55x7.1
[   ScriptRuntime] [  LOG] [20:35:52.781] [_W7Probe]  W7:     FAILED id='expendable-asset_quad-left' url=file://Media/Manialinks/Nadeo/CMGame/Utils/ButtonStyles/Straight/Common_Button_Start_Straight.dds visible=1 pos=31.5217,15.1 size=3.55x7.1
[   ScriptRuntime] [  LOG] [20:35:52.781] [_W7Probe]  W7:     FAILED id='expendable-asset_quad-right' url=file://Media/Manialinks/Nadeo/CMGame/Utils/ButtonStyles/Rounded/Common_Button_End_Rounded.dds visible=1 pos=253.7,23.2 size=3.55x7.1
[   ScriptRuntime] [  LOG] [20:35:52.782] [_W7Probe]  W7:     FAILED id='expendable-asset_quad-left' url=file://Media/Manialinks/Nadeo/CMGame/Utils/ButtonStyles/Straight/Common_Button_Start_Straight.dds visible=1 pos=246.1,23.2 size=3.55x7.1
[   ScriptRuntime] [  LOG] [20:35:52.782] [_W7Probe]  W7:     FAILED id='expendable-asset_quad-right' url=file://Media/Manialinks/Nadeo/CMGame/Utils/ButtonStyles/Straight/Common_Button_End_Straight.dds visible=1 pos=239,23.2 size=3.55x7.1
[   ScriptRuntime] [  LOG] [20:35:52.782] [_W7Probe]  W7:     FAILED id='expendable-asset_quad-left' url=file://Media/Manialinks/Nadeo/CMGame/Utils/ButtonStyles/Straight/Common_Button_Start_Straight.dds visible=1 pos=204.45,23.2 size=3.55x7.1
[   ScriptRuntime] [  LOG] [20:35:52.782] [_W7Probe]  W7:     FAILED id='expendable-asset_quad-right' url=file://Media/Manialinks/Nadeo/CMGame/Utils/ButtonStyles/Straight/Common_Button_End_Straight.dds visible=1 pos=197.35,23.2 size=3.55x7.1
[   ScriptRuntime] [  LOG] [20:35:52.782] [_W7Probe]  W7:     FAILED id='expendable-asset_quad-left' url=file://Media/Manialinks/Nadeo/CMGame/Utils/ButtonStyles/Straight/Common_Button_Start_Straight.dds visible=1 pos=32.95,23.2 size=3.55x7.1
[   ScriptRuntime] [  LOG] [20:35:52.782] [_W7Probe]  W7:     FAILED id='expendable-asset_quad-right' url=file://Media/Manialinks/Nadeo/CMGame/Utils/ButtonStyles/Rounded/Common_Button_End_Rounded.dds visible=1 pos=97.3175,-57.8 size=3.55x7.1
[   ScriptRuntime] [  LOG] [20:35:52.782] [_W7Probe]  W7:     FAILED id='expendable-asset_quad-left' url=file://Media/Manialinks/Nadeo/CMGame/Utils/ButtonStyles/Straight/Common_Button_Start_Straight.dds visible=1 pos=89.7175,-57.8 size=3.55x7.1
[   ScriptRuntime] [  LOG] [20:35:52.782] [_W7Probe]  W7:     FAILED id='expendable-asset_quad-right' url=file://Media/Manialinks/Nadeo/CMGame/Utils/ButtonStyles/Straight/Common_Button_End_Straight.dds visible=1 pos=82.6175,-57.8 size=3.55x7.1
[   ScriptRuntime] [  LOG] [20:35:52.782] [_W7Probe]  W7:     FAILED id='expendable-asset_quad-left' url=file://Media/Manialinks/Nadeo/CMGame/Utils/ButtonStyles/Straight/Common_Button_Start_Straight.dds visible=1 pos=48.0675,-57.8 size=3.55x7.1
[   ScriptRuntime] [  LOG] [20:35:52.782] [_W7Probe]  W7:     FAILED id='expendable-asset_quad-right' url=file://Media/Manialinks/Nadeo/CMGame/Utils/ButtonStyles/Straight/Common_Button_End_Straight.dds visible=1 pos=40.9675,-57.8 size=3.55x7.1
[   ScriptRuntime] [  LOG] [20:35:52.782] [_W7Probe]  W7:     FAILED id='expendable-asset_quad-left' url=file://Media/Manialinks/Nadeo/CMGame/Utils/ButtonStyles/Straight/Common_Button_Start_Straight.dds visible=1 pos=-123.432,-57.8 size=3.55x7.1
[   ScriptRuntime] [  LOG] [20:35:52.782] [_W7Probe]  W7:     FAILED id='expendable-asset_quad-right' url=file://Media/Manialinks/Nadeo/CMGame/Utils/ButtonStyles/Rounded/Common_Button_End_Rounded.dds visible=1 pos=98.7458,-49.7 size=3.55x7.1
[   ScriptRuntime] [  LOG] [20:35:52.782] [_W7Probe]  W7:     FAILED id='expendable-asset_quad-left' url=file://Media/Manialinks/Nadeo/CMGame/Utils/ButtonStyles/Straight/Common_Button_Start_Straight.dds visible=1 pos=91.1458,-49.7 size=3.55x7.1
[   ScriptRuntime] [  LOG] [20:35:52.782] [_W7Probe]  W7:     FAILED id='expendable-asset_quad-right' url=file://Media/Manialinks/Nadeo/CMGame/Utils/ButtonStyles/Straight/Common_Button_End_Straight.dds visible=1 pos=84.0458,-49.7 size=3.55x7.1
[   ScriptRuntime] [  LOG] [20:35:52.782] [_W7Probe]  W7:     FAILED id='expendable-asset_quad-left' url=file://Media/Manialinks/Nadeo/CMGame/Utils/ButtonStyles/Straight/Common_Button_Start_Straight.dds visible=1 pos=49.4958,-49.7 size=3.55x7.1
[   ScriptRuntime] [  LOG] [20:35:52.782] [_W7Probe]  W7:     FAILED id='expendable-asset_quad-right' url=file://Media/Manialinks/Nadeo/CMGame/Utils/ButtonStyles/Straight/Common_Button_End_Straight.dds visible=1 pos=42.3958,-49.7 size=3.55x7.1
[   ScriptRuntime] [  LOG] [20:35:52.782] [_W7Probe]  W7:     FAILED id='expendable-asset_quad-left' url=file://Media/Manialinks/Nadeo/CMGame/Utils/ButtonStyles/Straight/Common_Button_Start_Straight.dds visible=1 pos=-122.004,-49.7 size=3.55x7.1
[   ScriptRuntime] [  LOG] [20:35:52.782] [_W7Probe]  W7:     FAILED id='expendable-asset_quad-right' url=file://Media/Manialinks/Nadeo/CMGame/Utils/ButtonStyles/Rounded/Common_Button_End_Rounded.dds visible=1 pos=100.174,-41.6 size=3.55x7.1
[   ScriptRuntime] [  LOG] [20:35:52.782] [_W7Probe]  W7:     FAILED id='expendable-asset_quad-left' url=file://Media/Manialinks/Nadeo/CMGame/Utils/ButtonStyles/Straight/Common_Button_Start_Straight.dds visible=1 pos=92.574,-41.6 size=3.55x7.1
[   ScriptRuntime] [  LOG] [20:35:52.782] [_W7Probe]  W7:     FAILED id='expendable-asset_quad-right' url=file://Media/Manialinks/Nadeo/CMGame/Utils/ButtonStyles/Straight/Common_Button_End_Straight.dds visible=1 pos=85.474,-41.6 size=3.55x7.1
[   ScriptRuntime] [  LOG] [20:35:52.782] [_W7Probe]  W7:     FAILED id='expendable-asset_quad-left' url=file://Media/Manialinks/Nadeo/CMGame/Utils/ButtonStyles/Straight/Common_Button_Start_Straight.dds visible=1 pos=50.924,-41.6 size=3.55x7.1
[   ScriptRuntime] [  LOG] [20:35:52.782] [_W7Probe]  W7:     FAILED id='expendable-asset_quad-right' url=file://Media/Manialinks/Nadeo/CMGame/Utils/ButtonStyles/Straight/Common_Button_End_Straight.dds visible=1 pos=43.824,-41.6 size=3.55x7.1
[   ScriptRuntime] [  LOG] [20:35:52.782] [_W7Probe]  W7:     FAILED id='expendable-asset_quad-left' url=file://Media/Manialinks/Nadeo/CMGame/Utils/ButtonStyles/Straight/Common_Button_Start_Straight.dds visible=1 pos=-120.576,-41.6 size=3.55x7.1
[   ScriptRuntime] [  LOG] [20:35:52.782] [_W7Probe]  W7:     FAILED id='expendable-asset_quad-right' url=file://Media/Manialinks/Nadeo/CMGame/Utils/ButtonStyles/Rounded/Common_Button_End_Rounded.dds visible=1 pos=101.602,-33.5 size=3.55x7.1
[   ScriptRuntime] [  LOG] [20:35:52.782] [_W7Probe]  W7:     FAILED id='expendable-asset_quad-left' url=file://Media/Manialinks/Nadeo/CMGame/Utils/ButtonStyles/Straight/Common_Button_Start_Straight.dds visible=1 pos=94.0023,-33.5 size=3.55x7.1
[   ScriptRuntime] [  LOG] [20:35:52.782] [_W7Probe]  W7:     FAILED id='expendable-asset_quad-right' url=file://Media/Manialinks/Nadeo/CMGame/Utils/ButtonStyles/Straight/Common_Button_End_Straight.dds visible=1 pos=86.9023,-33.5 size=3.55x7.1
[   ScriptRuntime] [  LOG] [20:35:52.782] [_W7Probe]  W7:     FAILED id='expendable-asset_quad-left' url=file://Media/Manialinks/Nadeo/CMGame/Utils/ButtonStyles/Straight/Common_Button_Start_Straight.dds visible=1 pos=52.3523,-33.5 size=3.55x7.1
[   ScriptRuntime] [  LOG] [20:35:52.782] [_W7Probe]  W7:     FAILED id='expendable-asset_quad-right' url=file://Media/Manialinks/Nadeo/CMGame/Utils/ButtonStyles/Straight/Common_Button_End_Straight.dds visible=1 pos=45.2523,-33.5 size=3.55x7.1
[   ScriptRuntime] [  LOG] [20:35:52.782] [_W7Probe]  W7:     FAILED id='expendable-asset_quad-left' url=file://Media/Manialinks/Nadeo/CMGame/Utils/ButtonStyles/Straight/Common_Button_Start_Straight.dds visible=1 pos=-119.148,-33.5 size=3.55x7.1
[   ScriptRuntime] [  LOG] [20:35:52.782] [_W7Probe]  W7:     FAILED id='expendable-asset_quad-right' url=file://Media/Manialinks/Nadeo/CMGame/Utils/ButtonStyles/Rounded/Common_Button_End_Rounded.dds visible=1 pos=103.03,-25.4 size=3.55x7.1
[   ScriptRuntime] [  LOG] [20:35:52.782] [_W7Probe]  W7:     FAILED id='expendable-asset_quad-left' url=file://Media/Manialinks/Nadeo/CMGame/Utils/ButtonStyles/Straight/Common_Button_Start_Straight.dds visible=1 pos=95.4305,-25.4 size=3.55x7.1
[   ScriptRuntime] [  LOG] [20:35:52.782] [_W7Probe]  W7:     FAILED id='expendable-asset_quad-right' url=file://Media/Manialinks/Nadeo/CMGame/Utils/ButtonStyles/Straight/Common_Button_End_Straight.dds visible=1 pos=88.3305,-25.4 size=3.55x7.1
[   ScriptRuntime] [  LOG] [20:35:52.782] [_W7Probe]  W7:     FAILED id='expendable-asset_quad-left' url=file://Media/Manialinks/Nadeo/CMGame/Utils/ButtonStyles/Straight/Common_Button_Start_Straight.dds visible=1 pos=53.7805,-25.4 size=3.55x7.1
[   ScriptRuntime] [  LOG] [20:35:52.782] [_W7Probe]  W7:     FAILED id='expendable-asset_quad-right' url=file://Media/Manialinks/Nadeo/CMGame/Utils/ButtonStyles/Straight/Common_Button_End_Straight.dds visible=1 pos=46.6805,-25.4 size=3.55x7.1
[   ScriptRuntime] [  LOG] [20:35:52.782] [_W7Probe]  W7:     FAILED id='expendable-asset_quad-left' url=file://Media/Manialinks/Nadeo/CMGame/Utils/ButtonStyles/Straight/Common_Button_Start_Straight.dds visible=1 pos=-117.719,-25.4 size=3.55x7.1
[   ScriptRuntime] [  LOG] [20:35:52.782] [_W7Probe]  W7:     FAILED id='expendable-asset_quad-right' url=file://Media/Manialinks/Nadeo/CMGame/Utils/ButtonStyles/Rounded/Common_Button_End_Rounded.dds visible=1 pos=104.459,-17.3 size=3.55x7.1
[   ScriptRuntime] [  LOG] [20:35:52.782] [_W7Probe]  W7:     FAILED id='expendable-asset_quad-left' url=file://Media/Manialinks/Nadeo/CMGame/Utils/ButtonStyles/Straight/Common_Button_Start_Straight.dds visible=1 pos=96.8587,-17.3 size=3.55x7.1
[   ScriptRuntime] [  LOG] [20:35:52.782] [_W7Probe]  W7:     FAILED id='expendable-asset_quad-right' url=file://Media/Manialinks/Nadeo/CMGame/Utils/ButtonStyles/Straight/Common_Button_End_Straight.dds visible=1 pos=89.7588,-17.3 size=3.55x7.1
[   ScriptRuntime] [  LOG] [20:35:52.782] [_W7Probe]  W7:     FAILED id='expendable-asset_quad-left' url=file://Media/Manialinks/Nadeo/CMGame/Utils/ButtonStyles/Straight/Common_Button_Start_Straight.dds visible=1 pos=55.2088,-17.3 size=3.55x7.1
[   ScriptRuntime] [  LOG] [20:35:52.782] [_W7Probe]  W7:     FAILED id='expendable-asset_quad-right' url=file://Media/Manialinks/Nadeo/CMGame/Utils/ButtonStyles/Straight/Common_Button_End_Straight.dds visible=1 pos=48.1087,-17.3 size=3.55x7.1
[   ScriptRuntime] [  LOG] [20:35:52.782] [_W7Probe]  W7:     FAILED id='expendable-asset_quad-left' url=file://Media/Manialinks/Nadeo/CMGame/Utils/ButtonStyles/Straight/Common_Button_Start_Straight.dds visible=1 pos=-116.291,-17.3 size=3.55x7.1
[   ScriptRuntime] [  LOG] [20:35:52.782] [_W7Probe]  W7:     FAILED id='expendable-asset_quad-right' url=file://Media/Manialinks/Nadeo/CMGame/Utils/ButtonStyles/Rounded/Common_Button_End_Rounded.dds visible=1 pos=105.887,-9.2 size=3.55x7.1
[   ScriptRuntime] [  LOG] [20:35:52.782] [_W7Probe]  W7:     FAILED id='expendable-asset_quad-left' url=file://Media/Manialinks/Nadeo/CMGame/Utils/ButtonStyles/Straight/Common_Button_Start_Straight.dds visible=1 pos=98.287,-9.2 size=3.55x7.1
[   ScriptRuntime] [  LOG] [20:35:52.782] [_W7Probe]  W7:     FAILED id='expendable-asset_quad-right' url=file://Media/Manialinks/Nadeo/CMGame/Utils/ButtonStyles/Straight/Common_Button_End_Straight.dds visible=1 pos=91.187,-9.2 size=3.55x7.1
[   ScriptRuntime] [  LOG] [20:35:52.782] [_W7Probe]  W7:     FAILED id='expendable-asset_quad-left' url=file://Media/Manialinks/Nadeo/CMGame/Utils/ButtonStyles/Straight/Common_Button_Start_Straight.dds visible=1 pos=56.637,-9.2 size=3.55x7.1
[   ScriptRuntime] [  LOG] [20:35:52.782] [_W7Probe]  W7:     FAILED id='expendable-asset_quad-right' url=file://Media/Manialinks/Nadeo/CMGame/Utils/ButtonStyles/Straight/Common_Button_End_Straight.dds visible=1 pos=49.537,-9.2 size=3.55x7.1
[   ScriptRuntime] [  LOG] [20:35:52.782] [_W7Probe]  W7:     FAILED id='expendable-asset_quad-left' url=file://Media/Manialinks/Nadeo/CMGame/Utils/ButtonStyles/Straight/Common_Button_Start_Straight.dds visible=1 pos=-114.863,-9.2 size=3.55x7.1
[   ScriptRuntime] [  LOG] [20:35:52.782] [_W7Probe]  W7:     FAILED id='expendable-asset_quad-right' url=file://Media/Manialinks/Nadeo/CMGame/Utils/ButtonStyles/Rounded/Common_Button_End_Rounded.dds visible=1 pos=107.315,-1.1 size=3.55x7.1
[   ScriptRuntime] [  LOG] [20:35:52.782] [_W7Probe]  W7:     FAILED id='expendable-asset_quad-left' url=file://Media/Manialinks/Nadeo/CMGame/Utils/ButtonStyles/Straight/Common_Button_Start_Straight.dds visible=1 pos=99.7152,-1.1 size=3.55x7.1
[   ScriptRuntime] [  LOG] [20:35:52.782] [_W7Probe]  W7:     FAILED id='expendable-asset_quad-right' url=file://Media/Manialinks/Nadeo/CMGame/Utils/ButtonStyles/Straight/Common_Button_End_Straight.dds visible=1 pos=92.6152,-1.1 size=3.55x7.1
[   ScriptRuntime] [  LOG] [20:35:52.782] [_W7Probe]  W7:     FAILED id='expendable-asset_quad-left' url=file://Media/Manialinks/Nadeo/CMGame/Utils/ButtonStyles/Straight/Common_Button_Start_Straight.dds visible=1 pos=58.0653,-1.1 size=3.55x7.1
[   ScriptRuntime] [  LOG] [20:35:52.782] [_W7Probe]  W7:     FAILED id='expendable-asset_quad-right' url=file://Media/Manialinks/Nadeo/CMGame/Utils/ButtonStyles/Straight/Common_Button_End_Straight.dds visible=1 pos=50.9652,-1.1 size=3.55x7.1
[   ScriptRuntime] [  LOG] [20:35:52.782] [_W7Probe]  W7:     FAILED id='expendable-asset_quad-left' url=file://Media/Manialinks/Nadeo/CMGame/Utils/ButtonStyles/Straight/Common_Button_Start_Straight.dds visible=1 pos=-113.435,-1.1 size=3.55x7.1
[   ScriptRuntime] [  LOG] [20:35:52.782] [_W7Probe]  W7:     FAILED id='expendable-asset_quad-right' url=file://Media/Manialinks/Nadeo/CMGame/Utils/ButtonStyles/Rounded/Common_Button_End_Rounded.dds visible=1 pos=108.743,7 size=3.55x7.1
[   ScriptRuntime] [  LOG] [20:35:52.782] [_W7Probe]  W7:     FAILED id='expendable-asset_quad-left' url=file://Media/Manialinks/Nadeo/CMGame/Utils/ButtonStyles/Straight/Common_Button_Start_Straight.dds visible=1 pos=101.143,7 size=3.55x7.1
[   ScriptRuntime] [  LOG] [20:35:52.783] [_W7Probe]  W7:     FAILED id='expendable-asset_quad-right' url=file://Media/Manialinks/Nadeo/CMGame/Utils/ButtonStyles/Straight/Common_Button_End_Straight.dds visible=1 pos=94.0435,7 size=3.55x7.1
[   ScriptRuntime] [  LOG] [20:35:52.783] [_W7Probe]  W7:     FAILED id='expendable-asset_quad-left' url=file://Media/Manialinks/Nadeo/CMGame/Utils/ButtonStyles/Straight/Common_Button_Start_Straight.dds visible=1 pos=59.4935,7 size=3.55x7.1
[   ScriptRuntime] [  LOG] [20:35:52.783] [_W7Probe]  W7:     FAILED id='expendable-asset_quad-right' url=file://Media/Manialinks/Nadeo/CMGame/Utils/ButtonStyles/Straight/Common_Button_End_Straight.dds visible=1 pos=52.3935,7 size=3.55x7.1
[   ScriptRuntime] [  LOG] [20:35:52.783] [_W7Probe]  W7:     FAILED id='expendable-asset_quad-left' url=file://Media/Manialinks/Nadeo/CMGame/Utils/ButtonStyles/Straight/Common_Button_Start_Straight.dds visible=1 pos=-112.007,7 size=3.55x7.1
[   ScriptRuntime] [  LOG] [20:35:52.783] [_W7Probe]  W7:     FAILED id='expendable-asset_quad-right' url=file://Media/Manialinks/Nadeo/CMGame/Utils/ButtonStyles/Rounded/Common_Button_End_Rounded.dds visible=1 pos=110.172,15.1 size=3.55x7.1
[   ScriptRuntime] [  LOG] [20:35:52.783] [_W7Probe]  W7:     FAILED id='expendable-asset_quad-left' url=file://Media/Manialinks/Nadeo/CMGame/Utils/ButtonStyles/Straight/Common_Button_Start_Straight.dds visible=1 pos=102.572,15.1 size=3.55x7.1
[   ScriptRuntime] [  LOG] [20:35:52.783] [_W7Probe]  W7:     FAILED id='expendable-asset_quad-right' url=file://Media/Manialinks/Nadeo/CMGame/Utils/ButtonStyles/Straight/Common_Button_End_Straight.dds visible=1 pos=95.4718,15.1 size=3.55x7.1
[   ScriptRuntime] [  LOG] [20:35:52.783] [_W7Probe]  W7:     FAILED id='expendable-asset_quad-left' url=file://Media/Manialinks/Nadeo/CMGame/Utils/ButtonStyles/Straight/Common_Button_Start_Straight.dds visible=1 pos=60.9218,15.1 size=3.55x7.1
[   ScriptRuntime] [  LOG] [20:35:52.783] [_W7Probe]  W7:     FAILED id='expendable-asset_quad-right' url=file://Media/Manialinks/Nadeo/CMGame/Utils/ButtonStyles/Straight/Common_Button_End_Straight.dds visible=1 pos=53.8218,15.1 size=3.55x7.1
[   ScriptRuntime] [  LOG] [20:35:52.783] [_W7Probe]  W7:     FAILED id='expendable-asset_quad-left' url=file://Media/Manialinks/Nadeo/CMGame/Utils/ButtonStyles/Straight/Common_Button_Start_Straight.dds visible=1 pos=-110.578,15.1 size=3.55x7.1
[   ScriptRuntime] [  LOG] [20:35:52.783] [_W7Probe]  W7:     FAILED id='expendable-asset_quad-right' url=file://Media/Manialinks/Nadeo/CMGame/Utils/ButtonStyles/Rounded/Common_Button_End_Rounded.dds visible=1 pos=111.6,23.2 size=3.55x7.1
[   ScriptRuntime] [  LOG] [20:35:52.783] [_W7Probe]  W7:     FAILED id='expendable-asset_quad-left' url=file://Media/Manialinks/Nadeo/CMGame/Utils/ButtonStyles/Straight/Common_Button_Start_Straight.dds visible=1 pos=104,23.2 size=3.55x7.1
[   ScriptRuntime] [  LOG] [20:35:52.783] [_W7Probe]  W7:     FAILED id='expendable-asset_quad-right' url=file://Media/Manialinks/Nadeo/CMGame/Utils/ButtonStyles/Straight/Common_Button_End_Straight.dds visible=1 pos=96.9,23.2 size=3.55x7.1
[   ScriptRuntime] [  LOG] [20:35:52.783] [_W7Probe]  W7:     FAILED id='expendable-asset_quad-left' url=file://Media/Manialinks/Nadeo/CMGame/Utils/ButtonStyles/Straight/Common_Button_Start_Straight.dds visible=1 pos=62.35,23.2 size=3.55x7.1
[   ScriptRuntime] [  LOG] [20:35:52.783] [_W7Probe]  W7:     FAILED id='expendable-asset_quad-right' url=file://Media/Manialinks/Nadeo/CMGame/Utils/ButtonStyles/Straight/Common_Button_End_Straight.dds visible=1 pos=55.25,23.2 size=3.55x7.1
[   ScriptRuntime] [  LOG] [20:35:52.783] [_W7Probe]  W7:     FAILED id='expendable-asset_quad-left' url=file://Media/Manialinks/Nadeo/CMGame/Utils/ButtonStyles/Straight/Common_Button_Start_Straight.dds visible=1 pos=-109.15,23.2 size=3.55x7.1
[   ScriptRuntime] [  LOG] [20:35:52.783] [_W7Probe]  W7:     FAILED id='expendable-asset_quad-right' url=file://Media/Manialinks/Nadeo/CMGame/Utils/ButtonStyles/Rounded/Common_Button_End_Rounded.dds visible=1 pos=116.918,-57.8 size=3.55x7.1
[   ScriptRuntime] [  LOG] [20:35:52.783] [_W7Probe]  W7:     FAILED id='expendable-asset_quad-left' url=file://Media/Manialinks/Nadeo/CMGame/Utils/ButtonStyles/Straight/Common_Button_Start_Straight.dds visible=1 pos=109.318,-57.8 size=3.55x7.1
[   ScriptRuntime] [  LOG] [20:35:52.783] [_W7Probe]  W7:     FAILED id='expendable-asset_quad-right' url=file://Media/Manialinks/Nadeo/CMGame/Utils/ButtonStyles/Straight/Common_Button_End_Straight.dds visible=1 pos=102.218,-57.8 size=3.55x7.1
[   ScriptRuntime] [  LOG] [20:35:52.783] [_W7Probe]  W7:     FAILED id='expendable-asset_quad-left' url=file://Media/Manialinks/Nadeo/CMGame/Utils/ButtonStyles/Straight/Common_Button_Start_Straight.dds visible=1 pos=67.6675,-57.8 size=3.55x7.1
[   ScriptRuntime] [  LOG] [20:35:52.783] [_W7Probe]  W7:     FAILED id='expendable-asset_quad-right' url=file://Media/Manialinks/Nadeo/CMGame/Utils/ButtonStyles/Straight/Common_Button_End_Straight.dds visible=1 pos=60.5675,-57.8 size=3.55x7.1
[   ScriptRuntime] [  LOG] [20:35:52.783] [_W7Probe]  W7:     FAILED id='expendable-asset_quad-left' url=file://Media/Manialinks/Nadeo/CMGame/Utils/ButtonStyles/Straight/Common_Button_Start_Straight.dds visible=1 pos=-103.832,-57.8 size=3.55x7.1
[   ScriptRuntime] [  LOG] [20:35:52.783] [_W7Probe]  W7:     FAILED id='expendable-asset_quad-right' url=file://Media/Manialinks/Nadeo/CMGame/Utils/ButtonStyles/Rounded/Common_Button_End_Rounded.dds visible=1 pos=118.346,-49.7 size=3.55x7.1
[   ScriptRuntime] [  LOG] [20:35:52.783] [_W7Probe]  W7:     FAILED id='expendable-asset_quad-left' url=file://Media/Manialinks/Nadeo/CMGame/Utils/ButtonStyles/Straight/Common_Button_Start_Straight.dds visible=1 pos=110.746,-49.7 size=3.55x7.1
[   ScriptRuntime] [  LOG] [20:35:52.783] [_W7Probe]  W7:     FAILED id='expendable-asset_quad-right' url=file://Media/Manialinks/Nadeo/CMGame/Utils/ButtonStyles/Straight/Common_Button_End_Straight.dds visible=1 pos=103.646,-49.7 size=3.55x7.1
[   ScriptRuntime] [  LOG] [20:35:52.783] [_W7Probe]  W7:     FAILED id='expendable-asset_quad-left' url=file://Media/Manialinks/Nadeo/CMGame/Utils/ButtonStyles/Straight/Common_Button_Start_Straight.dds visible=1 pos=69.0958,-49.7 size=3.55x7.1
[   ScriptRuntime] [  LOG] [20:35:52.783] [_W7Probe]  W7:     FAILED id='expendable-asset_quad-right' url=file://Media/Manialinks/Nadeo/CMGame/Utils/ButtonStyles/Straight/Common_Button_End_Straight.dds visible=1 pos=61.9958,-49.7 size=3.55x7.1
[   ScriptRuntime] [  LOG] [20:35:52.783] [_W7Probe]  W7:     FAILED id='expendable-asset_quad-left' url=file://Media/Manialinks/Nadeo/CMGame/Utils/ButtonStyles/Straight/Common_Button_Start_Straight.dds visible=1 pos=-102.404,-49.7 size=3.55x7.1
[   ScriptRuntime] [  LOG] [20:35:52.783] [_W7Probe]  W7:     FAILED id='expendable-asset_quad-right' url=file://Media/Manialinks/Nadeo/CMGame/Utils/ButtonStyles/Rounded/Common_Button_End_Rounded.dds visible=1 pos=119.774,-41.6 size=3.55x7.1
[   ScriptRuntime] [  LOG] [20:35:52.783] [_W7Probe]  W7:     FAILED id='expendable-asset_quad-left' url=file://Media/Manialinks/Nadeo/CMGame/Utils/ButtonStyles/Straight/Common_Button_Start_Straight.dds visible=1 pos=112.174,-41.6 size=3.55x7.1
[   ScriptRuntime] [  LOG] [20:35:52.783] [_W7Probe]  W7:     FAILED id='expendable-asset_quad-right' url=file://Media/Manialinks/Nadeo/CMGame/Utils/ButtonStyles/Straight/Common_Button_End_Straight.dds visible=1 pos=105.074,-41.6 size=3.55x7.1
[   ScriptRuntime] [  LOG] [20:35:52.783] [_W7Probe]  W7:     FAILED id='expendable-asset_quad-left' url=file://Media/Manialinks/Nadeo/CMGame/Utils/ButtonStyles/Straight/Common_Button_Start_Straight.dds visible=1 pos=70.524,-41.6 size=3.55x7.1
[   ScriptRuntime] [  LOG] [20:35:52.783] [_W7Probe]  W7:     FAILED id='expendable-asset_quad-right' url=file://Media/Manialinks/Nadeo/CMGame/Utils/ButtonStyles/Straight/Common_Button_End_Straight.dds visible=1 pos=63.424,-41.6 size=3.55x7.1
[   ScriptRuntime] [  LOG] [20:35:52.783] [_W7Probe]  W7:     FAILED id='expendable-asset_quad-left' url=file://Media/Manialinks/Nadeo/CMGame/Utils/ButtonStyles/Straight/Common_Button_Start_Straight.dds visible=1 pos=-100.976,-41.6 size=3.55x7.1
[   ScriptRuntime] [  LOG] [20:35:52.783] [_W7Probe]  W7:     FAILED id='expendable-asset_quad-right' url=file://Media/Manialinks/Nadeo/CMGame/Utils/ButtonStyles/Rounded/Common_Button_End_Rounded.dds visible=1 pos=121.202,-33.5 size=3.55x7.1
[   ScriptRuntime] [  LOG] [20:35:52.783] [_W7Probe]  W7:     FAILED id='expendable-asset_quad-left' url=file://Media/Manialinks/Nadeo/CMGame/Utils/ButtonStyles/Straight/Common_Button_Start_Straight.dds visible=1 pos=113.602,-33.5 size=3.55x7.1
[   ScriptRuntime] [  LOG] [20:35:52.783] [_W7Probe]  W7:     FAILED id='expendable-asset_quad-right' url=file://Media/Manialinks/Nadeo/CMGame/Utils/ButtonStyles/Straight/Common_Button_End_Straight.dds visible=1 pos=106.502,-33.5 size=3.55x7.1
[   ScriptRuntime] [  LOG] [20:35:52.783] [_W7Probe]  W7:     FAILED id='expendable-asset_quad-left' url=file://Media/Manialinks/Nadeo/CMGame/Utils/ButtonStyles/Straight/Common_Button_Start_Straight.dds visible=1 pos=71.9523,-33.5 size=3.55x7.1
[   ScriptRuntime] [  LOG] [20:35:52.783] [_W7Probe]  W7:     FAILED id='expendable-asset_quad-right' url=file://Media/Manialinks/Nadeo/CMGame/Utils/ButtonStyles/Straight/Common_Button_End_Straight.dds visible=1 pos=64.8523,-33.5 size=3.55x7.1
[   ScriptRuntime] [  LOG] [20:35:52.783] [_W7Probe]  W7:     FAILED id='expendable-asset_quad-left' url=file://Media/Manialinks/Nadeo/CMGame/Utils/ButtonStyles/Straight/Common_Button_Start_Straight.dds visible=1 pos=-99.5477,-33.5 size=3.55x7.1
[   ScriptRuntime] [  LOG] [20:35:52.783] [_W7Probe]  W7:     FAILED id='expendable-asset_quad-right' url=file://Media/Manialinks/Nadeo/CMGame/Utils/ButtonStyles/Rounded/Common_Button_End_Rounded.dds visible=1 pos=122.631,-25.4 size=3.55x7.1
[   ScriptRuntime] [  LOG] [20:35:52.783] [_W7Probe]  W7:     FAILED id='expendable-asset_quad-left' url=file://Media/Manialinks/Nadeo/CMGame/Utils/ButtonStyles/Straight/Common_Button_Start_Straight.dds visible=1 pos=115.031,-25.4 size=3.55x7.1
[   ScriptRuntime] [  LOG] [20:35:52.783] [_W7Probe]  W7:     FAILED id='expendable-asset_quad-right' url=file://Media/Manialinks/Nadeo/CMGame/Utils/ButtonStyles/Straight/Common_Button_End_Straight.dds visible=1 pos=107.931,-25.4 size=3.55x7.1
[   ScriptRuntime] [  LOG] [20:35:52.783] [_W7Probe]  W7:     FAILED id='expendable-asset_quad-left' url=file://Media/Manialinks/Nadeo/CMGame/Utils/ButtonStyles/Straight/Common_Button_Start_Straight.dds visible=1 pos=73.3805,-25.4 size=3.55x7.1
[   ScriptRuntime] [  LOG] [20:35:52.783] [_W7Probe]  W7:     FAILED id='expendable-asset_quad-right' url=file://Media/Manialinks/Nadeo/CMGame/Utils/ButtonStyles/Straight/Common_Button_End_Straight.dds visible=1 pos=66.2805,-25.4 size=3.55x7.1
[   ScriptRuntime] [  LOG] [20:35:52.783] [_W7Probe]  W7:     FAILED id='expendable-asset_quad-left' url=file://Media/Manialinks/Nadeo/CMGame/Utils/ButtonStyles/Straight/Common_Button_Start_Straight.dds visible=1 pos=-98.1195,-25.4 size=3.55x7.1
[   ScriptRuntime] [  LOG] [20:35:52.783] [_W7Probe]  W7:     FAILED id='expendable-asset_quad-right' url=file://Media/Manialinks/Nadeo/CMGame/Utils/ButtonStyles/Rounded/Common_Button_End_Rounded.dds visible=1 pos=124.059,-17.3 size=3.55x7.1
[   ScriptRuntime] [  LOG] [20:35:52.783] [_W7Probe]  W7:     FAILED id='expendable-asset_quad-left' url=file://Media/Manialinks/Nadeo/CMGame/Utils/ButtonStyles/Straight/Common_Button_Start_Straight.dds visible=1 pos=116.459,-17.3 size=3.55x7.1
[   ScriptRuntime] [  LOG] [20:35:52.783] [_W7Probe]  W7:     FAILED id='expendable-asset_quad-right' url=file://Media/Manialinks/Nadeo/CMGame/Utils/ButtonStyles/Straight/Common_Button_End_Straight.dds visible=1 pos=109.359,-17.3 size=3.55x7.1
[   ScriptRuntime] [  LOG] [20:35:52.783] [_W7Probe]  W7:     FAILED id='expendable-asset_quad-left' url=file://Media/Manialinks/Nadeo/CMGame/Utils/ButtonStyles/Straight/Common_Button_Start_Straight.dds visible=1 pos=74.8088,-17.3 size=3.55x7.1
[   ScriptRuntime] [  LOG] [20:35:52.783] [_W7Probe]  W7:     FAILED id='expendable-asset_quad-right' url=file://Media/Manialinks/Nadeo/CMGame/Utils/ButtonStyles/Straight/Common_Button_End_Straight.dds visible=1 pos=67.7088,-17.3 size=3.55x7.1
[   ScriptRuntime] [  LOG] [20:35:52.783] [_W7Probe]  W7:     FAILED id='expendable-asset_quad-left' url=file://Media/Manialinks/Nadeo/CMGame/Utils/ButtonStyles/Straight/Common_Button_Start_Straight.dds visible=1 pos=-96.6912,-17.3 size=3.55x7.1
[   ScriptRuntime] [  LOG] [20:35:52.783] [_W7Probe]  W7:     FAILED id='expendable-asset_quad-right' url=file://Media/Manialinks/Nadeo/CMGame/Utils/ButtonStyles/Rounded/Common_Button_End_Rounded.dds visible=1 pos=125.487,-9.2 size=3.55x7.1
[   ScriptRuntime] [  LOG] [20:35:52.783] [_W7Probe]  W7:     FAILED id='expendable-asset_quad-left' url=file://Media/Manialinks/Nadeo/CMGame/Utils/ButtonStyles/Straight/Common_Button_Start_Straight.dds visible=1 pos=117.887,-9.2 size=3.55x7.1
[   ScriptRuntime] [  LOG] [20:35:52.784] [_W7Probe]  W7:     FAILED id='expendable-asset_quad-right' url=file://Media/Manialinks/Nadeo/CMGame/Utils/ButtonStyles/Straight/Common_Button_End_Straight.dds visible=1 pos=110.787,-9.2 size=3.55x7.1
[   ScriptRuntime] [  LOG] [20:35:52.784] [_W7Probe]  W7:     FAILED id='expendable-asset_quad-left' url=file://Media/Manialinks/Nadeo/CMGame/Utils/ButtonStyles/Straight/Common_Button_Start_Straight.dds visible=1 pos=76.237,-9.2 size=3.55x7.1
[   ScriptRuntime] [  LOG] [20:35:52.784] [_W7Probe]  W7:     FAILED id='expendable-asset_quad-right' url=file://Media/Manialinks/Nadeo/CMGame/Utils/ButtonStyles/Straight/Common_Button_End_Straight.dds visible=1 pos=69.137,-9.2 size=3.55x7.1
[   ScriptRuntime] [  LOG] [20:35:52.784] [_W7Probe]  W7:     FAILED id='expendable-asset_quad-left' url=file://Media/Manialinks/Nadeo/CMGame/Utils/ButtonStyles/Straight/Common_Button_Start_Straight.dds visible=1 pos=-95.263,-9.2 size=3.55x7.1
[   ScriptRuntime] [  LOG] [20:35:52.784] [_W7Probe]  W7:     FAILED id='expendable-asset_quad-right' url=file://Media/Manialinks/Nadeo/CMGame/Utils/ButtonStyles/Rounded/Common_Button_End_Rounded.dds visible=1 pos=126.915,-1.1 size=3.55x7.1
[   ScriptRuntime] [  LOG] [20:35:52.784] [_W7Probe]  W7:     FAILED id='expendable-asset_quad-left' url=file://Media/Manialinks/Nadeo/CMGame/Utils/ButtonStyles/Straight/Common_Button_Start_Straight.dds visible=1 pos=119.315,-1.1 size=3.55x7.1
[   ScriptRuntime] [  LOG] [20:35:52.784] [_W7Probe]  W7:     FAILED id='expendable-asset_quad-right' url=file://Media/Manialinks/Nadeo/CMGame/Utils/ButtonStyles/Straight/Common_Button_End_Straight.dds visible=1 pos=112.215,-1.1 size=3.55x7.1
[   ScriptRuntime] [  LOG] [20:35:52.784] [_W7Probe]  W7:     FAILED id='expendable-asset_quad-left' url=file://Media/Manialinks/Nadeo/CMGame/Utils/ButtonStyles/Straight/Common_Button_Start_Straight.dds visible=1 pos=77.6653,-1.1 size=3.55x7.1
[   ScriptRuntime] [  LOG] [20:35:52.784] [_W7Probe]  W7:     FAILED id='expendable-asset_quad-right' url=file://Media/Manialinks/Nadeo/CMGame/Utils/ButtonStyles/Straight/Common_Button_End_Straight.dds visible=1 pos=70.5652,-1.1 size=3.55x7.1
[   ScriptRuntime] [  LOG] [20:35:52.784] [_W7Probe]  W7:     FAILED id='expendable-asset_quad-left' url=file://Media/Manialinks/Nadeo/CMGame/Utils/ButtonStyles/Straight/Common_Button_Start_Straight.dds visible=1 pos=-93.8347,-1.1 size=3.55x7.1
[   ScriptRuntime] [  LOG] [20:35:52.784] [_W7Probe]  W7:     FAILED id='expendable-asset_quad-right' url=file://Media/Manialinks/Nadeo/CMGame/Utils/ButtonStyles/Rounded/Common_Button_End_Rounded.dds visible=1 pos=128.343,7 size=3.55x7.1
[   ScriptRuntime] [  LOG] [20:35:52.784] [_W7Probe]  W7:     FAILED id='expendable-asset_quad-left' url=file://Media/Manialinks/Nadeo/CMGame/Utils/ButtonStyles/Straight/Common_Button_Start_Straight.dds visible=1 pos=120.743,7 size=3.55x7.1
[   ScriptRuntime] [  LOG] [20:35:52.784] [_W7Probe]  W7:     FAILED id='expendable-asset_quad-right' url=file://Media/Manialinks/Nadeo/CMGame/Utils/ButtonStyles/Straight/Common_Button_End_Straight.dds visible=1 pos=113.644,7 size=3.55x7.1
[   ScriptRuntime] [  LOG] [20:35:52.784] [_W7Probe]  W7:     FAILED id='expendable-asset_quad-left' url=file://Media/Manialinks/Nadeo/CMGame/Utils/ButtonStyles/Straight/Common_Button_Start_Straight.dds visible=1 pos=79.0935,7 size=3.55x7.1
[   ScriptRuntime] [  LOG] [20:35:52.784] [_W7Probe]  W7:     FAILED id='expendable-asset_quad-right' url=file://Media/Manialinks/Nadeo/CMGame/Utils/ButtonStyles/Straight/Common_Button_End_Straight.dds visible=1 pos=71.9935,7 size=3.55x7.1
[   ScriptRuntime] [  LOG] [20:35:52.784] [_W7Probe]  W7:     FAILED id='expendable-asset_quad-left' url=file://Media/Manialinks/Nadeo/CMGame/Utils/ButtonStyles/Straight/Common_Button_Start_Straight.dds visible=1 pos=-92.4065,7 size=3.55x7.1
[   ScriptRuntime] [  LOG] [20:35:52.784] [_W7Probe]  W7:     FAILED id='expendable-asset_quad-right' url=file://Media/Manialinks/Nadeo/CMGame/Utils/ButtonStyles/Rounded/Common_Button_End_Rounded.dds visible=1 pos=129.772,15.1 size=3.55x7.1
[   ScriptRuntime] [  LOG] [20:35:52.784] [_W7Probe]  W7:     FAILED id='expendable-asset_quad-left' url=file://Media/Manialinks/Nadeo/CMGame/Utils/ButtonStyles/Straight/Common_Button_Start_Straight.dds visible=1 pos=122.172,15.1 size=3.55x7.1
[   ScriptRuntime] [  LOG] [20:35:52.784] [_W7Probe]  W7:     FAILED id='expendable-asset_quad-right' url=file://Media/Manialinks/Nadeo/CMGame/Utils/ButtonStyles/Straight/Common_Button_End_Straight.dds visible=1 pos=115.072,15.1 size=3.55x7.1
[   ScriptRuntime] [  LOG] [20:35:52.784] [_W7Probe]  W7:     FAILED id='expendable-asset_quad-left' url=file://Media/Manialinks/Nadeo/CMGame/Utils/ButtonStyles/Straight/Common_Button_Start_Straight.dds visible=1 pos=80.5218,15.1 size=3.55x7.1
[   ScriptRuntime] [  LOG] [20:35:52.784] [_W7Probe]  W7:     FAILED id='expendable-asset_quad-right' url=file://Media/Manialinks/Nadeo/CMGame/Utils/ButtonStyles/Straight/Common_Button_End_Straight.dds visible=1 pos=73.4218,15.1 size=3.55x7.1
[   ScriptRuntime] [  LOG] [20:35:52.784] [_W7Probe]  W7:     FAILED id='expendable-asset_quad-left' url=file://Media/Manialinks/Nadeo/CMGame/Utils/ButtonStyles/Straight/Common_Button_Start_Straight.dds visible=1 pos=-90.9782,15.1 size=3.55x7.1
[   ScriptRuntime] [  LOG] [20:35:52.784] [_W7Probe]  W7:     FAILED id='expendable-asset_quad-right' url=file://Media/Manialinks/Nadeo/CMGame/Utils/ButtonStyles/Rounded/Common_Button_End_Rounded.dds visible=1 pos=131.2,23.2 size=3.55x7.1
[   ScriptRuntime] [  LOG] [20:35:52.784] [_W7Probe]  W7:     FAILED id='expendable-asset_quad-left' url=file://Media/Manialinks/Nadeo/CMGame/Utils/ButtonStyles/Straight/Common_Button_Start_Straight.dds visible=1 pos=123.6,23.2 size=3.55x7.1
[   ScriptRuntime] [  LOG] [20:35:52.784] [_W7Probe]  W7:     FAILED id='expendable-asset_quad-right' url=file://Media/Manialinks/Nadeo/CMGame/Utils/ButtonStyles/Straight/Common_Button_End_Straight.dds visible=1 pos=116.5,23.2 size=3.55x7.1
[   ScriptRuntime] [  LOG] [20:35:52.784] [_W7Probe]  W7:     FAILED id='expendable-asset_quad-left' url=file://Media/Manialinks/Nadeo/CMGame/Utils/ButtonStyles/Straight/Common_Button_Start_Straight.dds visible=1 pos=81.95,23.2 size=3.55x7.1
[   ScriptRuntime] [  LOG] [20:35:52.784] [_W7Probe]  W7:     FAILED id='expendable-asset_quad-right' url=file://Media/Manialinks/Nadeo/CMGame/Utils/ButtonStyles/Straight/Common_Button_End_Straight.dds visible=1 pos=74.85,23.2 size=3.55x7.1
[   ScriptRuntime] [  LOG] [20:35:52.784] [_W7Probe]  W7:     FAILED id='expendable-asset_quad-left' url=file://Media/Manialinks/Nadeo/CMGame/Utils/ButtonStyles/Straight/Common_Button_Start_Straight.dds visible=1 pos=-89.55,23.2 size=3.55x7.1
[   ScriptRuntime] [  LOG] [20:35:52.784] [_W7Probe]  W7:     FAILED id='quad-mute-all' url=file://Media/Manialinks/Nadeo/CMGame/Utils/Icons/128x128/icons_128_settings_voice_mute.dds visible=1 pos=139,28.5 size=9x9
[   ScriptRuntime] [  LOG] [20:35:52.784] [_W7Probe]  W7:     FAILED id='quad-disconnected' url=file://Media/Manialinks/Nadeo/CMGame/Utils/Icons/128x128/ICON_PROFIL_DISCONNECT_01.dds visible=0 pos=-103.313,-70.195 size=7.35x7.1
[   ScriptRuntime] [  LOG] [20:35:52.784] [_W7Probe]  W7:     FAILED id='quad-echelon-shadow' url=file://Media/Manialinks/Nadeo/Trackmania/Modes/Race/Rungs/64_rung_shadow.dds visible=1 pos=-94.0525,-70.195 size=9.585x9.585
[   ScriptRuntime] [  LOG] [20:35:52.784] [_W7Probe]  W7:     FAILED id='quad-vip' url=file://Media/Manialinks/Nadeo/CMGame/Utils/Icons/128x128/icons_128_profile_vip_inc.dds visible=0 pos=-109.488,-70.195 size=7.35x7.1
[   ScriptRuntime] [  LOG] [20:35:52.784] [_W7Probe]  W7:     imageQuads=859 loaded=0 pending=0 failed=859
[   ScriptRuntime] [  LOG] [20:35:52.784] [_W7Probe]  W7: --- layer 13 attachId='Unassigned' type=0 visible=1 anim=0 scriptRunning=1 xmlLen=21272
[   ScriptRuntime] [  LOG] [20:35:52.784] [_W7Probe]  W7:     controls=9 mainFrame=ok
[   ScriptRuntime] [  LOG] [20:35:52.784] [_W7Probe]  W7:     FAILED id='expendable-asset_quad-right' url=file://Media/Manialinks/Nadeo/CMGame/Utils/ButtonStyles/Rounded/Common_Button_End_Rounded.dds visible=1 pos=-87,81 size=5x10
[   ScriptRuntime] [  LOG] [20:35:52.784] [_W7Probe]  W7:     imageQuads=1 loaded=0 pending=0 failed=1
[   ScriptRuntime] [  LOG] [20:35:52.784] [_W7Probe]  W7: --- layer 14 attachId='Unassigned' type=0 visible=1 anim=0 scriptRunning=1 xmlLen=8810
[   ScriptRuntime] [  LOG] [20:35:52.784] [_W7Probe]  W7:     controls=5 mainFrame=ok
[   ScriptRuntime] [  LOG] [20:35:52.784] [_W7Probe]  W7:     imageQuads=0 loaded=0 pending=0 failed=0
[   ScriptRuntime] [  LOG] [20:35:52.784] [_W7Probe]  W7: --- layer 15 attachId='Unassigned' type=0 visible=1 anim=0 scriptRunning=1 xmlLen=427101
[   ScriptRuntime] [  LOG] [20:35:52.784] [_W7Probe]  W7:     controls=1286 mainFrame=ok
[   ScriptRuntime] [  LOG] [20:35:52.784] [_W7Probe]  W7:     FAILED id='trackmania-checkbox_quad-icon' url=file://Media/Manialinks/Nadeo/CMGame/Utils/Icons/128x128/Icones_128_icon_checkbox_square_inactive_01_oblique.dds visible=1 pos=-217,0 size=6x6
[   ScriptRuntime] [  LOG] [20:35:52.784] [_W7Probe]  W7:     FAILED id='menu-libs-scroll_quad-scroll-indicator' url=file://Media/Manialinks/Nadeo/CMGame/Utils/Icons/128x128/ICON_ARROW_BOTTOM.dds visible=0 pos=-196,-49 size=12x12
[   ScriptRuntime] [  LOG] [20:35:52.784] [_W7Probe]  W7:     FAILED id='menu-libs-scroll_quad-top' url=file://Media/Manialinks/Nadeo/CMGame/Components/Scroll/ScrollBar_TopBottom.dds visible=1 pos=-169,8 size=2x1
[   ScriptRuntime] [  LOG] [20:35:52.784] [_W7Probe]  W7:     FAILED id='menu-libs-scroll_quad-center' url=file://Media/Manialinks/Nadeo/CMGame/Components/Scroll/ScrollBar_Center.dds visible=1 pos=-169,8 size=2x46
[   ScriptRuntime] [  LOG] [20:35:52.784] [_W7Probe]  W7:     FAILED id='menu-libs-scroll_quad-bottom' url=file://Media/Manialinks/Nadeo/CMGame/Components/Scroll/ScrollBar_TopBottom.dds visible=1 pos=-169,-38 size=2x1
[   ScriptRuntime] [  LOG] [20:35:52.784] [_W7Probe]  W7:     FAILED id='menu-libs-scroll_quad-top' url=file://Media/Manialinks/Nadeo/CMGame/Components/Scroll/ScrollBar_TopBottom.dds visible=1 pos=-169,8 size=2x1
[   ScriptRuntime] [  LOG] [20:35:52.784] [_W7Probe]  W7:     FAILED id='menu-libs-scroll_quad-center' url=file://Media/Manialinks/Nadeo/CMGame/Components/Scroll/ScrollBar_Center.dds visible=1 pos=-169,8 size=2x46
[   ScriptRuntime] [  LOG] [20:35:52.784] [_W7Probe]  W7:     FAILED id='menu-libs-scroll_quad-bottom' url=file://Media/Manialinks/Nadeo/CMGame/Components/Scroll/ScrollBar_TopBottom.dds visible=1 pos=-169,-38 size=2x1
[   ScriptRuntime] [  LOG] [20:35:52.784] [_W7Probe]  W7:     FAILED id='menu-libs-scroll_quad-scroll-indicator' url=file://Media/Manialinks/Nadeo/CMGame/Utils/Icons/128x128/ICON_ARROW_BOTTOM_OBLIQUE.dds visible=0 pos=54.7,-20.5 size=8x8
[   ScriptRuntime] [  LOG] [20:35:52.785] [_W7Probe]  W7:     FAILED id='menu-libs-scroll_quad-top' url=file://Media/Manialinks/Nadeo/CMGame/Components/Scroll/ScrollBar_TopBottom.dds visible=1 pos=147.7,39.5 size=2x1
[   ScriptRuntime] [  LOG] [20:35:52.785] [_W7Probe]  W7:     FAILED id='menu-libs-scroll_quad-center' url=file://Media/Manialinks/Nadeo/CMGame/Components/Scroll/ScrollBar_Center.dds visible=1 pos=147.7,39.5 size=2x51
[   ScriptRuntime] [  LOG] [20:35:52.785] [_W7Probe]  W7:     FAILED id='menu-libs-scroll_quad-bottom' url=file://Media/Manialinks/Nadeo/CMGame/Components/Scroll/ScrollBar_TopBottom.dds visible=1 pos=147.7,-11.5 size=2x1
[   ScriptRuntime] [  LOG] [20:35:52.785] [_W7Probe]  W7:     FAILED id='menu-libs-scroll_quad-top' url=file://Media/Manialinks/Nadeo/CMGame/Components/Scroll/ScrollBar_TopBottom.dds visible=1 pos=147.7,39.5 size=2x1
[   ScriptRuntime] [  LOG] [20:35:52.785] [_W7Probe]  W7:     FAILED id='menu-libs-scroll_quad-center' url=file://Media/Manialinks/Nadeo/CMGame/Components/Scroll/ScrollBar_Center.dds visible=1 pos=147.7,39.5 size=2x51
[   ScriptRuntime] [  LOG] [20:35:52.785] [_W7Probe]  W7:     FAILED id='menu-libs-scroll_quad-bottom' url=file://Media/Manialinks/Nadeo/CMGame/Components/Scroll/ScrollBar_TopBottom.dds visible=1 pos=147.7,-11.5 size=2x1
[   ScriptRuntime] [  LOG] [20:35:52.785] [_W7Probe]  W7:     FAILED id='button-icon-2_quad-key-icon' url=file://Media/Manialinks/Nadeo/CMGame/Components/PadButtons/PC/ControllerInfo_PC_Base.dds visible=1 pos=-219.7,-9.30029 size=5.4x5.4
[   ScriptRuntime] [  LOG] [20:35:52.785] [_W7Probe]  W7:     FAILED id='button-icon-2_quad-key-icon' url=file://Media/Manialinks/Nadeo/CMGame/Components/PadButtons/PC/ControllerInfo_PC_Base.dds visible=1 pos=-219.7,-9.30029 size=5.4x5.4
[   ScriptRuntime] [  LOG] [20:35:52.785] [_W7Probe]  W7:     FAILED id='button-icon-2_quad-key-icon' url=file://Media/Manialinks/Nadeo/CMGame/Components/PadButtons/PC/ControllerInfo_PC_Base.dds visible=1 pos=-219.7,-9.30029 size=5.4x5.4
[   ScriptRuntime] [  LOG] [20:35:52.785] [_W7Probe]  W7:     FAILED id='button-icon-2_quad-key-icon' url=file://Media/Manialinks/Nadeo/CMGame/Components/PadButtons/PC/ControllerInfo_PC_Enter.dds visible=1 pos=-219.7,-9.30029 size=5.4x5.4
[   ScriptRuntime] [  LOG] [20:35:52.785] [_W7Probe]  W7:     FAILED id='button-icon-2_quad-key-icon' url=file://Media/Manialinks/Nadeo/CMGame/Components/PadButtons/PC/ControllerInfo_PC_PageDown.dds visible=1 pos=-177.4,2.7 size=5.4x5.4
[   ScriptRuntime] [  LOG] [20:35:52.785] [_W7Probe]  W7:     FAILED id='button-icon-2_quad-key-icon' url=file://Media/Manialinks/Nadeo/CMGame/Components/PadButtons/PC/ControllerInfo_PC_PageUp.dds visible=1 pos=-149.7,28.7 size=5.4x5.4
[   ScriptRuntime] [  LOG] [20:35:52.785] [_W7Probe]  W7:     FAILED id='button-icon-2_quad-key-icon' url=file://Media/Manialinks/Nadeo/CMGame/Components/PadButtons/PC/ControllerInfo_PC_Base.dds visible=1 pos=-158.7,-69.4 size=7.2x7.2
[   ScriptRuntime] [  LOG] [20:35:52.785] [_W7Probe]  W7:     FAILED id='button-icon-2_quad-key-icon' url=file://Media/Manialinks/Nadeo/CMGame/Components/PadButtons/PC/ControllerInfo_PC_PageDown.dds visible=1 pos=-11.0542,53.3 size=7.2x7.2
[   ScriptRuntime] [  LOG] [20:35:52.785] [_W7Probe]  W7:     FAILED id='button-icon-2_quad-key-icon' url=file://Media/Manialinks/Nadeo/CMGame/Components/PadButtons/PC/ControllerInfo_PC_PageUp.dds visible=1 pos=-133.962,53.3 size=7.2x7.2
[   ScriptRuntime] [  LOG] [20:35:52.785] [_W7Probe]  W7:     FAILED id='button-icon-2_quad-key-icon' url=file://Media/Manialinks/Nadeo/CMGame/Components/PadButtons/PC/ControllerInfo_PC_F2.dds visible=1 pos=-57.72,76.15 size=6.3x6.3
[   ScriptRuntime] [  LOG] [20:35:52.785] [_W7Probe]  W7:     FAILED id='button-icon-2_quad-key-icon' url=file://Media/Manialinks/Nadeo/CMGame/Components/PadButtons/PC/ControllerInfo_PC_F1.dds visible=1 pos=-157.58,76.15 size=6.3x6.3
[   ScriptRuntime] [  LOG] [20:35:52.785] [_W7Probe]  W7:     FAILED id='button-icon-2_quad-key-icon' url=file://Media/Manialinks/Nadeo/CMGame/Components/PadButtons/PC/ControllerInfo_PC_Enter.dds visible=1 pos=115.186,-63.4 size=7.2x7.2
[   ScriptRuntime] [  LOG] [20:35:52.785] [_W7Probe]  W7:     FAILED id='button-icon-2_quad-key-icon' url=file://Media/Manialinks/Nadeo/CMGame/Components/PadButtons/PC/ControllerInfo_PC_Base.dds visible=1 pos=-144.514,-63.4 size=7.2x7.2
[   ScriptRuntime] [  LOG] [20:35:52.785] [_W7Probe]  W7:     FAILED id='button-icon-2_quad-key-icon' url=file://Media/Manialinks/Nadeo/CMGame/Components/PadButtons/PC/ControllerInfo_PC_Base.dds visible=1 pos=133.77,-80.4 size=7.2x7.2
[   ScriptRuntime] [  LOG] [20:35:52.785] [_W7Probe]  W7:     FAILED id='button-icon-2_quad-key-icon' url=file://Media/Manialinks/Nadeo/CMGame/Components/PadButtons/PC/ControllerInfo_PC_Base.dds visible=1 pos=133.77,-80.4 size=7.2x7.2
[   ScriptRuntime] [  LOG] [20:35:52.785] [_W7Probe]  W7:     FAILED id='button-icon-2_quad-key-icon' url=file://Media/Manialinks/Nadeo/CMGame/Components/PadButtons/PC/ControllerInfo_PC_Base.dds visible=1 pos=133.77,-80.4 size=7.2x7.2
[   ScriptRuntime] [  LOG] [20:35:52.785] [_W7Probe]  W7:     FAILED id='button-icon-2_quad-key-icon' url=file://Media/Manialinks/Nadeo/CMGame/Components/PadButtons/PC/ControllerInfo_PC_Base.dds visible=1 pos=133.77,-80.4 size=7.2x7.2
[   ScriptRuntime] [  LOG] [20:35:52.785] [_W7Probe]  W7:     FAILED id='button-icon-2_quad-key-icon' url=file://Media/Manialinks/Nadeo/CMGame/Components/PadButtons/PC/ControllerInfo_PC_Base.dds visible=1 pos=133.77,-80.4 size=7.2x7.2
[   ScriptRuntime] [  LOG] [20:35:52.785] [_W7Probe]  W7:     FAILED id='button-icon-2_quad-key-icon' url=file://Media/Manialinks/Nadeo/CMGame/Components/PadButtons/PC/ControllerInfo_PC_Base.dds visible=1 pos=133.77,-80.4 size=7.2x7.2
[   ScriptRuntime] [  LOG] [20:35:52.785] [_W7Probe]  W7:     FAILED id='button-icon-2_quad-key-icon' url=file://Media/Manialinks/Nadeo/CMGame/Components/PadButtons/PC/ControllerInfo_PC_Base.dds visible=1 pos=133.77,-80.4 size=7.2x7.2
[   ScriptRuntime] [  LOG] [20:35:52.785] [_W7Probe]  W7:     FAILED id='button-icon-2_quad-key-icon' url=file://Media/Manialinks/Nadeo/CMGame/Components/PadButtons/PC/ControllerInfo_PC_Base.dds visible=1 pos=133.77,-80.4 size=7.2x7.2
[   ScriptRuntime] [  LOG] [20:35:52.785] [_W7Probe]  W7:     FAILED id='button-icon-2_quad-key-icon' url=file://Media/Manialinks/Nadeo/CMGame/Components/PadButtons/PC/ControllerInfo_PC_Base.dds visible=1 pos=133.77,-80.4 size=7.2x7.2
[   ScriptRuntime] [  LOG] [20:35:52.785] [_W7Probe]  W7:     FAILED id='button-icon-2_quad-key-icon' url=file://Media/Manialinks/Nadeo/CMGame/Components/PadButtons/PC/ControllerInfo_PC_Base.dds visible=1 pos=133.77,-80.4 size=7.2x7.2
[   ScriptRuntime] [  LOG] [20:35:52.785] [_W7Probe]  W7:     FAILED id='button-icon-2_quad-key-icon' url=file://Media/Manialinks/Nadeo/CMGame/Components/PadButtons/PC/ControllerInfo_PC_Base.dds visible=1 pos=133.77,-80.4 size=7.2x7.2
[   ScriptRuntime] [  LOG] [20:35:52.785] [_W7Probe]  W7:     FAILED id='button-icon-2_quad-key-icon' url=file://Media/Manialinks/Nadeo/CMGame/Components/PadButtons/PC/ControllerInfo_PC_Base.dds visible=1 pos=133.77,-80.4 size=7.2x7.2
[   ScriptRuntime] [  LOG] [20:35:52.785] [_W7Probe]  W7:     FAILED id='button-icon-2_quad-key-icon' url=file://Media/Manialinks/Nadeo/CMGame/Components/PadButtons/PC/ControllerInfo_PC_Base.dds visible=1 pos=133.77,-80.4 size=7.2x7.2
[   ScriptRuntime] [  LOG] [20:35:52.785] [_W7Probe]  W7:     FAILED id='button-icon-2_quad-key-icon' url=file://Media/Manialinks/Nadeo/CMGame/Components/PadButtons/PC/ControllerInfo_PC_Base.dds visible=1 pos=133.77,-80.4 size=7.2x7.2
[   ScriptRuntime] [  LOG] [20:35:52.785] [_W7Probe]  W7:     FAILED id='button-icon-2_quad-key-icon' url=file://Media/Manialinks/Nadeo/CMGame/Components/PadButtons/PC/ControllerInfo_PC_Base.dds visible=1 pos=133.77,-80.4 size=7.2x7.2
[   ScriptRuntime] [  LOG] [20:35:52.785] [_W7Probe]  W7:     FAILED id='button-icon-2_quad-key-icon' url=file://Media/Manialinks/Nadeo/CMGame/Components/PadButtons/PC/ControllerInfo_PC_Base.dds visible=1 pos=133.77,-80.4 size=7.2x7.2
[   ScriptRuntime] [  LOG] [20:35:52.785] [_W7Probe]  W7:     FAILED id='button-icon-2_quad-key-icon' url=file://Media/Manialinks/Nadeo/CMGame/Components/PadButtons/PC/ControllerInfo_PC_Base.dds visible=1 pos=133.77,-80.4 size=7.2x7.2
[   ScriptRuntime] [  LOG] [20:35:52.785] [_W7Probe]  W7:     FAILED id='button-icon-2_quad-key-icon' url=file://Media/Manialinks/Nadeo/CMGame/Components/PadButtons/PC/ControllerInfo_PC_Base.dds visible=1 pos=133.77,-80.4 size=7.2x7.2
[   ScriptRuntime] [  LOG] [20:35:52.785] [_W7Probe]  W7:     FAILED id='button-icon-2_quad-key-icon' url=file://Media/Manialinks/Nadeo/CMGame/Components/PadButtons/PC/ControllerInfo_PC_Base.dds visible=1 pos=162.145,-80.4 size=7.2x7.2
[   ScriptRuntime] [  LOG] [20:35:52.785] [_W7Probe]  W7:     FAILED id='button-icon-2_quad-key-icon' url=file://Media/Manialinks/Nadeo/CMGame/Components/PadButtons/PC/ControllerInfo_PC_Enter.dds visible=1 pos=133.77,-80.4 size=7.2x7.2
[   ScriptRuntime] [  LOG] [20:35:52.785] [_W7Probe]  W7:     FAILED id='Trackmania_Button_quad-image' url=file://Media/Manialinks/Nadeo/CMGame/Utils/Icons/128x128/ICON_ARROW_RIGHT_OBLIQUE.dds visible=1 pos=-19.8729,-29 size=7x7
[   ScriptRuntime] [  LOG] [20:35:52.785] [_W7Probe]  W7:     FAILED id='Trackmania_Button_quad-focus-background' url=file://Media/Manialinks/Nadeo/CMGame/Utils/Icons/128x128/ICON_ARROW_RIGHT_OBLIQUE.dds visible=0 pos=-19.8729,-29 size=7x7
[   ScriptRuntime] [  LOG] [20:35:52.785] [_W7Probe]  W7:     FAILED id='menu-libs-loading-spinner_quad-loading' url=file://Media/Manialinks/Nadeo/CMGame/Components/LoadingSpinner/LoadingSpinner.dds visible=0 pos=-16.3729,-32.5 size=15x15
[   ScriptRuntime] [  LOG] [20:35:52.785] [_W7Probe]  W7:     FAILED id='Trackmania_Button_quad-image' url=file://Media/Manialinks/Nadeo/CMGame/Utils/Icons/128x128/ICON_ARROW_LEFT_OBLIQUE.dds visible=1 pos=-54.3729,-29 size=7x7
[   ScriptRuntime] [  LOG] [20:35:52.786] [_W7Probe]  W7:     FAILED id='Trackmania_Button_quad-focus-background' url=file://Media/Manialinks/Nadeo/CMGame/Utils/Icons/128x128/ICON_ARROW_LEFT_OBLIQUE.dds visible=0 pos=-54.3729,-29 size=7x7
[   ScriptRuntime] [  LOG] [20:35:52.786] [_W7Probe]  W7:     FAILED id='menu-libs-loading-spinner_quad-loading' url=file://Media/Manialinks/Nadeo/CMGame/Components/LoadingSpinner/LoadingSpinner.dds visible=0 pos=-50.8729,-32.5 size=15x15
[   ScriptRuntime] [  LOG] [20:35:52.786] [_W7Probe]  W7:     FAILED id='Trackmania_Button_quad-image' url=file://Media/Manialinks/Nadeo/CMGame/Utils/Icons/128x128/ICON_ARROW_RIGHT_OBLIQUE.dds visible=1 pos=-11.1271,20.6 size=7x7
[   ScriptRuntime] [  LOG] [20:35:52.786] [_W7Probe]  W7:     FAILED id='Trackmania_Button_quad-focus-background' url=file://Media/Manialinks/Nadeo/CMGame/Utils/Icons/128x128/ICON_ARROW_RIGHT_OBLIQUE.dds visible=0 pos=-11.1271,20.6 size=7x7
[   ScriptRuntime] [  LOG] [20:35:52.786] [_W7Probe]  W7:     FAILED id='menu-libs-loading-spinner_quad-loading' url=file://Media/Manialinks/Nadeo/CMGame/Components/LoadingSpinner/LoadingSpinner.dds visible=0 pos=-7.62709,17.1 size=15x15
[   ScriptRuntime] [  LOG] [20:35:52.786] [_W7Probe]  W7:     FAILED id='Trackmania_Button_quad-image' url=file://Media/Manialinks/Nadeo/CMGame/Utils/Icons/128x128/ICON_ARROW_LEFT_OBLIQUE.dds visible=1 pos=-45.6271,20.6 size=7x7
[   ScriptRuntime] [  LOG] [20:35:52.786] [_W7Probe]  W7:     FAILED id='Trackmania_Button_quad-focus-background' url=file://Media/Manialinks/Nadeo/CMGame/Utils/Icons/128x128/ICON_ARROW_LEFT_OBLIQUE.dds visible=0 pos=-45.6271,20.6 size=7x7
[   ScriptRuntime] [  LOG] [20:35:52.786] [_W7Probe]  W7:     FAILED id='menu-libs-loading-spinner_quad-loading' url=file://Media/Manialinks/Nadeo/CMGame/Components/LoadingSpinner/LoadingSpinner.dds visible=0 pos=-42.1271,17.1 size=15x15
[   ScriptRuntime] [  LOG] [20:35:52.786] [_W7Probe]  W7:     FAILED id='Trackmania_Button_quad-image' url=file://Media/Manialinks/Nadeo/CMGame/Utils/Icons/128x128/ICON_ARROW_RIGHT_OBLIQUE.dds visible=1 pos=-85.3,18 size=8x8
[   ScriptRuntime] [  LOG] [20:35:52.786] [_W7Probe]  W7:     FAILED id='Trackmania_Button_quad-focus-background' url=file://Media/Manialinks/Nadeo/CMGame/Utils/Icons/128x128/ICON_ARROW_RIGHT_OBLIQUE.dds visible=0 pos=-85.3,18 size=8x8
[   ScriptRuntime] [  LOG] [20:35:52.786] [_W7Probe]  W7:     FAILED id='menu-libs-loading-spinner_quad-loading' url=file://Media/Manialinks/Nadeo/CMGame/Components/LoadingSpinner/LoadingSpinner.dds visible=0 pos=-81.3,14 size=15x15
[   ScriptRuntime] [  LOG] [20:35:52.786] [_W7Probe]  W7:     FAILED id='Trackmania_Button_quad-image' url=file://Media/Manialinks/Nadeo/CMGame/Utils/Icons/128x128/ICON_ARROW_LEFT_OBLIQUE.dds visible=1 pos=-117.8,18 size=8x8
[   ScriptRuntime] [  LOG] [20:35:52.786] [_W7Probe]  W7:     FAILED id='Trackmania_Button_quad-focus-background' url=file://Media/Manialinks/Nadeo/CMGame/Utils/Icons/128x128/ICON_ARROW_LEFT_OBLIQUE.dds visible=0 pos=-117.8,18 size=8x8
[   ScriptRuntime] [  LOG] [20:35:52.786] [_W7Probe]  W7:     FAILED id='menu-libs-loading-spinner_quad-loading' url=file://Media/Manialinks/Nadeo/CMGame/Components/LoadingSpinner/LoadingSpinner.dds visible=0 pos=-113.8,14 size=15x15
[   ScriptRuntime] [  LOG] [20:35:52.786] [_W7Probe]  W7:     FAILED id='Trackmania_Button_quad-image' url=file://Media/Manialinks/Nadeo/CMGame/Utils/Icons/128x128/ICON_ARROW_RIGHT_OBLIQUE.dds visible=1 pos=-58.72,76.5 size=7x7
[   ScriptRuntime] [  LOG] [20:35:52.786] [_W7Probe]  W7:     FAILED id='Trackmania_Button_quad-focus-background' url=file://Media/Manialinks/Nadeo/CMGame/Utils/Icons/128x128/ICON_ARROW_RIGHT_OBLIQUE.dds visible=0 pos=-58.72,76.5 size=7x7
[   ScriptRuntime] [  LOG] [20:35:52.786] [_W7Probe]  W7:     FAILED id='menu-libs-loading-spinner_quad-loading' url=file://Media/Manialinks/Nadeo/CMGame/Components/LoadingSpinner/LoadingSpinner.dds visible=0 pos=-55.22,73 size=15x15
[   ScriptRuntime] [  LOG] [20:35:52.786] [_W7Probe]  W7:     FAILED id='Trackmania_Button_quad-image' url=file://Media/Manialinks/Nadeo/CMGame/Utils/Icons/128x128/ICON_ARROW_LEFT_OBLIQUE.dds visible=1 pos=-157.28,76.5 size=7x7
[   ScriptRuntime] [  LOG] [20:35:52.786] [_W7Probe]  W7:     FAILED id='Trackmania_Button_quad-focus-background' url=file://Media/Manialinks/Nadeo/CMGame/Utils/Icons/128x128/ICON_ARROW_LEFT_OBLIQUE.dds visible=0 pos=-157.28,76.5 size=7x7
[   ScriptRuntime] [  LOG] [20:35:52.786] [_W7Probe]  W7:     FAILED id='menu-libs-loading-spinner_quad-loading' url=file://Media/Manialinks/Nadeo/CMGame/Components/LoadingSpinner/LoadingSpinner.dds visible=0 pos=-153.78,73 size=15x15
[   ScriptRuntime] [  LOG] [20:35:52.786] [_W7Probe]  W7:     FAILED id='menu-libs-loading-spinner_quad-loading' url=file://Media/Manialinks/Nadeo/CMGame/Components/LoadingSpinner/LoadingSpinner.dds visible=0 pos=-214.5,-46 size=15x15
[   ScriptRuntime] [  LOG] [20:35:52.786] [_W7Probe]  W7:     FAILED id='menu-libs-loading-spinner_quad-loading' url=file://Media/Manialinks/Nadeo/CMGame/Components/LoadingSpinner/LoadingSpinner.dds visible=0 pos=-214.5,-40 size=15x15
[   ScriptRuntime] [  LOG] [20:35:52.786] [_W7Probe]  W7:     FAILED id='menu-libs-loading-spinner_quad-loading' url=file://Media/Manialinks/Nadeo/CMGame/Components/LoadingSpinner/LoadingSpinner.dds visible=0 pos=-214.5,-34 size=15x15
[   ScriptRuntime] [  LOG] [20:35:52.786] [_W7Probe]  W7:     FAILED id='menu-libs-loading-spinner_quad-loading' url=file://Media/Manialinks/Nadeo/CMGame/Components/LoadingSpinner/LoadingSpinner.dds visible=0 pos=-214.5,-28 size=15x15
[   ScriptRuntime] [  LOG] [20:35:52.786] [_W7Probe]  W7:     FAILED id='menu-libs-loading-spinner_quad-loading' url=file://Media/Manialinks/Nadeo/CMGame/Components/LoadingSpinner/LoadingSpinner.dds visible=0 pos=-214.5,-22 size=15x15
[   ScriptRuntime] [  LOG] [20:35:52.786] [_W7Probe]  W7:     FAILED id='menu-libs-loading-spinner_quad-loading' url=file://Media/Manialinks/Nadeo/CMGame/Components/LoadingSpinner/LoadingSpinner.dds visible=0 pos=-214.5,-16 size=15x15
[   ScriptRuntime] [  LOG] [20:35:52.786] [_W7Probe]  W7:     FAILED id='menu-libs-loading-spinner_quad-loading' url=file://Media/Manialinks/Nadeo/CMGame/Components/LoadingSpinner/LoadingSpinner.dds visible=0 pos=-214.5,-10 size=15x15
[   ScriptRuntime] [  LOG] [20:35:52.786] [_W7Probe]  W7:     FAILED id='menu-libs-loading-spinner_quad-loading' url=file://Media/Manialinks/Nadeo/CMGame/Components/LoadingSpinner/LoadingSpinner.dds visible=0 pos=-214.5,-4 size=15x15
[   ScriptRuntime] [  LOG] [20:35:52.786] [_W7Probe]  W7:     FAILED id='menu-libs-loading-spinner_quad-loading' url=file://Media/Manialinks/Nadeo/CMGame/Components/LoadingSpinner/LoadingSpinner.dds visible=0 pos=-214.5,2 size=15x15
[   ScriptRuntime] [  LOG] [20:35:52.786] [_W7Probe]  W7:     FAILED id='menu-libs-loading-spinner_quad-loading' url=file://Media/Manialinks/Nadeo/CMGame/Components/LoadingSpinner/LoadingSpinner.dds visible=0 pos=-214.5,8 size=15x15
[   ScriptRuntime] [  LOG] [20:35:52.786] [_W7Probe]  W7:     FAILED id='menu-libs-loading-spinner_quad-loading' url=file://Media/Manialinks/Nadeo/CMGame/Components/LoadingSpinner/LoadingSpinner.dds visible=0 pos=-214.5,-34 size=15x15
[   ScriptRuntime] [  LOG] [20:35:52.786] [_W7Probe]  W7:     FAILED id='menu-libs-loading-spinner_quad-loading' url=file://Media/Manialinks/Nadeo/CMGame/Components/LoadingSpinner/LoadingSpinner.dds visible=0 pos=-214.5,-28 size=15x15
[   ScriptRuntime] [  LOG] [20:35:52.786] [_W7Probe]  W7:     FAILED id='menu-libs-loading-spinner_quad-loading' url=file://Media/Manialinks/Nadeo/CMGame/Components/LoadingSpinner/LoadingSpinner.dds visible=0 pos=-214.5,-22 size=15x15
[   ScriptRuntime] [  LOG] [20:35:52.786] [_W7Probe]  W7:     FAILED id='menu-libs-loading-spinner_quad-loading' url=file://Media/Manialinks/Nadeo/CMGame/Components/LoadingSpinner/LoadingSpinner.dds visible=0 pos=-214.5,-16 size=15x15
[   ScriptRuntime] [  LOG] [20:35:52.786] [_W7Probe]  W7:     FAILED id='menu-libs-loading-spinner_quad-loading' url=file://Media/Manialinks/Nadeo/CMGame/Components/LoadingSpinner/LoadingSpinner.dds visible=0 pos=-214.5,-10 size=15x15
[   ScriptRuntime] [  LOG] [20:35:52.786] [_W7Probe]  W7:     FAILED id='menu-libs-loading-spinner_quad-loading' url=file://Media/Manialinks/Nadeo/CMGame/Components/LoadingSpinner/LoadingSpinner.dds visible=0 pos=-214.5,-4 size=15x15
[   ScriptRuntime] [  LOG] [20:35:52.786] [_W7Probe]  W7:     FAILED id='menu-libs-loading-spinner_quad-loading' url=file://Media/Manialinks/Nadeo/CMGame/Components/LoadingSpinner/LoadingSpinner.dds visible=0 pos=-214.5,2 size=15x15
[   ScriptRuntime] [  LOG] [20:35:52.786] [_W7Probe]  W7:     FAILED id='menu-libs-loading-spinner_quad-loading' url=file://Media/Manialinks/Nadeo/CMGame/Components/LoadingSpinner/LoadingSpinner.dds visible=0 pos=-214.5,8 size=15x15
[   ScriptRuntime] [  LOG] [20:35:52.786] [_W7Probe]  W7:     FAILED id='menu-libs-loading-spinner_quad-loading' url=file://Media/Manialinks/Nadeo/CMGame/Components/LoadingSpinner/LoadingSpinner.dds visible=0 pos=-125.5,79.75 size=15x15
[   ScriptRuntime] [  LOG] [20:35:52.786] [_W7Probe]  W7:     FAILED id='menu-libs-expendable-button_quad-focus-right' url=file://Media/Manialinks/Nadeo/CMGame/Utils/ButtonStyles/Rounded/Common_Button_Contour_End_Rounded.dds visible=1 pos=-111.046,-90 size=6x12
[   ScriptRuntime] [  LOG] [20:35:52.786] [_W7Probe]  W7:     FAILED id='menu-libs-expendable-button_quad-focus-center' url=file://Media/Manialinks/Nadeo/CMGame/Utils/ButtonStyles/Rounded/Common_Button_Contour_Middle.dds visible=1 pos=-154.217,-90 size=43.1716x12
[   ScriptRuntime] [  LOG] [20:35:52.787] [_W7Probe]  W7:     FAILED id='menu-libs-expendable-button_quad-focus-left' url=file://Media/Manialinks/Nadeo/CMGame/Utils/ButtonStyles/Rounded/Common_Button_Contour_Start_Rounded.dds visible=1 pos=-160.217,-90 size=6x12
[   ScriptRuntime] [  LOG] [20:35:52.787] [_W7Probe]  W7:     FAILED id='menu-libs-expendable-button_quad-bg-right' url=file://Media/Manialinks/Nadeo/CMGame/Utils/ButtonStyles/Rounded/Common_Button_End_Rounded.dds visible=1 pos=-111.046,-90 size=6x12
[   ScriptRuntime] [  LOG] [20:35:52.787] [_W7Probe]  W7:     FAILED id='menu-libs-expendable-button_quad-bg-left' url=file://Media/Manialinks/Nadeo/CMGame/Utils/ButtonStyles/Rounded/Common_Button_Start_Rounded.dds visible=1 pos=-160.217,-90 size=6x12
[   ScriptRuntime] [  LOG] [20:35:52.787] [_W7Probe]  W7:     FAILED id='menu-libs-expendable-button_quad-focus-right' url=file://Media/Manialinks/Nadeo/CMGame/Utils/ButtonStyles/Rounded/Common_Button_Contour_End_Rounded.dds visible=1 pos=118.5,-67 size=6x12
[   ScriptRuntime] [  LOG] [20:35:52.787] [_W7Probe]  W7:     FAILED id='menu-libs-expendable-button_quad-focus-center' url=file://Media/Manialinks/Nadeo/CMGame/Utils/ButtonStyles/Rounded/Common_Button_Contour_Middle.dds visible=1 pos=94.4965,-67 size=24.0035x12
[   ScriptRuntime] [  LOG] [20:35:52.787] [_W7Probe]  W7:     FAILED id='menu-libs-expendable-button_quad-focus-left' url=file://Media/Manialinks/Nadeo/CMGame/Utils/ButtonStyles/Rounded/Common_Button_Contour_Start_Rounded.dds visible=1 pos=88.4965,-67 size=6x12
[   ScriptRuntime] [  LOG] [20:35:52.787] [_W7Probe]  W7:     FAILED id='menu-libs-expendable-button_quad-bg-right' url=file://Media/Manialinks/Nadeo/CMGame/Utils/ButtonStyles/Rounded/Common_Button_End_Rounded.dds visible=1 pos=118.5,-67 size=6x12
[   ScriptRuntime] [  LOG] [20:35:52.787] [_W7Probe]  W7:     FAILED id='menu-libs-expendable-button_quad-bg-left' url=file://Media/Manialinks/Nadeo/CMGame/Utils/ButtonStyles/Rounded/Common_Button_Start_Rounded.dds visible=1 pos=88.4965,-67 size=6x12
[   ScriptRuntime] [  LOG] [20:35:52.787] [_W7Probe]  W7:     FAILED id='menu-libs-expendable-button_quad-focus-right' url=file://Media/Manialinks/Nadeo/CMGame/Utils/ButtonStyles/Rounded/Common_Button_Contour_End_Rounded.dds visible=1 pos=94,-67 size=6x12
[   ScriptRuntime] [  LOG] [20:35:52.787] [_W7Probe]  W7:     FAILED id='menu-libs-expendable-button_quad-focus-center' url=file://Media/Manialinks/Nadeo/CMGame/Utils/ButtonStyles/Rounded/Common_Button_Contour_Middle.dds visible=1 pos=26,-67 size=68x12
[   ScriptRuntime] [  LOG] [20:35:52.787] [_W7Probe]  W7:     FAILED id='menu-libs-expendable-button_quad-focus-left' url=file://Media/Manialinks/Nadeo/CMGame/Utils/ButtonStyles/Rounded/Common_Button_Contour_Start_Rounded.dds visible=1 pos=20,-67 size=6x12
[   ScriptRuntime] [  LOG] [20:35:52.787] [_W7Probe]  W7:     FAILED id='menu-libs-expendable-button_quad-bg-right' url=file://Media/Manialinks/Nadeo/CMGame/Utils/ButtonStyles/Rounded/Common_Button_End_Rounded.dds visible=1 pos=94,-67 size=6x12
[   ScriptRuntime] [  LOG] [20:35:52.787] [_W7Probe]  W7:     FAILED id='menu-libs-expendable-button_quad-bg-left' url=file://Media/Manialinks/Nadeo/CMGame/Utils/ButtonStyles/Rounded/Common_Button_Start_Rounded.dds visible=1 pos=20,-67 size=6x12
[   ScriptRuntime] [  LOG] [20:35:52.787] [_W7Probe]  W7:     FAILED id='menu-libs-expendable-button_quad-focus-right' url=file://Media/Manialinks/Nadeo/CMGame/Utils/ButtonStyles/Rounded/Common_Button_Contour_End_Rounded.dds visible=1 pos=64,-67 size=6x12
[   ScriptRuntime] [  LOG] [20:35:52.787] [_W7Probe]  W7:     FAILED id='menu-libs-expendable-button_quad-focus-center' url=file://Media/Manialinks/Nadeo/CMGame/Utils/ButtonStyles/Rounded/Common_Button_Contour_Middle.dds visible=1 pos=-4,-67 size=68x12
[   ScriptRuntime] [  LOG] [20:35:52.787] [_W7Probe]  W7:     FAILED id='menu-libs-expendable-button_quad-focus-left' url=file://Media/Manialinks/Nadeo/CMGame/Utils/ButtonStyles/Rounded/Common_Button_Contour_Start_Rounded.dds visible=1 pos=-10,-67 size=6x12
[   ScriptRuntime] [  LOG] [20:35:52.787] [_W7Probe]  W7:     FAILED id='menu-libs-expendable-button_quad-bg-right' url=file://Media/Manialinks/Nadeo/CMGame/Utils/ButtonStyles/Rounded/Common_Button_End_Rounded.dds visible=1 pos=64,-67 size=6x12
[   ScriptRuntime] [  LOG] [20:35:52.787] [_W7Probe]  W7:     FAILED id='menu-libs-expendable-button_quad-bg-left' url=file://Media/Manialinks/Nadeo/CMGame/Utils/ButtonStyles/Rounded/Common_Button_Start_Rounded.dds visible=1 pos=-10,-67 size=6x12
[   ScriptRuntime] [  LOG] [20:35:52.787] [_W7Probe]  W7:     FAILED id='menu-libs-expendable-button_quad-button-icon' url=file://Media/Manialinks/Nadeo/CMGame/Utils/Icons/128x128/ICON_CAR_01.dds visible=1 pos=83.0609,-73 size=9.6x9.6
[   ScriptRuntime] [  LOG] [20:35:52.787] [_W7Probe]  W7:     FAILED id='menu-libs-expendable-button_quad-focus-right' url=file://Media/Manialinks/Nadeo/CMGame/Utils/ButtonStyles/Rounded/Common_Button_Contour_End_Rounded.dds visible=1 pos=118.5,-67 size=6x12
[   ScriptRuntime] [  LOG] [20:35:52.787] [_W7Probe]  W7:     FAILED id='menu-libs-expendable-button_quad-focus-center' url=file://Media/Manialinks/Nadeo/CMGame/Utils/ButtonStyles/Rounded/Common_Button_Contour_Middle.dds visible=1 pos=83.0609,-67 size=35.4391x12
[   ScriptRuntime] [  LOG] [20:35:52.787] [_W7Probe]  W7:     FAILED id='menu-libs-expendable-button_quad-focus-left' url=file://Media/Manialinks/Nadeo/CMGame/Utils/ButtonStyles/Rounded/Common_Button_Contour_Start_Rounded.dds visible=1 pos=77.0609,-67 size=6x12
[   ScriptRuntime] [  LOG] [20:35:52.787] [_W7Probe]  W7:     FAILED id='menu-libs-expendable-button_quad-bg-right' url=file://Media/Manialinks/Nadeo/CMGame/Utils/ButtonStyles/Rounded/Common_Button_End_Rounded.dds visible=1 pos=118.5,-67 size=6x12
[   ScriptRuntime] [  LOG] [20:35:52.787] [_W7Probe]  W7:     FAILED id='menu-libs-expendable-button_quad-bg-left' url=file://Media/Manialinks/Nadeo/CMGame/Utils/ButtonStyles/Rounded/Common_Button_Start_Rounded.dds visible=1 pos=77.0609,-67 size=6x12
[   ScriptRuntime] [  LOG] [20:35:52.787] [_W7Probe]  W7:     FAILED id='menu-libs-expendable-button_quad-focus-right' url=file://Media/Manialinks/Nadeo/CMGame/Utils/ButtonStyles/Rounded/Common_Button_Contour_End_Rounded.dds visible=1 pos=70.0609,-67 size=6x12
[   ScriptRuntime] [  LOG] [20:35:52.787] [_W7Probe]  W7:     FAILED id='menu-libs-expendable-button_quad-focus-center' url=file://Media/Manialinks/Nadeo/CMGame/Utils/ButtonStyles/Rounded/Common_Button_Contour_Middle.dds visible=1 pos=21.7287,-67 size=48.3322x12
[   ScriptRuntime] [  LOG] [20:35:52.787] [_W7Probe]  W7:     FAILED id='menu-libs-expendable-button_quad-focus-left' url=file://Media/Manialinks/Nadeo/CMGame/Utils/ButtonStyles/Rounded/Common_Button_Contour_Start_Rounded.dds visible=1 pos=15.7287,-67 size=6x12
[   ScriptRuntime] [  LOG] [20:35:52.787] [_W7Probe]  W7:     FAILED id='menu-libs-expendable-button_quad-bg-right' url=file://Media/Manialinks/Nadeo/CMGame/Utils/ButtonStyles/Rounded/Common_Button_End_Rounded.dds visible=1 pos=70.0609,-67 size=6x12
[   ScriptRuntime] [  LOG] [20:35:52.787] [_W7Probe]  W7:     FAILED id='menu-libs-expendable-button_quad-bg-left' url=file://Media/Manialinks/Nadeo/CMGame/Utils/ButtonStyles/Rounded/Common_Button_Start_Rounded.dds visible=1 pos=15.7287,-67 size=6x12
[   ScriptRuntime] [  LOG] [20:35:52.787] [_W7Probe]  W7:     FAILED id='menu-libs-expendable-button_quad-focus-right' url=file://Media/Manialinks/Nadeo/CMGame/Utils/ButtonStyles/Rounded/Common_Button_Contour_End_Rounded.dds visible=1 pos=8.72872,-67 size=6x12
[   ScriptRuntime] [  LOG] [20:35:52.787] [_W7Probe]  W7:     FAILED id='menu-libs-expendable-button_quad-focus-center' url=file://Media/Manialinks/Nadeo/CMGame/Utils/ButtonStyles/Rounded/Common_Button_Contour_Middle.dds visible=1 pos=-24.6622,-67 size=33.391x12
[   ScriptRuntime] [  LOG] [20:35:52.787] [_W7Probe]  W7:     FAILED id='menu-libs-expendable-button_quad-focus-left' url=file://Media/Manialinks/Nadeo/CMGame/Utils/ButtonStyles/Rounded/Common_Button_Contour_Start_Rounded.dds visible=1 pos=-30.6623,-67 size=6x12
[   ScriptRuntime] [  LOG] [20:35:52.787] [_W7Probe]  W7:     FAILED id='menu-libs-expendable-button_quad-bg-right' url=file://Media/Manialinks/Nadeo/CMGame/Utils/ButtonStyles/Rounded/Common_Button_End_Rounded.dds visible=1 pos=8.72872,-67 size=6x12
[   ScriptRuntime] [  LOG] [20:35:52.787] [_W7Probe]  W7:     FAILED id='menu-libs-expendable-button_quad-bg-left' url=file://Media/Manialinks/Nadeo/CMGame/Utils/ButtonStyles/Rounded/Common_Button_Start_Rounded.dds visible=1 pos=-30.6623,-67 size=6x12
[   ScriptRuntime] [  LOG] [20:35:52.787] [_W7Probe]  W7:     FAILED id='menu-libs-expendable-button_quad-focus-right' url=file://Media/Manialinks/Nadeo/CMGame/Utils/ButtonStyles/Rounded/Common_Button_Contour_End_Rounded.dds visible=1 pos=-127.5,-67 size=6x12
[   ScriptRuntime] [  LOG] [20:35:52.787] [_W7Probe]  W7:     FAILED id='menu-libs-expendable-button_quad-focus-center' url=file://Media/Manialinks/Nadeo/CMGame/Utils/ButtonStyles/Rounded/Common_Button_Contour_Middle.dds visible=1 pos=-145.5,-67 size=18x12
[   ScriptRuntime] [  LOG] [20:35:52.787] [_W7Probe]  W7:     FAILED id='menu-libs-expendable-button_quad-focus-left' url=file://Media/Manialinks/Nadeo/CMGame/Utils/ButtonStyles/Rounded/Common_Button_Contour_Start_Rounded.dds visible=1 pos=-151.5,-67 size=6x12
[   ScriptRuntime] [  LOG] [20:35:52.787] [_W7Probe]  W7:     FAILED id='menu-libs-expendable-button_quad-bg-right' url=file://Media/Manialinks/Nadeo/CMGame/Utils/ButtonStyles/Rounded/Common_Button_End_Rounded.dds visible=1 pos=-127.5,-67 size=6x12
[   ScriptRuntime] [  LOG] [20:35:52.787] [_W7Probe]  W7:     FAILED id='menu-libs-expendable-button_quad-bg-left' url=file://Media/Manialinks/Nadeo/CMGame/Utils/ButtonStyles/Rounded/Common_Button_Start_Rounded.dds visible=1 pos=-151.5,-67 size=6x12
[   ScriptRuntime] [  LOG] [20:35:52.787] [_W7Probe]  W7:     FAILED id='menu-libs-expendable-button_quad-focus-right' url=file://Media/Manialinks/Nadeo/CMGame/Utils/ButtonStyles/Rounded/Common_Button_Contour_End_Rounded.dds visible=1 pos=-121.762,55.7 size=6x12
[   ScriptRuntime] [  LOG] [20:35:52.787] [_W7Probe]  W7:     FAILED id='menu-libs-expendable-button_quad-focus-center' url=file://Media/Manialinks/Nadeo/CMGame/Utils/ButtonStyles/Rounded/Common_Button_Contour_Middle.dds visible=1 pos=-121.762,55.7 size=0x12
[   ScriptRuntime] [  LOG] [20:35:52.787] [_W7Probe]  W7:     FAILED id='menu-libs-expendable-button_quad-focus-left' url=file://Media/Manialinks/Nadeo/CMGame/Utils/ButtonStyles/Rounded/Common_Button_Contour_Start_Rounded.dds visible=1 pos=-127.762,55.7 size=6x12
[   ScriptRuntime] [  LOG] [20:35:52.787] [_W7Probe]  W7:     FAILED id='menu-libs-expendable-button_quad-bg-right' url=file://Media/Manialinks/Nadeo/CMGame/Utils/ButtonStyles/Rounded/Common_Button_End_Rounded.dds visible=1 pos=-121.762,55.7 size=6x12
[   ScriptRuntime] [  LOG] [20:35:52.787] [_W7Probe]  W7:     FAILED id='menu-libs-expendable-button_quad-bg-left' url=file://Media/Manialinks/Nadeo/CMGame/Utils/ButtonStyles/Rounded/Common_Button_Start_Rounded.dds visible=1 pos=-127.762,55.7 size=6x12
[   ScriptRuntime] [  LOG] [20:35:52.787] [_W7Probe]  W7:     FAILED id='menu-libs-expendable-button_quad-focus-right' url=file://Media/Manialinks/Nadeo/CMGame/Utils/ButtonStyles/Rounded/Common_Button_Contour_End_Rounded.dds visible=1 pos=-121.762,55.7 size=6x12
[   ScriptRuntime] [  LOG] [20:35:52.787] [_W7Probe]  W7:     FAILED id='menu-libs-expendable-button_quad-focus-center' url=file://Media/Manialinks/Nadeo/CMGame/Utils/ButtonStyles/Rounded/Common_Button_Contour_Middle.dds visible=1 pos=-121.762,55.7 size=0x12
[   ScriptRuntime] [  LOG] [20:35:52.787] [_W7Probe]  W7:     FAILED id='menu-libs-expendable-button_quad-focus-left' url=file://Media/Manialinks/Nadeo/CMGame/Utils/ButtonStyles/Rounded/Common_Button_Contour_Start_Rounded.dds visible=1 pos=-127.762,55.7 size=6x12
[   ScriptRuntime] [  LOG] [20:35:52.787] [_W7Probe]  W7:     FAILED id='menu-libs-expendable-button_quad-bg-right' url=file://Media/Manialinks/Nadeo/CMGame/Utils/ButtonStyles/Rounded/Common_Button_End_Rounded.dds visible=1 pos=-121.762,55.7 size=6x12
[   ScriptRuntime] [  LOG] [20:35:52.787] [_W7Probe]  W7:     FAILED id='menu-libs-expendable-button_quad-bg-left' url=file://Media/Manialinks/Nadeo/CMGame/Utils/ButtonStyles/Rounded/Common_Button_Start_Rounded.dds visible=1 pos=-127.762,55.7 size=6x12
[   ScriptRuntime] [  LOG] [20:35:52.787] [_W7Probe]  W7:     FAILED id='menu-libs-expendable-button_quad-focus-right' url=file://Media/Manialinks/Nadeo/CMGame/Utils/ButtonStyles/Rounded/Common_Button_Contour_End_Rounded.dds visible=1 pos=-121.762,55.7 size=6x12
[   ScriptRuntime] [  LOG] [20:35:52.787] [_W7Probe]  W7:     FAILED id='menu-libs-expendable-button_quad-focus-center' url=file://Media/Manialinks/Nadeo/CMGame/Utils/ButtonStyles/Rounded/Common_Button_Contour_Middle.dds visible=1 pos=-121.762,55.7 size=0x12
[   ScriptRuntime] [  LOG] [20:35:52.787] [_W7Probe]  W7:     FAILED id='menu-libs-expendable-button_quad-focus-left' url=file://Media/Manialinks/Nadeo/CMGame/Utils/ButtonStyles/Rounded/Common_Button_Contour_Start_Rounded.dds visible=1 pos=-127.762,55.7 size=6x12
[   ScriptRuntime] [  LOG] [20:35:52.787] [_W7Probe]  W7:     FAILED id='menu-libs-expendable-button_quad-bg-right' url=file://Media/Manialinks/Nadeo/CMGame/Utils/ButtonStyles/Rounded/Common_Button_End_Rounded.dds visible=1 pos=-121.762,55.7 size=6x12
[   ScriptRuntime] [  LOG] [20:35:52.787] [_W7Probe]  W7:     FAILED id='menu-libs-expendable-button_quad-bg-left' url=file://Media/Manialinks/Nadeo/CMGame/Utils/ButtonStyles/Rounded/Common_Button_Start_Rounded.dds visible=1 pos=-127.762,55.7 size=6x12
[   ScriptRuntime] [  LOG] [20:35:52.788] [_W7Probe]  W7:     FAILED id='menu-libs-expendable-button_quad-focus-right' url=file://Media/Manialinks/Nadeo/CMGame/Utils/ButtonStyles/Rounded/Common_Button_Contour_End_Rounded.dds visible=1 pos=-121.762,55.7 size=6x12
[   ScriptRuntime] [  LOG] [20:35:52.788] [_W7Probe]  W7:     FAILED id='menu-libs-expendable-button_quad-focus-center' url=file://Media/Manialinks/Nadeo/CMGame/Utils/ButtonStyles/Rounded/Common_Button_Contour_Middle.dds visible=1 pos=-121.762,55.7 size=0x12
[   ScriptRuntime] [  LOG] [20:35:52.788] [_W7Probe]  W7:     FAILED id='menu-libs-expendable-button_quad-focus-left' url=file://Media/Manialinks/Nadeo/CMGame/Utils/ButtonStyles/Rounded/Common_Button_Contour_Start_Rounded.dds visible=1 pos=-127.762,55.7 size=6x12
[   ScriptRuntime] [  LOG] [20:35:52.788] [_W7Probe]  W7:     FAILED id='menu-libs-expendable-button_quad-bg-right' url=file://Media/Manialinks/Nadeo/CMGame/Utils/ButtonStyles/Rounded/Common_Button_End_Rounded.dds visible=1 pos=-121.762,55.7 size=6x12
[   ScriptRuntime] [  LOG] [20:35:52.788] [_W7Probe]  W7:     FAILED id='menu-libs-expendable-button_quad-bg-left' url=file://Media/Manialinks/Nadeo/CMGame/Utils/ButtonStyles/Rounded/Common_Button_Start_Rounded.dds visible=1 pos=-127.762,55.7 size=6x12
[   ScriptRuntime] [  LOG] [20:35:52.788] [_W7Probe]  W7:     FAILED id='menu-libs-expendable-button_quad-focus-right' url=file://Media/Manialinks/Nadeo/CMGame/Utils/ButtonStyles/Rounded/Common_Button_Contour_End_Rounded.dds visible=1 pos=-19.9666,54.45 size=4.75x9.5
[   ScriptRuntime] [  LOG] [20:35:52.788] [_W7Probe]  W7:     FAILED id='menu-libs-expendable-button_quad-focus-center' url=file://Media/Manialinks/Nadeo/CMGame/Utils/ButtonStyles/Rounded/Common_Button_Contour_Middle.dds visible=1 pos=-45.1006,54.45 size=25.134x9.5
[   ScriptRuntime] [  LOG] [20:35:52.788] [_W7Probe]  W7:     FAILED id='menu-libs-expendable-button_quad-focus-left' url=file://Media/Manialinks/Nadeo/CMGame/Utils/ButtonStyles/Rounded/Common_Button_Contour_Start_Rounded.dds visible=1 pos=-49.8506,54.45 size=4.75x9.5
[   ScriptRuntime] [  LOG] [20:35:52.788] [_W7Probe]  W7:     FAILED id='menu-libs-expendable-button_quad-bg-right' url=file://Media/Manialinks/Nadeo/CMGame/Utils/ButtonStyles/Rounded/Common_Button_End_Rounded.dds visible=1 pos=-19.9666,54.45 size=4.75x9.5
[   ScriptRuntime] [  LOG] [20:35:52.788] [_W7Probe]  W7:     FAILED id='menu-libs-expendable-button_quad-bg-left' url=file://Media/Manialinks/Nadeo/CMGame/Utils/ButtonStyles/Rounded/Common_Button_Start_Rounded.dds visible=1 pos=-49.8506,54.45 size=4.75x9.5
[   ScriptRuntime] [  LOG] [20:35:52.788] [_W7Probe]  W7:     FAILED id='menu-libs-expendable-button_quad-focus-right' url=file://Media/Manialinks/Nadeo/CMGame/Utils/ButtonStyles/Rounded/Common_Button_Contour_End_Rounded.dds visible=1 pos=-52.9255,54.45 size=4.75x9.5
[   ScriptRuntime] [  LOG] [20:35:52.788] [_W7Probe]  W7:     FAILED id='menu-libs-expendable-button_quad-focus-center' url=file://Media/Manialinks/Nadeo/CMGame/Utils/ButtonStyles/Rounded/Common_Button_Contour_Middle.dds visible=1 pos=-82.4337,54.45 size=29.5082x9.5
[   ScriptRuntime] [  LOG] [20:35:52.788] [_W7Probe]  W7:     FAILED id='menu-libs-expendable-button_quad-focus-left' url=file://Media/Manialinks/Nadeo/CMGame/Utils/ButtonStyles/Rounded/Common_Button_Contour_Start_Rounded.dds visible=1 pos=-87.1837,54.45 size=4.75x9.5
[   ScriptRuntime] [  LOG] [20:35:52.788] [_W7Probe]  W7:     FAILED id='menu-libs-expendable-button_quad-bg-right' url=file://Media/Manialinks/Nadeo/CMGame/Utils/ButtonStyles/Rounded/Common_Button_End_Rounded.dds visible=1 pos=-52.9255,54.45 size=4.75x9.5
[   ScriptRuntime] [  LOG] [20:35:52.788] [_W7Probe]  W7:     FAILED id='menu-libs-expendable-button_quad-bg-left' url=file://Media/Manialinks/Nadeo/CMGame/Utils/ButtonStyles/Rounded/Common_Button_Start_Rounded.dds visible=1 pos=-87.1837,54.45 size=4.75x9.5
[   ScriptRuntime] [  LOG] [20:35:52.788] [_W7Probe]  W7:     FAILED id='menu-libs-expendable-button_quad-focus-right' url=file://Media/Manialinks/Nadeo/CMGame/Utils/ButtonStyles/Rounded/Common_Button_Contour_End_Rounded.dds visible=1 pos=-90.2586,54.45 size=4.75x9.5
[   ScriptRuntime] [  LOG] [20:35:52.788] [_W7Probe]  W7:     FAILED id='menu-libs-expendable-button_quad-focus-center' url=file://Media/Manialinks/Nadeo/CMGame/Utils/ButtonStyles/Rounded/Common_Button_Contour_Middle.dds visible=1 pos=-117.85,54.45 size=27.5914x9.5
[   ScriptRuntime] [  LOG] [20:35:52.788] [_W7Probe]  W7:     FAILED id='menu-libs-expendable-button_quad-focus-left' url=file://Media/Manialinks/Nadeo/CMGame/Utils/ButtonStyles/Rounded/Common_Button_Contour_Start_Rounded.dds visible=1 pos=-122.6,54.45 size=4.75x9.5
[   ScriptRuntime] [  LOG] [20:35:52.788] [_W7Probe]  W7:     FAILED id='menu-libs-expendable-button_quad-bg-right' url=file://Media/Manialinks/Nadeo/CMGame/Utils/ButtonStyles/Rounded/Common_Button_End_Rounded.dds visible=1 pos=-90.2586,54.45 size=4.75x9.5
[   ScriptRuntime] [  LOG] [20:35:52.788] [_W7Probe]  W7:     FAILED id='menu-libs-expendable-button_quad-bg-left' url=file://Media/Manialinks/Nadeo/CMGame/Utils/ButtonStyles/Rounded/Common_Button_Start_Rounded.dds visible=1 pos=-122.6,54.45 size=4.75x9.5
[   ScriptRuntime] [  LOG] [20:35:52.788] [_W7Probe]  W7:     FAILED id='menu-libs-expendable-button_quad-focus-right' url=file://Media/Manialinks/Nadeo/CMGame/Utils/ButtonStyles/Rounded/Common_Button_Contour_End_Rounded.dds visible=1 pos=109.186,-61 size=6x12
[   ScriptRuntime] [  LOG] [20:35:52.788] [_W7Probe]  W7:     FAILED id='menu-libs-expendable-button_quad-focus-center' url=file://Media/Manialinks/Nadeo/CMGame/Utils/ButtonStyles/Rounded/Common_Button_Contour_Middle.dds visible=1 pos=85.1825,-61 size=24.0035x12
[   ScriptRuntime] [  LOG] [20:35:52.788] [_W7Probe]  W7:     FAILED id='menu-libs-expendable-button_quad-focus-left' url=file://Media/Manialinks/Nadeo/CMGame/Utils/ButtonStyles/Rounded/Common_Button_Contour_Start_Rounded.dds visible=1 pos=79.1825,-61 size=6x12
[   ScriptRuntime] [  LOG] [20:35:52.788] [_W7Probe]  W7:     FAILED id='menu-libs-expendable-button_quad-bg-right' url=file://Media/Manialinks/Nadeo/CMGame/Utils/ButtonStyles/Rounded/Common_Button_End_Rounded.dds visible=1 pos=109.186,-61 size=6x12
[   ScriptRuntime] [  LOG] [20:35:52.788] [_W7Probe]  W7:     FAILED id='menu-libs-expendable-button_quad-bg-left' url=file://Media/Manialinks/Nadeo/CMGame/Utils/ButtonStyles/Rounded/Common_Button_Start_Rounded.dds visible=1 pos=79.1825,-61 size=6x12
[   ScriptRuntime] [  LOG] [20:35:52.788] [_W7Probe]  W7:     FAILED id='menu-libs-expendable-button_quad-focus-right' url=file://Media/Manialinks/Nadeo/CMGame/Utils/ButtonStyles/Rounded/Common_Button_Contour_End_Rounded.dds visible=1 pos=-113.314,-61 size=6x12
[   ScriptRuntime] [  LOG] [20:35:52.788] [_W7Probe]  W7:     FAILED id='menu-libs-expendable-button_quad-focus-center' url=file://Media/Manialinks/Nadeo/CMGame/Utils/ButtonStyles/Rounded/Common_Button_Contour_Middle.dds visible=1 pos=-131.314,-61 size=18x12
[   ScriptRuntime] [  LOG] [20:35:52.788] [_W7Probe]  W7:     FAILED id='menu-libs-expendable-button_quad-focus-left' url=file://Media/Manialinks/Nadeo/CMGame/Utils/ButtonStyles/Rounded/Common_Button_Contour_Start_Rounded.dds visible=1 pos=-137.314,-61 size=6x12
[   ScriptRuntime] [  LOG] [20:35:52.788] [_W7Probe]  W7:     FAILED id='menu-libs-expendable-button_quad-bg-right' url=file://Media/Manialinks/Nadeo/CMGame/Utils/ButtonStyles/Rounded/Common_Button_End_Rounded.dds visible=1 pos=-113.314,-61 size=6x12
[   ScriptRuntime] [  LOG] [20:35:52.788] [_W7Probe]  W7:     FAILED id='menu-libs-expendable-button_quad-bg-left' url=file://Media/Manialinks/Nadeo/CMGame/Utils/ButtonStyles/Rounded/Common_Button_Start_Rounded.dds visible=1 pos=-137.314,-61 size=6x12
[   ScriptRuntime] [  LOG] [20:35:52.788] [_W7Probe]  W7:     FAILED id='expendable-asset_quad-right' url=file://Media/Manialinks/Nadeo/CMGame/Utils/ButtonStyles/Rounded/Common_Button_End_Rounded.dds visible=1 pos=-19.9666,49.7 size=4.75x9.5
[   ScriptRuntime] [  LOG] [20:35:52.788] [_W7Probe]  W7:     FAILED id='expendable-asset_quad-left' url=file://Media/Manialinks/Nadeo/CMGame/Utils/ButtonStyles/Rounded/Common_Button_Start_Rounded.dds visible=1 pos=-117.85,49.7 size=4.75x9.5
[   ScriptRuntime] [  LOG] [20:35:52.788] [_W7Probe]  W7:     FAILED id='trackmania-pop-up-background-2_button-leave' url=file://Media/Manialinks/Nadeo/CMGame/Utils/Icons/256x256/Icones_256_icon_cross_oblique.dds visible=1 pos=148,72.6696 size=7x7
[   ScriptRuntime] [  LOG] [20:35:52.788] [_W7Probe]  W7:     FAILED id='trackmania-pop-up-background-2_quad-header-gradient' url=file://Media/Manialinks/Nadeo/Trackmania/Menus/PopUp/Common_MainPopup_Header_Gradient.dds visible=0 pos=-154,77.6696 size=1x1
[   ScriptRuntime] [  LOG] [20:35:52.788] [_W7Probe]  W7:     FAILED id='trackmania-pop-up-background-2_quad-background' url=file://Media/Manialinks/Nadeo/Trackmania/Menus/PopUp/Common_MainPopup.dds visible=1 pos=-154,77.6696 size=308x155.339
[   ScriptRuntime] [  LOG] [20:35:52.788] [_W7Probe]  W7:     FAILED id='ComponentProfilePlayerInfo_quad-best-trophy' url=file://Media/Manialinks/Nadeo/Trackmania/Trophies/512/trophy_base_00.dds visible=1 pos=-48.5657,21 size=42x42
[   ScriptRuntime] [  LOG] [20:35:52.788] [_W7Probe]  W7:     FAILED id='ComponentProfilePlayerInfo_quad-trophies-global-ranking-echelon' url=file://Media/Manialinks/Nadeo/Trackmania/Menus/PageProfile/Echelons/Menu_Profile_Echelon_Bronze0.dds visible=1 pos=-132.732,14 size=20.2086x53
[   ScriptRuntime] [  LOG] [20:35:52.788] [_W7Probe]  W7:     FAILED id='ComponentProfilePlayerInfo_quad-highest-trophy' url=file://Media/Manialinks/Nadeo/Trackmania/Trophies/512/trophy_base_00.dds visible=1 pos=18,-7.7 size=36x36
[   ScriptRuntime] [  LOG] [20:35:52.788] [_W7Probe]  W7:     FAILED id='ComponentProfilePlayerInfo_quad-lights' url=file://Media/Manialinks/Nadeo/Trackmania/Menus/Common/Common_Light_Spotlight.webm visible=1 pos=-105,30 size=200x180
[   ScriptRuntime] [  LOG] [20:35:52.788] [_W7Probe]  W7:     FAILED id='ComponentProfilePlayerInfo_quad-background' url=file://Media/Manialinks/Nadeo/Trackmania/Menus/PageProfile/UI_profile_background_map_gradients.dds visible=1 pos=-0,0 size=320x180
[   ScriptRuntime] [  LOG] [20:35:52.788] [_W7Probe]  W7:     FAILED id='ComponentProfilePlayerInfo_quad-trophy-icon' url=file://Media/Manialinks/Nadeo/Trackmania/Trophies/512/trophy_base_00.dds visible=1 pos=-124.05,-42.39 size=21x21
[   ScriptRuntime] [  LOG] [20:35:52.788] [_W7Probe]  W7:     FAILED id='ComponentProfilePlayerInfo_quad-trophy-icon' url=file://Media/Manialinks/Nadeo/Trackmania/Trophies/512/trophy_base_00.dds visible=1 pos=-94.0129,-42.39 size=21x21
[   ScriptRuntime] [  LOG] [20:35:52.788] [_W7Probe]  W7:     FAILED id='ComponentProfilePlayerInfo_quad-trophy-icon' url=file://Media/Manialinks/Nadeo/Trackmania/Trophies/512/trophy_base_00.dds visible=1 pos=-63.9757,-42.39 size=21x21
[   ScriptRuntime] [  LOG] [20:35:52.788] [_W7Probe]  W7:     FAILED id='ComponentProfilePlayerInfo_quad-trophy-icon' url=file://Media/Manialinks/Nadeo/Trackmania/Trophies/512/trophy_base_00.dds visible=1 pos=-33.9386,-42.39 size=21x21
[   ScriptRuntime] [  LOG] [20:35:52.788] [_W7Probe]  W7:     FAILED id='ComponentProfilePlayerInfo_quad-trophy-icon' url=file://Media/Manialinks/Nadeo/Trackmania/Trophies/512/trophy_base_00.dds visible=1 pos=-3.90099,-42.39 size=21x21
[   ScriptRuntime] [  LOG] [20:35:52.788] [_W7Probe]  W7:     FAILED id='ComponentProfilePlayerInfo_quad-trophy-icon' url=file://Media/Manialinks/Nadeo/Trackmania/Trophies/512/trophy_base_00.dds visible=1 pos=26.136,-42.39 size=21x21
[   ScriptRuntime] [  LOG] [20:35:52.789] [_W7Probe]  W7:     FAILED id='ComponentProfilePlayerInfo_quad-trophy-icon' url=file://Media/Manialinks/Nadeo/Trackmania/Trophies/512/trophy_base_00.dds visible=1 pos=56.173,-42.39 size=21x21
[   ScriptRuntime] [  LOG] [20:35:52.789] [_W7Probe]  W7:     FAILED id='ComponentProfilePlayerInfo_quad-trophy-icon' url=file://Media/Manialinks/Nadeo/Trackmania/Trophies/512/trophy_base_00.dds visible=1 pos=86.21,-42.39 size=21x21
[   ScriptRuntime] [  LOG] [20:35:52.789] [_W7Probe]  W7:     FAILED id='ComponentProfilePlayerInfo_quad-trophy-icon' url=file://Media/Manialinks/Nadeo/Trackmania/Trophies/512/trophy_base_00.dds visible=1 pos=116.247,-42.39 size=21x21
[   ScriptRuntime] [  LOG] [20:35:52.789] [_W7Probe]  W7:     FAILED id='ComponentProfilePlayerInfo_quad-trophy-bg' url=file://Media/Manialinks/Nadeo/Trackmania/Menus/PageProfile/Menu_Profile_Trophy.dds visible=1 pos=-124.8,-44 size=30.5571x23
[   ScriptRuntime] [  LOG] [20:35:52.789] [_W7Probe]  W7:     FAILED id='ComponentProfilePlayerInfo_quad-trophy-focus' url=file://Media/Manialinks/Nadeo/Trackmania/Menus/PageProfile/Menu_Profile_Trophy_Contour.dds visible=1 pos=-124.8,-44 size=30.5571x23
[   ScriptRuntime] [  LOG] [20:35:52.789] [_W7Probe]  W7:     FAILED id='ComponentProfilePlayerInfo_quad-trophy-bg' url=file://Media/Manialinks/Nadeo/Trackmania/Menus/PageProfile/Menu_Profile_Trophy.dds visible=1 pos=-94.7629,-44 size=30.5571x23
[   ScriptRuntime] [  LOG] [20:35:52.789] [_W7Probe]  W7:     FAILED id='ComponentProfilePlayerInfo_quad-trophy-focus' url=file://Media/Manialinks/Nadeo/Trackmania/Menus/PageProfile/Menu_Profile_Trophy_Contour.dds visible=1 pos=-94.7629,-44 size=30.5571x23
[   ScriptRuntime] [  LOG] [20:35:52.789] [_W7Probe]  W7:     FAILED id='ComponentProfilePlayerInfo_quad-trophy-bg' url=file://Media/Manialinks/Nadeo/Trackmania/Menus/PageProfile/Menu_Profile_Trophy.dds visible=1 pos=-64.7257,-44 size=30.5571x23
[   ScriptRuntime] [  LOG] [20:35:52.789] [_W7Probe]  W7:     FAILED id='ComponentProfilePlayerInfo_quad-trophy-focus' url=file://Media/Manialinks/Nadeo/Trackmania/Menus/PageProfile/Menu_Profile_Trophy_Contour.dds visible=1 pos=-64.7257,-44 size=30.5571x23
[   ScriptRuntime] [  LOG] [20:35:52.789] [_W7Probe]  W7:     FAILED id='ComponentProfilePlayerInfo_quad-trophy-bg' url=file://Media/Manialinks/Nadeo/Trackmania/Menus/PageProfile/Menu_Profile_Trophy.dds visible=1 pos=-34.6886,-44 size=30.5571x23
[   ScriptRuntime] [  LOG] [20:35:52.789] [_W7Probe]  W7:     FAILED id='ComponentProfilePlayerInfo_quad-trophy-focus' url=file://Media/Manialinks/Nadeo/Trackmania/Menus/PageProfile/Menu_Profile_Trophy_Contour.dds visible=1 pos=-34.6886,-44 size=30.5571x23
[   ScriptRuntime] [  LOG] [20:35:52.789] [_W7Probe]  W7:     FAILED id='ComponentProfilePlayerInfo_quad-trophy-bg' url=file://Media/Manialinks/Nadeo/Trackmania/Menus/PageProfile/Menu_Profile_Trophy.dds visible=1 pos=-4.651,-44 size=30.5571x23
[   ScriptRuntime] [  LOG] [20:35:52.789] [_W7Probe]  W7:     FAILED id='ComponentProfilePlayerInfo_quad-trophy-focus' url=file://Media/Manialinks/Nadeo/Trackmania/Menus/PageProfile/Menu_Profile_Trophy_Contour.dds visible=1 pos=-4.651,-44 size=30.5571x23
[   ScriptRuntime] [  LOG] [20:35:52.789] [_W7Probe]  W7:     FAILED id='ComponentProfilePlayerInfo_quad-trophy-bg' url=file://Media/Manialinks/Nadeo/Trackmania/Menus/PageProfile/Menu_Profile_Trophy.dds visible=1 pos=25.386,-44 size=30.5571x23
[   ScriptRuntime] [  LOG] [20:35:52.789] [_W7Probe]  W7:     FAILED id='ComponentProfilePlayerInfo_quad-trophy-focus' url=file://Media/Manialinks/Nadeo/Trackmania/Menus/PageProfile/Menu_Profile_Trophy_Contour.dds visible=1 pos=25.386,-44 size=30.5571x23
[   ScriptRuntime] [  LOG] [20:35:52.789] [_W7Probe]  W7:     FAILED id='ComponentProfilePlayerInfo_quad-trophy-bg' url=file://Media/Manialinks/Nadeo/Trackmania/Menus/PageProfile/Menu_Profile_Trophy.dds visible=1 pos=55.423,-44 size=30.5571x23
[   ScriptRuntime] [  LOG] [20:35:52.789] [_W7Probe]  W7:     FAILED id='ComponentProfilePlayerInfo_quad-trophy-focus' url=file://Media/Manialinks/Nadeo/Trackmania/Menus/PageProfile/Menu_Profile_Trophy_Contour.dds visible=1 pos=55.423,-44 size=30.5571x23
[   ScriptRuntime] [  LOG] [20:35:52.789] [_W7Probe]  W7:     FAILED id='ComponentProfilePlayerInfo_quad-trophy-bg' url=file://Media/Manialinks/Nadeo/Trackmania/Menus/PageProfile/Menu_Profile_Trophy.dds visible=1 pos=85.46,-44 size=30.5571x23
[   ScriptRuntime] [  LOG] [20:35:52.789] [_W7Probe]  W7:     FAILED id='ComponentProfilePlayerInfo_quad-trophy-focus' url=file://Media/Manialinks/Nadeo/Trackmania/Menus/PageProfile/Menu_Profile_Trophy_Contour.dds visible=1 pos=85.46,-44 size=30.5571x23
[   ScriptRuntime] [  LOG] [20:35:52.789] [_W7Probe]  W7:     FAILED id='ComponentProfilePlayerInfo_quad-trophy-bg' url=file://Media/Manialinks/Nadeo/Trackmania/Menus/PageProfile/Menu_Profile_Trophy.dds visible=1 pos=115.497,-44 size=30.5571x23
[   ScriptRuntime] [  LOG] [20:35:52.789] [_W7Probe]  W7:     FAILED id='ComponentProfilePlayerInfo_quad-trophy-focus' url=file://Media/Manialinks/Nadeo/Trackmania/Menus/PageProfile/Menu_Profile_Trophy_Contour.dds visible=1 pos=115.497,-44 size=30.5571x23
[   ScriptRuntime] [  LOG] [20:35:52.789] [_W7Probe]  W7:     FAILED id='menu-libs-loading-spinner_quad-loading' url=file://Media/Manialinks/Nadeo/CMGame/Components/LoadingSpinner/LoadingSpinner.dds visible=0 pos=-124.5,69.25 size=15x15
[   ScriptRuntime] [  LOG] [20:35:52.789] [_W7Probe]  W7:     FAILED id='menu-libs-loading-spinner_quad-loading' url=file://Media/Manialinks/Nadeo/CMGame/Components/LoadingSpinner/LoadingSpinner.dds visible=0 pos=65.5,-7.7 size=15x15
[   ScriptRuntime] [  LOG] [20:35:52.789] [_W7Probe]  W7:     FAILED id='menu-libs-loading-spinner_quad-loading' url=file://Media/Manialinks/Nadeo/CMGame/Components/LoadingSpinner/LoadingSpinner.dds visible=0 pos=12,-5 size=15x15
[   ScriptRuntime] [  LOG] [20:35:52.789] [_W7Probe]  W7:     FAILED id='menu-libs-loading-spinner_quad-loading' url=file://Media/Manialinks/Nadeo/CMGame/Components/LoadingSpinner/LoadingSpinner.dds visible=0 pos=12.2,-5 size=15x15
[   ScriptRuntime] [  LOG] [20:35:52.789] [_W7Probe]  W7:     FAILED id='menu-libs-loading-spinner_quad-loading' url=file://Media/Manialinks/Nadeo/CMGame/Components/LoadingSpinner/LoadingSpinner.dds visible=0 pos=-25.6271,12.1 size=15x15
[   ScriptRuntime] [  LOG] [20:35:52.789] [_W7Probe]  W7:     FAILED id='menu-libs-loading-spinner_quad-loading' url=file://Media/Manialinks/Nadeo/CMGame/Components/LoadingSpinner/LoadingSpinner.dds visible=1 pos=-33.3729,-32.5 size=15x15
[   ScriptRuntime] [  LOG] [20:35:52.789] [_W7Probe]  W7:     FAILED id='button-zone-prev' url=file://Media/Manialinks/Nadeo/TMGame/Modes/Record/Icon_ArrowRight.dds visible=0 pos=-171,12 size=5x5
[   ScriptRuntime] [  LOG] [20:35:52.789] [_W7Probe]  W7:     FAILED id='button-zone-next' url=file://Media/Manialinks/Nadeo/TMGame/Modes/Record/Icon_ArrowLeft.dds visible=0 pos=-221,12 size=5x5
[   ScriptRuntime] [  LOG] [20:35:52.789] [_W7Probe]  W7:     FAILED id='quad-medal-next' url=file://Media/Manialinks/Nadeo/Trackmania/Menus/Medals/Medal_Bronze.dds visible=1 pos=-213.5,45 size=4x4
[   ScriptRuntime] [  LOG] [20:35:52.789] [_W7Probe]  W7:     FAILED id='' url=file://Media/Manialinks/Nadeo/Trackmania/Menus/Medals/Medal_Bronze.dds visible=0 pos=-209,65 size=12x12
[   ScriptRuntime] [  LOG] [20:35:52.789] [_W7Probe]  W7:     FAILED id='' url=file://Media/Manialinks/Nadeo/Trackmania/Menus/Medals/Medal_Silver.dds visible=0 pos=-209,65 size=12x12
[   ScriptRuntime] [  LOG] [20:35:52.789] [_W7Probe]  W7:     FAILED id='' url=file://Media/Manialinks/Nadeo/Trackmania/Menus/Medals/Medal_Gold.dds visible=0 pos=-209,65 size=12x12
[   ScriptRuntime] [  LOG] [20:35:52.789] [_W7Probe]  W7:     FAILED id='' url=file://Media/Manialinks/Nadeo/Trackmania/Menus/Medals/Medal_Nadeo.dds visible=0 pos=-209,65 size=12x12
[   ScriptRuntime] [  LOG] [20:35:52.789] [_W7Probe]  W7:     FAILED id='quad-toggle-records-icon' url=file://Media/Manialinks/Nadeo/TMGame/Modes/Record/Icon_WorldRecords.dds visible=1 pos=-156,26 size=8x8
[   ScriptRuntime] [  LOG] [20:35:52.789] [_W7Probe]  W7:     FAILED id='menu-libs-loading-spinner_quad-loading' url=file://Media/Manialinks/Nadeo/CMGame/Components/LoadingSpinner/LoadingSpinner.dds visible=0 pos=-217,12 size=15x15
[   ScriptRuntime] [  LOG] [20:35:52.789] [_W7Probe]  W7:     FAILED id='button-toggle-ghost' url=file://Media/Manialinks/Nadeo/TMGame/Modes/Record/Icon_Ghost_Hidden.dds visible=0 pos=-174.25,6 size=4x4
[   ScriptRuntime] [  LOG] [20:35:52.789] [_W7Probe]  W7:     FAILED id='quad-icon' url=file://Media/Manialinks/Nadeo/CMGame/Utils/Icons/128x128/ICON_PROFIL_01.dds visible=0 pos=-215.5,6 size=4x4
[   ScriptRuntime] [  LOG] [20:35:52.789] [_W7Probe]  W7:     FAILED id='quad-medal' url=file://Media/Manialinks/Nadeo/Trackmania/Menus/Medals/Medal_Gold.dds visible=1 pos=-215.5,6 size=4x4
[   ScriptRuntime] [  LOG] [20:35:52.789] [_W7Probe]  W7:     FAILED id='menu-libs-loading-spinner_quad-loading' url=file://Media/Manialinks/Nadeo/CMGame/Components/LoadingSpinner/LoadingSpinner.dds visible=0 pos=-217.5,6 size=15x15
[   ScriptRuntime] [  LOG] [20:35:52.789] [_W7Probe]  W7:     FAILED id='menu-libs-loading-spinner_quad-loading' url=file://Media/Manialinks/Nadeo/CMGame/Components/LoadingSpinner/LoadingSpinner.dds visible=0 pos=-174.25,6 size=15x15
[   ScriptRuntime] [  LOG] [20:35:52.789] [_W7Probe]  W7:     FAILED id='button-toggle-ghost' url=file://Media/Manialinks/Nadeo/TMGame/Modes/Record/Icon_Ghost_Hidden.dds visible=1 pos=-174.25,0 size=4x4
[   ScriptRuntime] [  LOG] [20:35:52.789] [_W7Probe]  W7:     FAILED id='quad-icon' url=file://Media/Manialinks/Nadeo/CMGame/Utils/Icons/128x128/ICON_PROFIL_01.dds visible=0 pos=-215.5,0 size=4x4
[   ScriptRuntime] [  LOG] [20:35:52.789] [_W7Probe]  W7:     FAILED id='quad-medal' url=file://Media/Manialinks/Nadeo/Trackmania/Menus/Medals/Medal_Silver.dds visible=1 pos=-215.5,0 size=4x4
[   ScriptRuntime] [  LOG] [20:35:52.789] [_W7Probe]  W7:     FAILED id='menu-libs-loading-spinner_quad-loading' url=file://Media/Manialinks/Nadeo/CMGame/Components/LoadingSpinner/LoadingSpinner.dds visible=0 pos=-217.5,0 size=15x15
[   ScriptRuntime] [  LOG] [20:35:52.789] [_W7Probe]  W7:     FAILED id='menu-libs-loading-spinner_quad-loading' url=file://Media/Manialinks/Nadeo/CMGame/Components/LoadingSpinner/LoadingSpinner.dds visible=0 pos=-174.25,0 size=15x15
[   ScriptRuntime] [  LOG] [20:35:52.789] [_W7Probe]  W7:     FAILED id='button-toggle-ghost' url=file://Media/Manialinks/Nadeo/TMGame/Modes/Record/Icon_Ghost_Hidden.dds visible=1 pos=-174.25,-6 size=4x4
[   ScriptRuntime] [  LOG] [20:35:52.789] [_W7Probe]  W7:     FAILED id='quad-icon' url=file://Media/Manialinks/Nadeo/CMGame/Utils/Icons/128x128/ICON_PROFIL_01.dds visible=0 pos=-215.5,-6 size=4x4
[   ScriptRuntime] [  LOG] [20:35:52.789] [_W7Probe]  W7:     FAILED id='quad-medal' url=file://Media/Manialinks/Nadeo/Trackmania/Menus/Medals/Medal_Bronze.dds visible=1 pos=-215.5,-6 size=4x4
[   ScriptRuntime] [  LOG] [20:35:52.789] [_W7Probe]  W7:     FAILED id='menu-libs-loading-spinner_quad-loading' url=file://Media/Manialinks/Nadeo/CMGame/Components/LoadingSpinner/LoadingSpinner.dds visible=0 pos=-217.5,-6 size=15x15
[   ScriptRuntime] [  LOG] [20:35:52.789] [_W7Probe]  W7:     FAILED id='menu-libs-loading-spinner_quad-loading' url=file://Media/Manialinks/Nadeo/CMGame/Components/LoadingSpinner/LoadingSpinner.dds visible=0 pos=-174.25,-6 size=15x15
[   ScriptRuntime] [  LOG] [20:35:52.789] [_W7Probe]  W7:     FAILED id='button-toggle-ghost' url=file://Media/Manialinks/Nadeo/TMGame/Modes/Record/Icon_Ghost_Hidden.dds visible=0 pos=-174.25,6 size=4x4
[   ScriptRuntime] [  LOG] [20:35:52.789] [_W7Probe]  W7:     FAILED id='quad-icon' url=file://Media/Manialinks/Nadeo/CMGame/Utils/Icons/128x128/ICON_PROFIL_01.dds visible=0 pos=-215.5,6 size=4x4
[   ScriptRuntime] [  LOG] [20:35:52.789] [_W7Probe]  W7:     FAILED id='quad-medal' url=file://Media/Manialinks/Nadeo/Trackmania/Menus/Medals/Medal_Gold.dds visible=1 pos=-215.5,6 size=4x4
[   ScriptRuntime] [  LOG] [20:35:52.790] [_W7Probe]  W7:     FAILED id='menu-libs-loading-spinner_quad-loading' url=file://Media/Manialinks/Nadeo/CMGame/Components/LoadingSpinner/LoadingSpinner.dds visible=0 pos=-217.5,6 size=15x15
[   ScriptRuntime] [  LOG] [20:35:52.790] [_W7Probe]  W7:     FAILED id='menu-libs-loading-spinner_quad-loading' url=file://Media/Manialinks/Nadeo/CMGame/Components/LoadingSpinner/LoadingSpinner.dds visible=0 pos=-174.25,6 size=15x15
[   ScriptRuntime] [  LOG] [20:35:52.790] [_W7Probe]  W7:     FAILED id='button-toggle-ghost' url=file://Media/Manialinks/Nadeo/TMGame/Modes/Record/Icon_Ghost_Hidden.dds visible=1 pos=-174.25,0 size=4x4
[   ScriptRuntime] [  LOG] [20:35:52.790] [_W7Probe]  W7:     FAILED id='quad-icon' url=file://Media/Manialinks/Nadeo/CMGame/Utils/Icons/128x128/ICON_PROFIL_01.dds visible=0 pos=-215.5,0 size=4x4
[   ScriptRuntime] [  LOG] [20:35:52.790] [_W7Probe]  W7:     FAILED id='quad-medal' url=file://Media/Manialinks/Nadeo/Trackmania/Menus/Medals/Medal_Silver.dds visible=1 pos=-215.5,0 size=4x4
[   ScriptRuntime] [  LOG] [20:35:52.790] [_W7Probe]  W7:     FAILED id='menu-libs-loading-spinner_quad-loading' url=file://Media/Manialinks/Nadeo/CMGame/Components/LoadingSpinner/LoadingSpinner.dds visible=0 pos=-217.5,0 size=15x15
[   ScriptRuntime] [  LOG] [20:35:52.790] [_W7Probe]  W7:     FAILED id='menu-libs-loading-spinner_quad-loading' url=file://Media/Manialinks/Nadeo/CMGame/Components/LoadingSpinner/LoadingSpinner.dds visible=0 pos=-174.25,0 size=15x15
[   ScriptRuntime] [  LOG] [20:35:52.790] [_W7Probe]  W7:     FAILED id='button-toggle-ghost' url=file://Media/Manialinks/Nadeo/TMGame/Modes/Record/Icon_Ghost_Hidden.dds visible=1 pos=-174.25,-6 size=4x4
[   ScriptRuntime] [  LOG] [20:35:52.790] [_W7Probe]  W7:     FAILED id='quad-icon' url=file://Media/Manialinks/Nadeo/CMGame/Utils/Icons/128x128/ICON_PROFIL_01.dds visible=0 pos=-215.5,-6 size=4x4
[   ScriptRuntime] [  LOG] [20:35:52.790] [_W7Probe]  W7:     FAILED id='quad-medal' url=file://Media/Manialinks/Nadeo/Trackmania/Menus/Medals/Medal_Bronze.dds visible=1 pos=-215.5,-6 size=4x4
[   ScriptRuntime] [  LOG] [20:35:52.790] [_W7Probe]  W7:     FAILED id='menu-libs-loading-spinner_quad-loading' url=file://Media/Manialinks/Nadeo/CMGame/Components/LoadingSpinner/LoadingSpinner.dds visible=0 pos=-217.5,-6 size=15x15
[   ScriptRuntime] [  LOG] [20:35:52.790] [_W7Probe]  W7:     FAILED id='menu-libs-loading-spinner_quad-loading' url=file://Media/Manialinks/Nadeo/CMGame/Components/LoadingSpinner/LoadingSpinner.dds visible=0 pos=-174.25,-6 size=15x15
[   ScriptRuntime] [  LOG] [20:35:52.790] [_W7Probe]  W7:     imageQuads=259 loaded=0 pending=0 failed=259
[   ScriptRuntime] [  LOG] [20:35:52.790] [_W7Probe]  W7: --- layer 16 attachId='Unassigned' type=0 visible=1 anim=0 scriptRunning=1 xmlLen=19737
[   ScriptRuntime] [  LOG] [20:35:52.790] [_W7Probe]  W7:     controls=9 mainFrame=ok
[   ScriptRuntime] [  LOG] [20:35:52.790] [_W7Probe]  W7:     FAILED id='expendable-asset_quad-right' url=file://Media/Manialinks/Nadeo/CMGame/Utils/ButtonStyles/Straight/Common_Button_End_Straight.dds visible=1 pos=27.6,60 size=7x14
[   ScriptRuntime] [  LOG] [20:35:52.790] [_W7Probe]  W7:     FAILED id='expendable-asset_quad-left' url=file://Media/Manialinks/Nadeo/CMGame/Utils/ButtonStyles/Straight/Common_Button_Start_Straight.dds visible=1 pos=-27.6,60 size=7x14
[   ScriptRuntime] [  LOG] [20:35:52.790] [_W7Probe]  W7:     imageQuads=2 loaded=0 pending=0 failed=2
[   ScriptRuntime] [  LOG] [20:35:52.790] [_W7Probe]  W7: --- layer 17 attachId='Unassigned' type=0 visible=1 anim=0 scriptRunning=1 xmlLen=10486
[   ScriptRuntime] [  LOG] [20:35:52.790] [_W7Probe]  W7:     controls=8 mainFrame=ok
[   ScriptRuntime] [  LOG] [20:35:52.790] [_W7Probe]  W7:     FAILED id='expendable-asset_quad-right' url=file://Media/Manialinks/Nadeo/CMGame/Utils/ButtonStyles/Straight/Common_Button_End_Straight.dds visible=1 pos=-175,50 size=5x10
[   ScriptRuntime] [  LOG] [20:35:52.790] [_W7Probe]  W7:     FAILED id='expendable-asset_quad-left' url=file://Media/Manialinks/Nadeo/CMGame/Utils/ButtonStyles/Straight/Common_Button_Start_Straight.dds visible=1 pos=-225,50 size=5x10
[   ScriptRuntime] [  LOG] [20:35:52.790] [_W7Probe]  W7:     imageQuads=2 loaded=0 pending=0 failed=2
[   ScriptRuntime] [  LOG] [20:35:52.790] [_W7Probe]  W7: --- layer 18 attachId='Unassigned' type=0 visible=1 anim=0 scriptRunning=1 xmlLen=10060
[   ScriptRuntime] [  LOG] [20:35:52.790] [_W7Probe]  W7:     controls=5 mainFrame=ok
[   ScriptRuntime] [  LOG] [20:35:52.790] [_W7Probe]  W7:     imageQuads=0 loaded=0 pending=0 failed=0
[   ScriptRuntime] [  LOG] [20:35:52.790] [_W7Probe]  W7: --- layer 19 attachId='Unassigned' type=0 visible=1 anim=0 scriptRunning=1 xmlLen=15960
[   ScriptRuntime] [  LOG] [20:35:52.790] [_W7Probe]  W7:     controls=30 mainFrame=ok
[   ScriptRuntime] [  LOG] [20:35:52.790] [_W7Probe]  W7:     FAILED id='menu-libs-loading-spinner_quad-loading' url=file://Media/Manialinks/Nadeo/CMGame/Components/LoadingSpinner/LoadingSpinner.dds visible=0 pos=150.5,-35.75 size=15x15
[   ScriptRuntime] [  LOG] [20:35:52.790] [_W7Probe]  W7:     FAILED id='menu-libs-loading-spinner_quad-loading' url=file://Media/Manialinks/Nadeo/CMGame/Components/LoadingSpinner/LoadingSpinner.dds visible=0 pos=150.5,-30.75 size=15x15
[   ScriptRuntime] [  LOG] [20:35:52.790] [_W7Probe]  W7:     FAILED id='menu-libs-loading-spinner_quad-loading' url=file://Media/Manialinks/Nadeo/CMGame/Components/LoadingSpinner/LoadingSpinner.dds visible=0 pos=150.5,-25.75 size=15x15
[   ScriptRuntime] [  LOG] [20:35:52.790] [_W7Probe]  W7:     imageQuads=3 loaded=0 pending=0 failed=3
[   ScriptRuntime] [  LOG] [20:35:52.790] [_W7Probe]  W7: --- layer 20 attachId='Unassigned' type=0 visible=1 anim=0 scriptRunning=1 xmlLen=39286
[   ScriptRuntime] [  LOG] [20:35:52.790] [_W7Probe]  W7:     controls=23 mainFrame=ok
[   ScriptRuntime] [  LOG] [20:35:52.790] [_W7Probe]  W7:     FAILED id='button-icon-2_quad-key-icon' url=file://Media/Manialinks/Nadeo/CMGame/Components/PadButtons/PC/ControllerInfo_PC_Enter.dds visible=1 pos=131.948,-79.4 size=7.2x7.2
[   ScriptRuntime] [  LOG] [20:35:52.790] [_W7Probe]  W7:     FAILED id='quad-background' url=file://Media/Manialinks/Nadeo/Trackmania/Modes/Prestige/Prestige_Background.dds visible=0 pos=-0,0 size=320x180
[   ScriptRuntime] [  LOG] [20:35:52.790] [_W7Probe]  W7:     imageQuads=2 loaded=0 pending=0 failed=2
[   ScriptRuntime] [  LOG] [20:35:52.790] [_W7Probe]  W7: --- layer 21 attachId='Unassigned' type=0 visible=1 anim=0 scriptRunning=1 xmlLen=1776
[   ScriptRuntime] [  LOG] [20:35:52.790] [_W7Probe]  W7:     controls=0 mainFrame=ok
[   ScriptRuntime] [  LOG] [20:35:52.790] [_W7Probe]  W7:     imageQuads=0 loaded=0 pending=0 failed=0
[   ScriptRuntime] [  LOG] [20:35:52.790] [_W7Probe]  W7: --- layer 22 attachId='Unassigned' type=10 visible=1 anim=0 scriptRunning=1 xmlLen=15094
[   ScriptRuntime] [  LOG] [20:35:52.790] [_W7Probe]  W7:     controls=28 mainFrame=ok
[   ScriptRuntime] [  LOG] [20:35:52.790] [_W7Probe]  W7:     FAILED id='trackmania-loading-screen-quad-message-background' url=file://Media/Manialinks/Nadeo/Trackmania/Menus/LoadingScreen/MessageBackground.dds visible=1 pos=-80,90 size=40x8
[   ScriptRuntime] [  LOG] [20:35:52.790] [_W7Probe]  W7:     FAILED id='trackmania-loading-screen-quad-media' url=https://trackmania-prod-media-s3.cdn.ubi.com/media/image/live-api/944df943-491a-4800-935c-8fa256be258e/original.jpg visible=1 pos=-80,45 size=160x90
[   ScriptRuntime] [  LOG] [20:35:52.790] [_W7Probe]  W7:     FAILED id='trackmania-loading-screen-quad-message-background' url=file://Media/Manialinks/Nadeo/Trackmania/Menus/LoadingScreen/MessageBackground.dds visible=1 pos=80,90 size=40x8
[   ScriptRuntime] [  LOG] [20:35:52.790] [_W7Probe]  W7:     FAILED id='trackmania-loading-screen-quad-media' url=https://trackmania-prod-media-s3.cdn.ubi.com/media/image/live-api/73d35354-f6ad-4269-8699-4994717fcae6/original.jpg visible=1 pos=80,45 size=160x90
[   ScriptRuntime] [  LOG] [20:35:52.790] [_W7Probe]  W7:     FAILED id='trackmania-loading-screen-quad-message-background' url=file://Media/Manialinks/Nadeo/Trackmania/Menus/LoadingScreen/MessageBackground.dds visible=1 pos=-80,-90 size=40x8
[   ScriptRuntime] [  LOG] [20:35:52.790] [_W7Probe]  W7:     FAILED id='trackmania-loading-screen-quad-media' url=https://trackmania-prod-media-s3.cdn.ubi.com/media/image/live-api/31d3c8ab-fa26-4ae0-88fd-42cceb32557b/original.jpg visible=1 pos=-80,-45 size=160x90
[   ScriptRuntime] [  LOG] [20:35:52.790] [_W7Probe]  W7:     FAILED id='trackmania-loading-screen-quad-message-background' url=file://Media/Manialinks/Nadeo/Trackmania/Menus/LoadingScreen/MessageBackground.dds visible=1 pos=80,-90 size=40x8
[   ScriptRuntime] [  LOG] [20:35:52.790] [_W7Probe]  W7:     FAILED id='trackmania-loading-screen-quad-media' url=https://trackmania-prod-media-s3.cdn.ubi.com/media/image/live-api/dc238cff-80dc-4208-aa76-39e58fd04ea0/original.jpg visible=1 pos=80,-45 size=160x90
[   ScriptRuntime] [  LOG] [20:35:52.790] [_W7Probe]  W7:     imageQuads=8 loaded=0 pending=0 failed=8
[   ScriptRuntime] [  LOG] [20:35:52.790] [_W7Probe]  W7: --- layer 23 attachId='Unassigned' type=0 visible=1 anim=0 scriptRunning=1 xmlLen=184922
[   ScriptRuntime] [  LOG] [20:35:52.790] [_W7Probe]  W7:     controls=393 mainFrame=ok
[   ScriptRuntime] [  LOG] [20:35:52.790] [_W7Probe]  W7:     FAILED id='Trackmania_Button_quad-icon' url=file://Media/Manialinks/Nadeo/CMGame/Utils/Icons/128x128/ICON_ARROW_LEFT_OBLIQUE.dds visible=1 pos=-64.7853,-52.6186 size=10x10
[   ScriptRuntime] [  LOG] [20:35:52.790] [_W7Probe]  W7:     FAILED id='Trackmania_Button_quad-image' url=file://Media/Manialinks/Nadeo/TMGame/Menus/HUD_StartEnd_EXIT_RoundCorner.dds visible=1 pos=-72.5853,-50.506 size=64x14.5155
[   ScriptRuntime] [  LOG] [20:35:52.790] [_W7Probe]  W7:     FAILED id='Trackmania_Button_quad-focus-icon' url=file://Media/Manialinks/Nadeo/CMGame/Utils/Icons/128x128/ICON_ARROW_LEFT_OBLIQUE.dds visible=0 pos=-64.7853,-52.6186 size=10x10
[   ScriptRuntime] [  LOG] [20:35:52.790] [_W7Probe]  W7:     FAILED id='Trackmania_Button_quad-focus-background' url=file://Media/Manialinks/Nadeo/TMGame/Menus/HUD_StartEnd_EXIT_RoundCorner.dds visible=0 pos=-72.5853,-50.506 size=64x14.5155
[   ScriptRuntime] [  LOG] [20:35:52.790] [_W7Probe]  W7:     FAILED id='menu-libs-loading-spinner_quad-loading' url=file://Media/Manialinks/Nadeo/CMGame/Components/LoadingSpinner/LoadingSpinner.dds visible=0 pos=-40.5853,-57.6186 size=15x15
[   ScriptRuntime] [  LOG] [20:35:52.791] [_W7Probe]  W7:     FAILED id='Trackmania_Button_quad-image' url=file://Media/Manialinks/Nadeo/TMGame/Menus/HUD_Campaign_Button_RoundCorner.dds visible=1 pos=-70.0452,-39.1451 size=125x10.6952
[   ScriptRuntime] [  LOG] [20:35:52.791] [_W7Probe]  W7:     FAILED id='Trackmania_Button_quad-focus-background' url=file://Media/Manialinks/Nadeo/TMGame/Menus/HUD_Campaign_Button_RoundCorner_Focused.dds visible=0 pos=-70.0452,-39.1451 size=125x10.6952
[   ScriptRuntime] [  LOG] [20:35:52.791] [_W7Probe]  W7:     FAILED id='menu-libs-loading-spinner_quad-loading' url=file://Media/Manialinks/Nadeo/CMGame/Components/LoadingSpinner/LoadingSpinner.dds visible=0 pos=-7.54525,-44.4927 size=15x15
[   ScriptRuntime] [  LOG] [20:35:52.791] [_W7Probe]  W7:     FAILED id='Trackmania_Button_quad-image' url=file://Media/Manialinks/Nadeo/TMGame/Menus/HUD_Campaign_Button_RoundCorner.dds visible=1 pos=-62.0893,5.97524 size=125x10.6952
[   ScriptRuntime] [  LOG] [20:35:52.791] [_W7Probe]  W7:     FAILED id='Trackmania_Button_quad-focus-background' url=file://Media/Manialinks/Nadeo/TMGame/Menus/HUD_Campaign_Button_RoundCorner_Focused.dds visible=0 pos=-62.0893,5.97524 size=125x10.6952
[   ScriptRuntime] [  LOG] [20:35:52.791] [_W7Probe]  W7:     FAILED id='menu-libs-loading-spinner_quad-loading' url=file://Media/Manialinks/Nadeo/CMGame/Components/LoadingSpinner/LoadingSpinner.dds visible=0 pos=0.410669,0.627636 size=15x15
[   ScriptRuntime] [  LOG] [20:35:52.791] [_W7Probe]  W7:     FAILED id='Trackmania_Button_quad-image' url=file://Media/Manialinks/Nadeo/TMGame/Menus/HUD_Campaign_Button_ObtuseCorner.dds visible=1 pos=-68.2773,-29.1183 size=125x10.6952
[   ScriptRuntime] [  LOG] [20:35:52.791] [_W7Probe]  W7:     FAILED id='Trackmania_Button_quad-focus-background' url=file://Media/Manialinks/Nadeo/TMGame/Menus/HUD_Campaign_Button_ObtuseCorner_Focused.dds visible=0 pos=-68.2773,-29.1183 size=125x10.6952
[   ScriptRuntime] [  LOG] [20:35:52.791] [_W7Probe]  W7:     FAILED id='menu-libs-loading-spinner_quad-loading' url=file://Media/Manialinks/Nadeo/CMGame/Components/LoadingSpinner/LoadingSpinner.dds visible=0 pos=-5.77727,-34.4659 size=15x15
[   ScriptRuntime] [  LOG] [20:35:52.791] [_W7Probe]  W7:     FAILED id='Trackmania_Button_quad-image' url=file://Media/Manialinks/Nadeo/TMGame/Menus/HUD_Campaign_Button_ObtuseCorner.dds visible=1 pos=-62.9733,0.961876 size=125x10.6952
[   ScriptRuntime] [  LOG] [20:35:52.791] [_W7Probe]  W7:     FAILED id='Trackmania_Button_quad-focus-background' url=file://Media/Manialinks/Nadeo/TMGame/Menus/HUD_Campaign_Button_ObtuseCorner_Focused.dds visible=0 pos=-62.9733,0.961876 size=125x10.6952
[   ScriptRuntime] [  LOG] [20:35:52.791] [_W7Probe]  W7:     FAILED id='menu-libs-loading-spinner_quad-loading' url=file://Media/Manialinks/Nadeo/CMGame/Components/LoadingSpinner/LoadingSpinner.dds visible=0 pos=-0.473322,-4.38572 size=15x15
[   ScriptRuntime] [  LOG] [20:35:52.791] [_W7Probe]  W7:     FAILED id='Trackmania_Button_quad-icon' url=file://Media/Manialinks/Nadeo/Trackmania/Menus/Medals/Medal_Bronze.dds visible=1 pos=42.1431,-20.4846 size=7.69519x7.69519
[   ScriptRuntime] [  LOG] [20:35:52.791] [_W7Probe]  W7:     FAILED id='Trackmania_Button_quad-image' url=file://Media/Manialinks/Nadeo/TMGame/Menus/HUD_Campaign_Button_ObtuseCorner.dds visible=1 pos=-66.5093,-19.0916 size=125x10.6952
[   ScriptRuntime] [  LOG] [20:35:52.791] [_W7Probe]  W7:     FAILED id='Trackmania_Button_quad-focus-icon' url=file://Media/Manialinks/Nadeo/Trackmania/Menus/Medals/Medal_Bronze.dds visible=0 pos=42.1431,-20.4846 size=7.69519x7.69519
[   ScriptRuntime] [  LOG] [20:35:52.791] [_W7Probe]  W7:     FAILED id='Trackmania_Button_quad-focus-background' url=file://Media/Manialinks/Nadeo/TMGame/Menus/HUD_Campaign_Button_ObtuseCorner_Focused.dds visible=0 pos=-66.5093,-19.0916 size=125x10.6952
[   ScriptRuntime] [  LOG] [20:35:52.791] [_W7Probe]  W7:     FAILED id='menu-libs-loading-spinner_quad-loading' url=file://Media/Manialinks/Nadeo/CMGame/Components/LoadingSpinner/LoadingSpinner.dds visible=0 pos=-4.00928,-24.3322 size=15x15
[   ScriptRuntime] [  LOG] [20:35:52.791] [_W7Probe]  W7:     FAILED id='Trackmania_Button_quad-icon' url=file://Media/Manialinks/Nadeo/Trackmania/Menus/Medals/Medal_Silver.dds visible=1 pos=43.9111,-10.4579 size=7.69519x7.69519
[   ScriptRuntime] [  LOG] [20:35:52.791] [_W7Probe]  W7:     FAILED id='Trackmania_Button_quad-image' url=file://Media/Manialinks/Nadeo/TMGame/Menus/HUD_Campaign_Button_ObtuseCorner.dds visible=1 pos=-64.7413,-9.06486 size=125x10.6952
[   ScriptRuntime] [  LOG] [20:35:52.791] [_W7Probe]  W7:     FAILED id='Trackmania_Button_quad-focus-icon' url=file://Media/Manialinks/Nadeo/Trackmania/Menus/Medals/Medal_Silver.dds visible=0 pos=43.9111,-10.4579 size=7.69519x7.69519
[   ScriptRuntime] [  LOG] [20:35:52.791] [_W7Probe]  W7:     FAILED id='Trackmania_Button_quad-focus-background' url=file://Media/Manialinks/Nadeo/TMGame/Menus/HUD_Campaign_Button_ObtuseCorner_Focused.dds visible=0 pos=-64.7413,-9.06486 size=125x10.6952
[   ScriptRuntime] [  LOG] [20:35:52.791] [_W7Probe]  W7:     FAILED id='menu-libs-loading-spinner_quad-loading' url=file://Media/Manialinks/Nadeo/CMGame/Components/LoadingSpinner/LoadingSpinner.dds visible=0 pos=-2.2413,-14.3055 size=15x15
[   ScriptRuntime] [  LOG] [20:35:52.791] [_W7Probe]  W7:     FAILED id='Trackmania_Button_quad-icon' url=file://Media/Manialinks/Nadeo/Trackmania/Menus/Medals/Medal_Gold.dds visible=0 pos=45.6791,-0.431178 size=7.69519x7.69519
[   ScriptRuntime] [  LOG] [20:35:52.791] [_W7Probe]  W7:     FAILED id='Trackmania_Button_quad-image' url=file://Media/Manialinks/Nadeo/TMGame/Menus/HUD_Campaign_Button_ObtuseCorner.dds visible=1 pos=-62.9733,0.961876 size=125x10.6952
[   ScriptRuntime] [  LOG] [20:35:52.791] [_W7Probe]  W7:     FAILED id='Trackmania_Button_quad-focus-icon' url=file://Media/Manialinks/Nadeo/Trackmania/Menus/Medals/Medal_Gold.dds visible=1 pos=45.6791,-0.431178 size=7.69519x7.69519
[   ScriptRuntime] [  LOG] [20:35:52.791] [_W7Probe]  W7:     FAILED id='Trackmania_Button_quad-focus-background' url=file://Media/Manialinks/Nadeo/TMGame/Menus/HUD_Campaign_Button_ObtuseCorner_Focused.dds visible=1 pos=-62.9733,0.961876 size=125x10.6952
[   ScriptRuntime] [  LOG] [20:35:52.791] [_W7Probe]  W7:     FAILED id='menu-libs-loading-spinner_quad-loading' url=file://Media/Manialinks/Nadeo/CMGame/Components/LoadingSpinner/LoadingSpinner.dds visible=0 pos=-0.473322,-4.27877 size=15x15
[   ScriptRuntime] [  LOG] [20:35:52.791] [_W7Probe]  W7:     FAILED id='button-icon-2_quad-key-icon' url=file://Media/Manialinks/Nadeo/CMGame/Components/PadButtons/PC/ControllerInfo_PC_Base.dds visible=1 pos=133.77,-80.4 size=7.2x7.2
[   ScriptRuntime] [  LOG] [20:35:52.791] [_W7Probe]  W7:     FAILED id='button-icon-2_quad-key-icon' url=file://Media/Manialinks/Nadeo/CMGame/Components/PadButtons/PC/ControllerInfo_PC_Base.dds visible=1 pos=133.77,-80.4 size=7.2x7.2
[   ScriptRuntime] [  LOG] [20:35:52.791] [_W7Probe]  W7:     FAILED id='button-icon-2_quad-key-icon' url=file://Media/Manialinks/Nadeo/CMGame/Components/PadButtons/PC/ControllerInfo_PC_Base.dds visible=1 pos=133.77,-80.4 size=7.2x7.2
[   ScriptRuntime] [  LOG] [20:35:52.791] [_W7Probe]  W7:     FAILED id='button-icon-2_quad-key-icon' url=file://Media/Manialinks/Nadeo/CMGame/Components/PadButtons/PC/ControllerInfo_PC_Base.dds visible=1 pos=133.77,-80.4 size=7.2x7.2
[   ScriptRuntime] [  LOG] [20:35:52.791] [_W7Probe]  W7:     FAILED id='button-icon-2_quad-key-icon' url=file://Media/Manialinks/Nadeo/CMGame/Components/PadButtons/PC/ControllerInfo_PC_Base.dds visible=1 pos=133.77,-80.4 size=7.2x7.2
[   ScriptRuntime] [  LOG] [20:35:52.791] [_W7Probe]  W7:     FAILED id='button-icon-2_quad-key-icon' url=file://Media/Manialinks/Nadeo/CMGame/Components/PadButtons/PC/ControllerInfo_PC_Base.dds visible=1 pos=133.77,-80.4 size=7.2x7.2
[   ScriptRuntime] [  LOG] [20:35:52.791] [_W7Probe]  W7:     FAILED id='button-icon-2_quad-key-icon' url=file://Media/Manialinks/Nadeo/CMGame/Components/PadButtons/PC/ControllerInfo_PC_Base.dds visible=1 pos=133.77,-80.4 size=7.2x7.2
[   ScriptRuntime] [  LOG] [20:35:52.791] [_W7Probe]  W7:     FAILED id='button-icon-2_quad-key-icon' url=file://Media/Manialinks/Nadeo/CMGame/Components/PadButtons/PC/ControllerInfo_PC_Base.dds visible=1 pos=133.77,-80.4 size=7.2x7.2
[   ScriptRuntime] [  LOG] [20:35:52.791] [_W7Probe]  W7:     FAILED id='button-icon-2_quad-key-icon' url=file://Media/Manialinks/Nadeo/CMGame/Components/PadButtons/PC/ControllerInfo_PC_Base.dds visible=1 pos=133.77,-80.4 size=7.2x7.2
[   ScriptRuntime] [  LOG] [20:35:52.791] [_W7Probe]  W7:     FAILED id='button-icon-2_quad-key-icon' url=file://Media/Manialinks/Nadeo/CMGame/Components/PadButtons/PC/ControllerInfo_PC_Base.dds visible=1 pos=133.77,-80.4 size=7.2x7.2
[   ScriptRuntime] [  LOG] [20:35:52.791] [_W7Probe]  W7:     FAILED id='button-icon-2_quad-key-icon' url=file://Media/Manialinks/Nadeo/CMGame/Components/PadButtons/PC/ControllerInfo_PC_Base.dds visible=1 pos=133.77,-80.4 size=7.2x7.2
[   ScriptRuntime] [  LOG] [20:35:52.791] [_W7Probe]  W7:     FAILED id='button-icon-2_quad-key-icon' url=file://Media/Manialinks/Nadeo/CMGame/Components/PadButtons/PC/ControllerInfo_PC_Base.dds visible=1 pos=133.77,-80.4 size=7.2x7.2
[   ScriptRuntime] [  LOG] [20:35:52.791] [_W7Probe]  W7:     FAILED id='button-icon-2_quad-key-icon' url=file://Media/Manialinks/Nadeo/CMGame/Components/PadButtons/PC/ControllerInfo_PC_Base.dds visible=1 pos=133.77,-80.4 size=7.2x7.2
[   ScriptRuntime] [  LOG] [20:35:52.791] [_W7Probe]  W7:     FAILED id='button-icon-2_quad-key-icon' url=file://Media/Manialinks/Nadeo/CMGame/Components/PadButtons/PC/ControllerInfo_PC_Base.dds visible=1 pos=133.77,-80.4 size=7.2x7.2
[   ScriptRuntime] [  LOG] [20:35:52.791] [_W7Probe]  W7:     FAILED id='button-icon-2_quad-key-icon' url=file://Media/Manialinks/Nadeo/CMGame/Components/PadButtons/PC/ControllerInfo_PC_Base.dds visible=1 pos=133.77,-80.4 size=7.2x7.2
[   ScriptRuntime] [  LOG] [20:35:52.791] [_W7Probe]  W7:     FAILED id='button-icon-2_quad-key-icon' url=file://Media/Manialinks/Nadeo/CMGame/Components/PadButtons/PC/ControllerInfo_PC_Base.dds visible=1 pos=133.77,-80.4 size=7.2x7.2
[   ScriptRuntime] [  LOG] [20:35:52.791] [_W7Probe]  W7:     FAILED id='button-icon-2_quad-key-icon' url=file://Media/Manialinks/Nadeo/CMGame/Components/PadButtons/PC/ControllerInfo_PC_Base.dds visible=1 pos=133.77,-80.4 size=7.2x7.2
[   ScriptRuntime] [  LOG] [20:35:52.791] [_W7Probe]  W7:     FAILED id='button-icon-2_quad-key-icon' url=file://Media/Manialinks/Nadeo/CMGame/Components/PadButtons/PC/ControllerInfo_PC_Base.dds visible=1 pos=133.77,-80.4 size=7.2x7.2
[   ScriptRuntime] [  LOG] [20:35:52.792] [_W7Probe]  W7:     FAILED id='button-icon-2_quad-key-icon' url=file://Media/Manialinks/Nadeo/CMGame/Components/PadButtons/PC/ControllerInfo_PC_Base.dds visible=1 pos=162.145,-80.4 size=7.2x7.2
[   ScriptRuntime] [  LOG] [20:35:52.792] [_W7Probe]  W7:     FAILED id='button-icon-2_quad-key-icon' url=file://Media/Manialinks/Nadeo/CMGame/Components/PadButtons/PC/ControllerInfo_PC_Enter.dds visible=1 pos=133.77,-80.4 size=7.2x7.2
[   ScriptRuntime] [  LOG] [20:35:52.792] [_W7Probe]  W7:     FAILED id='menu-libs-scroll_quad-scroll-indicator' url=file://Media/Manialinks/Nadeo/CMGame/Utils/Icons/128x128/ICON_ARROW_BOTTOM_OBLIQUE.dds visible=0 pos=-8.5,-57.5 size=10x10
[   ScriptRuntime] [  LOG] [20:35:52.792] [_W7Probe]  W7:     FAILED id='menu-libs-scroll_quad-top' url=file://Media/Manialinks/Nadeo/CMGame/Components/Scroll/ScrollBar_TopBottom.dds visible=1 pos=78.5,36 size=2x1
[   ScriptRuntime] [  LOG] [20:35:52.792] [_W7Probe]  W7:     FAILED id='menu-libs-scroll_quad-center' url=file://Media/Manialinks/Nadeo/CMGame/Components/Scroll/ScrollBar_Center.dds visible=1 pos=78.5,36 size=2x83
[   ScriptRuntime] [  LOG] [20:35:52.792] [_W7Probe]  W7:     FAILED id='menu-libs-scroll_quad-bottom' url=file://Media/Manialinks/Nadeo/CMGame/Components/Scroll/ScrollBar_TopBottom.dds visible=1 pos=78.5,-47 size=2x1
[   ScriptRuntime] [  LOG] [20:35:52.792] [_W7Probe]  W7:     FAILED id='menu-libs-scroll_quad-top' url=file://Media/Manialinks/Nadeo/CMGame/Components/Scroll/ScrollBar_TopBottom.dds visible=1 pos=78.5,36 size=2x1
[   ScriptRuntime] [  LOG] [20:35:52.792] [_W7Probe]  W7:     FAILED id='menu-libs-scroll_quad-center' url=file://Media/Manialinks/Nadeo/CMGame/Components/Scroll/ScrollBar_Center.dds visible=1 pos=78.5,36 size=2x83
[   ScriptRuntime] [  LOG] [20:35:52.792] [_W7Probe]  W7:     FAILED id='menu-libs-scroll_quad-bottom' url=file://Media/Manialinks/Nadeo/CMGame/Components/Scroll/ScrollBar_TopBottom.dds visible=1 pos=78.5,-47 size=2x1
[   ScriptRuntime] [  LOG] [20:35:52.792] [_W7Probe]  W7:     FAILED id='trackmania-pop-up-background-2_button-leave' url=file://Media/Manialinks/Nadeo/CMGame/Utils/Icons/256x256/Icones_256_icon_cross_oblique.dds visible=1 pos=94,51.8254 size=7x7
[   ScriptRuntime] [  LOG] [20:35:52.792] [_W7Probe]  W7:     FAILED id='trackmania-pop-up-background-2_quad-header-gradient' url=file://Media/Manialinks/Nadeo/Trackmania/Menus/PopUp/Common_MainPopup_Header_Gradient.dds visible=0 pos=-100,56.8254 size=1x1
[   ScriptRuntime] [  LOG] [20:35:52.792] [_W7Probe]  W7:     FAILED id='trackmania-pop-up-background-2_quad-background' url=file://Media/Manialinks/Nadeo/Trackmania/Menus/PopUp/Common_TertiaryPopup_WithHeader.dds visible=1 pos=-100,56.8254 size=200x113.651
[   ScriptRuntime] [  LOG] [20:35:52.792] [_W7Probe]  W7:     FAILED id='menu-libs-loading-spinner_quad-loading' url=file://Media/Manialinks/Nadeo/CMGame/Components/LoadingSpinner/LoadingSpinner.dds visible=0 pos=44.1803,13.7279 size=15x15
[   ScriptRuntime] [  LOG] [20:35:52.792] [_W7Probe]  W7:     FAILED id='quad-shadow-stack' url=file://Media/Manialinks/Nadeo/Trackmania/Menus/Medals/Medals_Shadow.dds visible=0 pos=-28.2597,10.169 size=25x6.5
[   ScriptRuntime] [  LOG] [20:35:52.792] [_W7Probe]  W7:     FAILED id='quad-shadow-bigmedal' url=file://Media/Manialinks/Nadeo/Trackmania/Menus/Medals/Medals_Shadow.dds visible=0 pos=-31.8597,7.76902 size=30x8.5
[   ScriptRuntime] [  LOG] [20:35:52.792] [_W7Probe]  W7:     FAILED id='' url=file://Media/Manialinks/Nadeo/Trackmania/Menus/Medals/Medal_Bronze.dds visible=0 pos=-39.8597,15.769 size=12x12
[   ScriptRuntime] [  LOG] [20:35:52.792] [_W7Probe]  W7:     FAILED id='' url=file://Media/Manialinks/Nadeo/Trackmania/Menus/Medals/Medal_Silver.dds visible=0 pos=-39.8597,15.769 size=12x12
[   ScriptRuntime] [  LOG] [20:35:52.792] [_W7Probe]  W7:     FAILED id='' url=file://Media/Manialinks/Nadeo/Trackmania/Menus/Medals/Medal_Gold.dds visible=0 pos=-39.8597,15.769 size=12x12
[   ScriptRuntime] [  LOG] [20:35:52.792] [_W7Probe]  W7:     FAILED id='' url=file://Media/Manialinks/Nadeo/Trackmania/Menus/Medals/Medal_Nadeo.dds visible=0 pos=-39.8597,15.769 size=12x12
[   ScriptRuntime] [  LOG] [20:35:52.792] [_W7Probe]  W7:     FAILED id='quad-bg' url=file://Media/Manialinks/Nadeo/Trackmania/Menus/Browser/UI_Browser_search_bar_01.dds visible=0 pos=-64.1874,37 size=140x7.36842
[   ScriptRuntime] [  LOG] [20:35:52.792] [_W7Probe]  W7:     FAILED id='quad-bg' url=file://Media/Manialinks/Nadeo/Trackmania/Menus/Browser/UI_Browser_search_bar_01.dds visible=1 pos=-65.7791,27.9727 size=140x7.36842
[   ScriptRuntime] [  LOG] [20:35:52.792] [_W7Probe]  W7:     imageQuads=71 loaded=0 pending=0 failed=71
[   ScriptRuntime] [  LOG] [20:35:52.792] [_W7Probe]  W7: --- layer 24 attachId='Unassigned' type=6 visible=1 anim=0 scriptRunning=1 xmlLen=921187
[   ScriptRuntime] [  LOG] [20:35:52.792] [_W7Probe]  W7:     controls=4052 mainFrame=ok
[   ScriptRuntime] [  LOG] [20:35:52.792] [_W7Probe]  W7:     FAILED id='Trackmania_Button_quad-image' url=file://Media/Manialinks/Nadeo/CMGame/Utils/Icons/128x128/ICON_ARROW_RIGHT_OBLIQUE.dds visible=1 pos=111.071,-34 size=10x10
[   ScriptRuntime] [  LOG] [20:35:52.792] [_W7Probe]  W7:     FAILED id='Trackmania_Button_quad-focus-background' url=file://Media/Manialinks/Nadeo/CMGame/Utils/Icons/128x128/ICON_ARROW_RIGHT_OBLIQUE.dds visible=0 pos=111.071,-34 size=10x10
[   ScriptRuntime] [  LOG] [20:35:52.792] [_W7Probe]  W7:     FAILED id='menu-libs-loading-spinner_quad-loading' url=file://Media/Manialinks/Nadeo/CMGame/Components/LoadingSpinner/LoadingSpinner.dds visible=0 pos=116.071,-39 size=15x15
[   ScriptRuntime] [  LOG] [20:35:52.792] [_W7Probe]  W7:     FAILED id='Trackmania_Button_quad-icon' url=file://Media/Manialinks/Nadeo/CMGame/Utils/Icons/128x128/icons_128_settings_link.dds visible=1 pos=42.5857,-33.9 size=10x10
[   ScriptRuntime] [  LOG] [20:35:52.792] [_W7Probe]  W7:     FAILED id='Trackmania_Button_quad-image' url=file://Media/Manialinks/Nadeo/Trackmania/Menus/Common/Common_Entry_BG.dds visible=1 pos=38.9286,-34 size=72.1429x10
[   ScriptRuntime] [  LOG] [20:35:52.792] [_W7Probe]  W7:     FAILED id='Trackmania_Button_quad-focus-icon' url=file://Media/Manialinks/Nadeo/CMGame/Utils/Icons/128x128/icons_128_settings_link.dds visible=0 pos=42.5857,-33.9 size=10x10
[   ScriptRuntime] [  LOG] [20:35:52.792] [_W7Probe]  W7:     FAILED id='Trackmania_Button_quad-focus-background' url=file://Media/Manialinks/Nadeo/Trackmania/Menus/Common/Common_Entry_BG.dds visible=0 pos=38.9286,-34 size=72.1429x10
[   ScriptRuntime] [  LOG] [20:35:52.792] [_W7Probe]  W7:     FAILED id='menu-libs-loading-spinner_quad-loading' url=file://Media/Manialinks/Nadeo/CMGame/Components/LoadingSpinner/LoadingSpinner.dds visible=0 pos=75,-38.9 size=15x15
[   ScriptRuntime] [  LOG] [20:35:52.792] [_W7Probe]  W7:     FAILED id='Trackmania_Button_quad-image' url=file://Media/Manialinks/Nadeo/CMGame/Utils/Icons/128x128/ICON_ARROW_LEFT_OBLIQUE.dds visible=1 pos=28.9286,-34 size=10x10
[   ScriptRuntime] [  LOG] [20:35:52.792] [_W7Probe]  W7:     FAILED id='Trackmania_Button_quad-focus-background' url=file://Media/Manialinks/Nadeo/CMGame/Utils/Icons/128x128/ICON_ARROW_LEFT_OBLIQUE.dds visible=0 pos=28.9286,-34 size=10x10
[   ScriptRuntime] [  LOG] [20:35:52.792] [_W7Probe]  W7:     FAILED id='menu-libs-loading-spinner_quad-loading' url=file://Media/Manialinks/Nadeo/CMGame/Components/LoadingSpinner/LoadingSpinner.dds visible=0 pos=33.9286,-39 size=15x15
[   ScriptRuntime] [  LOG] [20:35:52.792] [_W7Probe]  W7:     FAILED id='Trackmania_Button_quad-image' url=file://Media/Manialinks/Nadeo/TMGame/Menus/HUD_Campaign_Button_RoundCorner.dds visible=1 pos=-72.6986,-54.1929 size=125x10.6952
[   ScriptRuntime] [  LOG] [20:35:52.792] [_W7Probe]  W7:     FAILED id='Trackmania_Button_quad-focus-background' url=file://Media/Manialinks/Nadeo/TMGame/Menus/HUD_Campaign_Button_RoundCorner_Focused.dds visible=0 pos=-72.6986,-54.1929 size=125x10.6952
[   ScriptRuntime] [  LOG] [20:35:52.792] [_W7Probe]  W7:     FAILED id='menu-libs-loading-spinner_quad-loading' url=file://Media/Manialinks/Nadeo/CMGame/Components/LoadingSpinner/LoadingSpinner.dds visible=0 pos=-10.1986,-59.5405 size=15x15
[   ScriptRuntime] [  LOG] [20:35:52.793] [_W7Probe]  W7:     FAILED id='Trackmania_Button_quad-image' url=file://Media/Manialinks/Nadeo/TMGame/Menus/HUD_Campaign_Button_ObtuseCorner.dds visible=1 pos=-70.9306,-44.1662 size=125x10.6952
[   ScriptRuntime] [  LOG] [20:35:52.793] [_W7Probe]  W7:     FAILED id='Trackmania_Button_quad-focus-background' url=file://Media/Manialinks/Nadeo/TMGame/Menus/HUD_Campaign_Button_ObtuseCorner_Focused.dds visible=0 pos=-70.9306,-44.1662 size=125x10.6952
[   ScriptRuntime] [  LOG] [20:35:52.793] [_W7Probe]  W7:     FAILED id='menu-libs-loading-spinner_quad-loading' url=file://Media/Manialinks/Nadeo/CMGame/Components/LoadingSpinner/LoadingSpinner.dds visible=0 pos=-8.43062,-49.5138 size=15x15
[   ScriptRuntime] [  LOG] [20:35:52.793] [_W7Probe]  W7:     FAILED id='Trackmania_Button_quad-image' url=file://Media/Manialinks/Nadeo/TMGame/Menus/HUD_Campaign_Button_ObtuseCorner.dds visible=1 pos=-69.1626,-34.1395 size=125x10.6952
[   ScriptRuntime] [  LOG] [20:35:52.793] [_W7Probe]  W7:     FAILED id='Trackmania_Button_quad-focus-background' url=file://Media/Manialinks/Nadeo/TMGame/Menus/HUD_Campaign_Button_ObtuseCorner_Focused.dds visible=0 pos=-69.1626,-34.1395 size=125x10.6952
[   ScriptRuntime] [  LOG] [20:35:52.793] [_W7Probe]  W7:     FAILED id='menu-libs-loading-spinner_quad-loading' url=file://Media/Manialinks/Nadeo/CMGame/Components/LoadingSpinner/LoadingSpinner.dds visible=0 pos=-6.66263,-39.4871 size=15x15
[   ScriptRuntime] [  LOG] [20:35:52.793] [_W7Probe]  W7:     FAILED id='Trackmania_Button_quad-image' url=file://Media/Manialinks/Nadeo/TMGame/Menus/HUD_Campaign_Button_ObtuseCorner.dds visible=1 pos=-61.2067,10.9808 size=125x10.6952
[   ScriptRuntime] [  LOG] [20:35:52.793] [_W7Probe]  W7:     FAILED id='Trackmania_Button_quad-focus-background' url=file://Media/Manialinks/Nadeo/TMGame/Menus/HUD_Campaign_Button_ObtuseCorner_Focused.dds visible=0 pos=-61.2067,10.9808 size=125x10.6952
[   ScriptRuntime] [  LOG] [20:35:52.793] [_W7Probe]  W7:     FAILED id='menu-libs-loading-spinner_quad-loading' url=file://Media/Manialinks/Nadeo/CMGame/Components/LoadingSpinner/LoadingSpinner.dds visible=0 pos=1.29329,5.63324 size=15x15
[   ScriptRuntime] [  LOG] [20:35:52.793] [_W7Probe]  W7:     FAILED id='Trackmania_Button_quad-image' url=file://Media/Manialinks/Nadeo/TMGame/Menus/HUD_Campaign_Button_ObtuseCorner.dds visible=1 pos=-67.3947,-24.1127 size=125x10.6952
[   ScriptRuntime] [  LOG] [20:35:52.793] [_W7Probe]  W7:     FAILED id='Trackmania_Button_quad-focus-background' url=file://Media/Manialinks/Nadeo/TMGame/Menus/HUD_Campaign_Button_ObtuseCorner_Focused.dds visible=0 pos=-67.3947,-24.1127 size=125x10.6952
[   ScriptRuntime] [  LOG] [20:35:52.793] [_W7Probe]  W7:     FAILED id='menu-libs-loading-spinner_quad-loading' url=file://Media/Manialinks/Nadeo/CMGame/Components/LoadingSpinner/LoadingSpinner.dds visible=0 pos=-4.89465,-29.4603 size=15x15
[   ScriptRuntime] [  LOG] [20:35:52.793] [_W7Probe]  W7:     FAILED id='Trackmania_Button_quad-image' url=file://Media/Manialinks/Nadeo/TMGame/Menus/HUD_Campaign_Button_ObtuseCorner.dds visible=1 pos=-65.6267,-14.086 size=125x10.6952
[   ScriptRuntime] [  LOG] [20:35:52.793] [_W7Probe]  W7:     FAILED id='Trackmania_Button_quad-focus-background' url=file://Media/Manialinks/Nadeo/TMGame/Menus/HUD_Campaign_Button_ObtuseCorner_Focused.dds visible=0 pos=-65.6267,-14.086 size=125x10.6952
[   ScriptRuntime] [  LOG] [20:35:52.793] [_W7Probe]  W7:     FAILED id='menu-libs-loading-spinner_quad-loading' url=file://Media/Manialinks/Nadeo/CMGame/Components/LoadingSpinner/LoadingSpinner.dds visible=0 pos=-3.12667,-19.4336 size=15x15
[   ScriptRuntime] [  LOG] [20:35:52.793] [_W7Probe]  W7:     FAILED id='Trackmania_Button_quad-image' url=file://Media/Manialinks/Nadeo/TMGame/Menus/HUD_Campaign_Button_ObtuseCorner.dds visible=1 pos=-63.8587,-4.05926 size=125x10.6952
[   ScriptRuntime] [  LOG] [20:35:52.793] [_W7Probe]  W7:     FAILED id='Trackmania_Button_quad-focus-background' url=file://Media/Manialinks/Nadeo/TMGame/Menus/HUD_Campaign_Button_ObtuseCorner_Focused.dds visible=0 pos=-63.8587,-4.05926 size=125x10.6952
[   ScriptRuntime] [  LOG] [20:35:52.793] [_W7Probe]  W7:     FAILED id='menu-libs-loading-spinner_quad-loading' url=file://Media/Manialinks/Nadeo/CMGame/Components/LoadingSpinner/LoadingSpinner.dds visible=0 pos=-1.35868,-9.40686 size=15x15
[   ScriptRuntime] [  LOG] [20:35:52.793] [_W7Probe]  W7:     FAILED id='Trackmania_Button_quad-image' url=file://Media/Manialinks/Nadeo/TMGame/Menus/HUD_Campaign_Button_ObtuseCorner.dds visible=1 pos=-62.0907,5.96747 size=125x10.6952
[   ScriptRuntime] [  LOG] [20:35:52.793] [_W7Probe]  W7:     FAILED id='Trackmania_Button_quad-focus-background' url=file://Media/Manialinks/Nadeo/TMGame/Menus/HUD_Campaign_Button_ObtuseCorner_Focused.dds visible=0 pos=-62.0907,5.96747 size=125x10.6952
[   ScriptRuntime] [  LOG] [20:35:52.793] [_W7Probe]  W7:     FAILED id='menu-libs-loading-spinner_quad-loading' url=file://Media/Manialinks/Nadeo/CMGame/Components/LoadingSpinner/LoadingSpinner.dds visible=0 pos=0.4093,0.61987 size=15x15
[   ScriptRuntime] [  LOG] [20:35:52.793] [_W7Probe]  W7:     FAILED id='Trackmania_Button_quad-image' url=file://Media/Manialinks/Nadeo/CMGame/Utils/Icons/128x128/ICON_ARROW_RIGHT_OBLIQUE.dds visible=1 pos=-19.8729,-29 size=7x7
[   ScriptRuntime] [  LOG] [20:35:52.793] [_W7Probe]  W7:     FAILED id='Trackmania_Button_quad-focus-background' url=file://Media/Manialinks/Nadeo/CMGame/Utils/Icons/128x128/ICON_ARROW_RIGHT_OBLIQUE.dds visible=0 pos=-19.8729,-29 size=7x7
[   ScriptRuntime] [  LOG] [20:35:52.793] [_W7Probe]  W7:     FAILED id='menu-libs-loading-spinner_quad-loading' url=file://Media/Manialinks/Nadeo/CMGame/Components/LoadingSpinner/LoadingSpinner.dds visible=0 pos=-16.3729,-32.5 size=15x15
[   ScriptRuntime] [  LOG] [20:35:52.793] [_W7Probe]  W7:     FAILED id='Trackmania_Button_quad-image' url=file://Media/Manialinks/Nadeo/CMGame/Utils/Icons/128x128/ICON_ARROW_LEFT_OBLIQUE.dds visible=1 pos=-54.3729,-29 size=7x7
[   ScriptRuntime] [  LOG] [20:35:52.793] [_W7Probe]  W7:     FAILED id='Trackmania_Button_quad-focus-background' url=file://Media/Manialinks/Nadeo/CMGame/Utils/Icons/128x128/ICON_ARROW_LEFT_OBLIQUE.dds visible=0 pos=-54.3729,-29 size=7x7
[   ScriptRuntime] [  LOG] [20:35:52.793] [_W7Probe]  W7:     FAILED id='menu-libs-loading-spinner_quad-loading' url=file://Media/Manialinks/Nadeo/CMGame/Components/LoadingSpinner/LoadingSpinner.dds visible=0 pos=-50.8729,-32.5 size=15x15
[   ScriptRuntime] [  LOG] [20:35:52.793] [_W7Probe]  W7:     FAILED id='Trackmania_Button_quad-image' url=file://Media/Manialinks/Nadeo/CMGame/Utils/Icons/128x128/ICON_ARROW_RIGHT_OBLIQUE.dds visible=1 pos=-11.1271,20.6 size=7x7
[   ScriptRuntime] [  LOG] [20:35:52.793] [_W7Probe]  W7:     FAILED id='Trackmania_Button_quad-focus-background' url=file://Media/Manialinks/Nadeo/CMGame/Utils/Icons/128x128/ICON_ARROW_RIGHT_OBLIQUE.dds visible=0 pos=-11.1271,20.6 size=7x7
[   ScriptRuntime] [  LOG] [20:35:52.793] [_W7Probe]  W7:     FAILED id='menu-libs-loading-spinner_quad-loading' url=file://Media/Manialinks/Nadeo/CMGame/Components/LoadingSpinner/LoadingSpinner.dds visible=0 pos=-7.62709,17.1 size=15x15
[   ScriptRuntime] [  LOG] [20:35:52.793] [_W7Probe]  W7:     FAILED id='Trackmania_Button_quad-image' url=file://Media/Manialinks/Nadeo/CMGame/Utils/Icons/128x128/ICON_ARROW_LEFT_OBLIQUE.dds visible=1 pos=-45.6271,20.6 size=7x7
[   ScriptRuntime] [  LOG] [20:35:52.793] [_W7Probe]  W7:     FAILED id='Trackmania_Button_quad-focus-background' url=file://Media/Manialinks/Nadeo/CMGame/Utils/Icons/128x128/ICON_ARROW_LEFT_OBLIQUE.dds visible=0 pos=-45.6271,20.6 size=7x7
[   ScriptRuntime] [  LOG] [20:35:52.793] [_W7Probe]  W7:     FAILED id='menu-libs-loading-spinner_quad-loading' url=file://Media/Manialinks/Nadeo/CMGame/Components/LoadingSpinner/LoadingSpinner.dds visible=0 pos=-42.1271,17.1 size=15x15
[   ScriptRuntime] [  LOG] [20:35:52.793] [_W7Probe]  W7:     FAILED id='Trackmania_Button_quad-image' url=file://Media/Manialinks/Nadeo/CMGame/Utils/Icons/128x128/ICON_ARROW_RIGHT_OBLIQUE.dds visible=1 pos=-85.3,18 size=8x8
[   ScriptRuntime] [  LOG] [20:35:52.793] [_W7Probe]  W7:     FAILED id='Trackmania_Button_quad-focus-background' url=file://Media/Manialinks/Nadeo/CMGame/Utils/Icons/128x128/ICON_ARROW_RIGHT_OBLIQUE.dds visible=0 pos=-85.3,18 size=8x8
[   ScriptRuntime] [  LOG] [20:35:52.793] [_W7Probe]  W7:     FAILED id='menu-libs-loading-spinner_quad-loading' url=file://Media/Manialinks/Nadeo/CMGame/Components/LoadingSpinner/LoadingSpinner.dds visible=0 pos=-81.3,14 size=15x15
[   ScriptRuntime] [  LOG] [20:35:52.793] [_W7Probe]  W7:     FAILED id='Trackmania_Button_quad-image' url=file://Media/Manialinks/Nadeo/CMGame/Utils/Icons/128x128/ICON_ARROW_LEFT_OBLIQUE.dds visible=1 pos=-117.8,18 size=8x8
[   ScriptRuntime] [  LOG] [20:35:52.793] [_W7Probe]  W7:     FAILED id='Trackmania_Button_quad-focus-background' url=file://Media/Manialinks/Nadeo/CMGame/Utils/Icons/128x128/ICON_ARROW_LEFT_OBLIQUE.dds visible=0 pos=-117.8,18 size=8x8
[   ScriptRuntime] [  LOG] [20:35:52.793] [_W7Probe]  W7:     FAILED id='menu-libs-loading-spinner_quad-loading' url=file://Media/Manialinks/Nadeo/CMGame/Components/LoadingSpinner/LoadingSpinner.dds visible=0 pos=-113.8,14 size=15x15
[   ScriptRuntime] [  LOG] [20:35:52.793] [_W7Probe]  W7:     FAILED id='Trackmania_Button_quad-image' url=file://Media/Manialinks/Nadeo/CMGame/Utils/Icons/128x128/ICON_ARROW_RIGHT_OBLIQUE.dds visible=1 pos=-58.72,76.5 size=7x7
[   ScriptRuntime] [  LOG] [20:35:52.793] [_W7Probe]  W7:     FAILED id='Trackmania_Button_quad-focus-background' url=file://Media/Manialinks/Nadeo/CMGame/Utils/Icons/128x128/ICON_ARROW_RIGHT_OBLIQUE.dds visible=0 pos=-58.72,76.5 size=7x7
[   ScriptRuntime] [  LOG] [20:35:52.793] [_W7Probe]  W7:     FAILED id='menu-libs-loading-spinner_quad-loading' url=file://Media/Manialinks/Nadeo/CMGame/Components/LoadingSpinner/LoadingSpinner.dds visible=0 pos=-55.22,73 size=15x15
[   ScriptRuntime] [  LOG] [20:35:52.793] [_W7Probe]  W7:     FAILED id='Trackmania_Button_quad-image' url=file://Media/Manialinks/Nadeo/CMGame/Utils/Icons/128x128/ICON_ARROW_LEFT_OBLIQUE.dds visible=1 pos=-157.28,76.5 size=7x7
[   ScriptRuntime] [  LOG] [20:35:52.793] [_W7Probe]  W7:     FAILED id='Trackmania_Button_quad-focus-background' url=file://Media/Manialinks/Nadeo/CMGame/Utils/Icons/128x128/ICON_ARROW_LEFT_OBLIQUE.dds visible=0 pos=-157.28,76.5 size=7x7
[   ScriptRuntime] [  LOG] [20:35:52.793] [_W7Probe]  W7:     FAILED id='menu-libs-loading-spinner_quad-loading' url=file://Media/Manialinks/Nadeo/CMGame/Components/LoadingSpinner/LoadingSpinner.dds visible=0 pos=-153.78,73 size=15x15
[   ScriptRuntime] [  LOG] [20:35:52.793] [_W7Probe]  W7:     FAILED id='Trackmania_Button_quad-image' url=file://Media/Manialinks/Nadeo/CMGame/Utils/Icons/128x128/ICON_ARROW_RIGHT_OBLIQUE.dds visible=1 pos=107.914,-61.9666 size=5.6x5.6
[   ScriptRuntime] [  LOG] [20:35:52.794] [_W7Probe]  W7:     FAILED id='Trackmania_Button_quad-focus-background' url=file://Media/Manialinks/Nadeo/CMGame/Utils/Icons/128x128/ICON_ARROW_RIGHT_OBLIQUE.dds visible=0 pos=107.914,-61.9666 size=5.6x5.6
[   ScriptRuntime] [  LOG] [20:35:52.794] [_W7Probe]  W7:     FAILED id='menu-libs-loading-spinner_quad-loading' url=file://Media/Manialinks/Nadeo/CMGame/Components/LoadingSpinner/LoadingSpinner.dds visible=0 pos=110.714,-64.7666 size=15x15
[   ScriptRuntime] [  LOG] [20:35:52.794] [_W7Probe]  W7:     FAILED id='Trackmania_Button_quad-image' url=file://Media/Manialinks/Nadeo/CMGame/Utils/Icons/128x128/ICON_ARROW_LEFT_OBLIQUE.dds visible=1 pos=39.8687,-61.9666 size=5.6x5.6
[   ScriptRuntime] [  LOG] [20:35:52.794] [_W7Probe]  W7:     FAILED id='Trackmania_Button_quad-focus-background' url=file://Media/Manialinks/Nadeo/CMGame/Utils/Icons/128x128/ICON_ARROW_LEFT_OBLIQUE.dds visible=0 pos=39.8687,-61.9666 size=5.6x5.6
[   ScriptRuntime] [  LOG] [20:35:52.794] [_W7Probe]  W7:     FAILED id='menu-libs-loading-spinner_quad-loading' url=file://Media/Manialinks/Nadeo/CMGame/Components/LoadingSpinner/LoadingSpinner.dds visible=0 pos=42.6687,-64.7666 size=15x15
[   ScriptRuntime] [  LOG] [20:35:52.794] [_W7Probe]  W7:     FAILED id='Trackmania_Button_quad-image' url=file://Media/Manialinks/Nadeo/CMGame/Utils/Icons/128x128/ICON_ARROW_RIGHT_OBLIQUE.dds visible=1 pos=109.913,-50.6333 size=5.6x5.6
[   ScriptRuntime] [  LOG] [20:35:52.794] [_W7Probe]  W7:     FAILED id='Trackmania_Button_quad-focus-background' url=file://Media/Manialinks/Nadeo/CMGame/Utils/Icons/128x128/ICON_ARROW_RIGHT_OBLIQUE.dds visible=0 pos=109.913,-50.6333 size=5.6x5.6
[   ScriptRuntime] [  LOG] [20:35:52.794] [_W7Probe]  W7:     FAILED id='menu-libs-loading-spinner_quad-loading' url=file://Media/Manialinks/Nadeo/CMGame/Components/LoadingSpinner/LoadingSpinner.dds visible=0 pos=112.713,-53.4333 size=15x15
[   ScriptRuntime] [  LOG] [20:35:52.794] [_W7Probe]  W7:     FAILED id='Trackmania_Button_quad-image' url=file://Media/Manialinks/Nadeo/CMGame/Utils/Icons/128x128/ICON_ARROW_LEFT_OBLIQUE.dds visible=1 pos=41.867,-50.6333 size=5.6x5.6
[   ScriptRuntime] [  LOG] [20:35:52.794] [_W7Probe]  W7:     FAILED id='Trackmania_Button_quad-focus-background' url=file://Media/Manialinks/Nadeo/CMGame/Utils/Icons/128x128/ICON_ARROW_LEFT_OBLIQUE.dds visible=0 pos=41.867,-50.6333 size=5.6x5.6
[   ScriptRuntime] [  LOG] [20:35:52.794] [_W7Probe]  W7:     FAILED id='menu-libs-loading-spinner_quad-loading' url=file://Media/Manialinks/Nadeo/CMGame/Components/LoadingSpinner/LoadingSpinner.dds visible=0 pos=44.667,-53.4333 size=15x15
[   ScriptRuntime] [  LOG] [20:35:52.794] [_W7Probe]  W7:     FAILED id='Trackmania_Button_quad-image' url=file://Media/Manialinks/Nadeo/CMGame/Utils/Icons/128x128/ICON_ARROW_RIGHT_OBLIQUE.dds visible=1 pos=111.911,-39.3 size=5.6x5.6
[   ScriptRuntime] [  LOG] [20:35:52.794] [_W7Probe]  W7:     FAILED id='Trackmania_Button_quad-focus-background' url=file://Media/Manialinks/Nadeo/CMGame/Utils/Icons/128x128/ICON_ARROW_RIGHT_OBLIQUE.dds visible=0 pos=111.911,-39.3 size=5.6x5.6
[   ScriptRuntime] [  LOG] [20:35:52.794] [_W7Probe]  W7:     FAILED id='menu-libs-loading-spinner_quad-loading' url=file://Media/Manialinks/Nadeo/CMGame/Components/LoadingSpinner/LoadingSpinner.dds visible=0 pos=114.711,-42.1 size=15x15
[   ScriptRuntime] [  LOG] [20:35:52.794] [_W7Probe]  W7:     FAILED id='Trackmania_Button_quad-image' url=file://Media/Manialinks/Nadeo/CMGame/Utils/Icons/128x128/ICON_ARROW_LEFT_OBLIQUE.dds visible=1 pos=43.8654,-39.3 size=5.6x5.6
[   ScriptRuntime] [  LOG] [20:35:52.794] [_W7Probe]  W7:     FAILED id='Trackmania_Button_quad-focus-background' url=file://Media/Manialinks/Nadeo/CMGame/Utils/Icons/128x128/ICON_ARROW_LEFT_OBLIQUE.dds visible=0 pos=43.8654,-39.3 size=5.6x5.6
[   ScriptRuntime] [  LOG] [20:35:52.794] [_W7Probe]  W7:     FAILED id='menu-libs-loading-spinner_quad-loading' url=file://Media/Manialinks/Nadeo/CMGame/Components/LoadingSpinner/LoadingSpinner.dds visible=0 pos=46.6654,-42.1 size=15x15
[   ScriptRuntime] [  LOG] [20:35:52.794] [_W7Probe]  W7:     FAILED id='Trackmania_Button_quad-image' url=file://Media/Manialinks/Nadeo/CMGame/Utils/Icons/128x128/ICON_ARROW_RIGHT_OBLIQUE.dds visible=1 pos=113.909,-27.9667 size=5.6x5.6
[   ScriptRuntime] [  LOG] [20:35:52.794] [_W7Probe]  W7:     FAILED id='Trackmania_Button_quad-focus-background' url=file://Media/Manialinks/Nadeo/CMGame/Utils/Icons/128x128/ICON_ARROW_RIGHT_OBLIQUE.dds visible=0 pos=113.909,-27.9667 size=5.6x5.6
[   ScriptRuntime] [  LOG] [20:35:52.794] [_W7Probe]  W7:     FAILED id='menu-libs-loading-spinner_quad-loading' url=file://Media/Manialinks/Nadeo/CMGame/Components/LoadingSpinner/LoadingSpinner.dds visible=0 pos=116.709,-30.7667 size=15x15
[   ScriptRuntime] [  LOG] [20:35:52.794] [_W7Probe]  W7:     FAILED id='Trackmania_Button_quad-image' url=file://Media/Manialinks/Nadeo/CMGame/Utils/Icons/128x128/ICON_ARROW_LEFT_OBLIQUE.dds visible=1 pos=45.8638,-27.9667 size=5.6x5.6
[   ScriptRuntime] [  LOG] [20:35:52.794] [_W7Probe]  W7:     FAILED id='Trackmania_Button_quad-focus-background' url=file://Media/Manialinks/Nadeo/CMGame/Utils/Icons/128x128/ICON_ARROW_LEFT_OBLIQUE.dds visible=0 pos=45.8638,-27.9667 size=5.6x5.6
[   ScriptRuntime] [  LOG] [20:35:52.794] [_W7Probe]  W7:     FAILED id='menu-libs-loading-spinner_quad-loading' url=file://Media/Manialinks/Nadeo/CMGame/Components/LoadingSpinner/LoadingSpinner.dds visible=0 pos=48.6638,-30.7667 size=15x15
[   ScriptRuntime] [  LOG] [20:35:52.794] [_W7Probe]  W7:     FAILED id='Trackmania_Button_quad-image' url=file://Media/Manialinks/Nadeo/CMGame/Utils/Icons/128x128/ICON_ARROW_RIGHT_OBLIQUE.dds visible=1 pos=115.908,-16.6333 size=5.6x5.6
[   ScriptRuntime] [  LOG] [20:35:52.794] [_W7Probe]  W7:     FAILED id='Trackmania_Button_quad-focus-background' url=file://Media/Manialinks/Nadeo/CMGame/Utils/Icons/128x128/ICON_ARROW_RIGHT_OBLIQUE.dds visible=0 pos=115.908,-16.6333 size=5.6x5.6
[   ScriptRuntime] [  LOG] [20:35:52.794] [_W7Probe]  W7:     FAILED id='menu-libs-loading-spinner_quad-loading' url=file://Media/Manialinks/Nadeo/CMGame/Components/LoadingSpinner/LoadingSpinner.dds visible=0 pos=118.708,-19.4333 size=15x15
[   ScriptRuntime] [  LOG] [20:35:52.794] [_W7Probe]  W7:     FAILED id='Trackmania_Button_quad-image' url=file://Media/Manialinks/Nadeo/CMGame/Utils/Icons/128x128/ICON_ARROW_LEFT_OBLIQUE.dds visible=1 pos=47.8621,-16.6333 size=5.6x5.6
[   ScriptRuntime] [  LOG] [20:35:52.794] [_W7Probe]  W7:     FAILED id='Trackmania_Button_quad-focus-background' url=file://Media/Manialinks/Nadeo/CMGame/Utils/Icons/128x128/ICON_ARROW_LEFT_OBLIQUE.dds visible=0 pos=47.8621,-16.6333 size=5.6x5.6
[   ScriptRuntime] [  LOG] [20:35:52.794] [_W7Probe]  W7:     FAILED id='menu-libs-loading-spinner_quad-loading' url=file://Media/Manialinks/Nadeo/CMGame/Components/LoadingSpinner/LoadingSpinner.dds visible=0 pos=50.6621,-19.4333 size=15x15
[   ScriptRuntime] [  LOG] [20:35:52.794] [_W7Probe]  W7:     FAILED id='Trackmania_Button_quad-image' url=file://Media/Manialinks/Nadeo/CMGame/Utils/Icons/128x128/ICON_ARROW_RIGHT_OBLIQUE.dds visible=1 pos=117.906,-5.29999 size=5.6x5.6
[   ScriptRuntime] [  LOG] [20:35:52.794] [_W7Probe]  W7:     FAILED id='Trackmania_Button_quad-focus-background' url=file://Media/Manialinks/Nadeo/CMGame/Utils/Icons/128x128/ICON_ARROW_RIGHT_OBLIQUE.dds visible=0 pos=117.906,-5.29999 size=5.6x5.6
[   ScriptRuntime] [  LOG] [20:35:52.794] [_W7Probe]  W7:     FAILED id='menu-libs-loading-spinner_quad-loading' url=file://Media/Manialinks/Nadeo/CMGame/Components/LoadingSpinner/LoadingSpinner.dds visible=0 pos=120.706,-8.09999 size=15x15
[   ScriptRuntime] [  LOG] [20:35:52.794] [_W7Probe]  W7:     FAILED id='Trackmania_Button_quad-image' url=file://Media/Manialinks/Nadeo/CMGame/Utils/Icons/128x128/ICON_ARROW_LEFT_OBLIQUE.dds visible=1 pos=49.8605,-5.29999 size=5.6x5.6
[   ScriptRuntime] [  LOG] [20:35:52.794] [_W7Probe]  W7:     FAILED id='Trackmania_Button_quad-focus-background' url=file://Media/Manialinks/Nadeo/CMGame/Utils/Icons/128x128/ICON_ARROW_LEFT_OBLIQUE.dds visible=0 pos=49.8605,-5.29999 size=5.6x5.6
[   ScriptRuntime] [  LOG] [20:35:52.794] [_W7Probe]  W7:     FAILED id='menu-libs-loading-spinner_quad-loading' url=file://Media/Manialinks/Nadeo/CMGame/Components/LoadingSpinner/LoadingSpinner.dds visible=0 pos=52.6605,-8.09999 size=15x15
[   ScriptRuntime] [  LOG] [20:35:52.794] [_W7Probe]  W7:     FAILED id='Trackmania_Button_quad-image' url=file://Media/Manialinks/Nadeo/CMGame/Utils/Icons/128x128/ICON_ARROW_RIGHT_OBLIQUE.dds visible=1 pos=119.905,6.03334 size=5.6x5.6
[   ScriptRuntime] [  LOG] [20:35:52.794] [_W7Probe]  W7:     FAILED id='Trackmania_Button_quad-focus-background' url=file://Media/Manialinks/Nadeo/CMGame/Utils/Icons/128x128/ICON_ARROW_RIGHT_OBLIQUE.dds visible=0 pos=119.905,6.03334 size=5.6x5.6
[   ScriptRuntime] [  LOG] [20:35:52.794] [_W7Probe]  W7:     FAILED id='menu-libs-loading-spinner_quad-loading' url=file://Media/Manialinks/Nadeo/CMGame/Components/LoadingSpinner/LoadingSpinner.dds visible=0 pos=122.705,3.23334 size=15x15
[   ScriptRuntime] [  LOG] [20:35:52.794] [_W7Probe]  W7:     FAILED id='Trackmania_Button_quad-image' url=file://Media/Manialinks/Nadeo/CMGame/Utils/Icons/128x128/ICON_ARROW_LEFT_OBLIQUE.dds visible=1 pos=51.8589,6.03334 size=5.6x5.6
[   ScriptRuntime] [  LOG] [20:35:52.794] [_W7Probe]  W7:     FAILED id='Trackmania_Button_quad-focus-background' url=file://Media/Manialinks/Nadeo/CMGame/Utils/Icons/128x128/ICON_ARROW_LEFT_OBLIQUE.dds visible=0 pos=51.8589,6.03334 size=5.6x5.6
[   ScriptRuntime] [  LOG] [20:35:52.794] [_W7Probe]  W7:     FAILED id='menu-libs-loading-spinner_quad-loading' url=file://Media/Manialinks/Nadeo/CMGame/Components/LoadingSpinner/LoadingSpinner.dds visible=0 pos=54.6589,3.23334 size=15x15
[   ScriptRuntime] [  LOG] [20:35:52.794] [_W7Probe]  W7:     FAILED id='Trackmania_Button_quad-image' url=file://Media/Manialinks/Nadeo/CMGame/Utils/Icons/128x128/ICON_ARROW_RIGHT_OBLIQUE.dds visible=1 pos=121.903,17.3667 size=5.6x5.6
[   ScriptRuntime] [  LOG] [20:35:52.794] [_W7Probe]  W7:     FAILED id='Trackmania_Button_quad-focus-background' url=file://Media/Manialinks/Nadeo/CMGame/Utils/Icons/128x128/ICON_ARROW_RIGHT_OBLIQUE.dds visible=0 pos=121.903,17.3667 size=5.6x5.6
[   ScriptRuntime] [  LOG] [20:35:52.794] [_W7Probe]  W7:     FAILED id='menu-libs-loading-spinner_quad-loading' url=file://Media/Manialinks/Nadeo/CMGame/Components/LoadingSpinner/LoadingSpinner.dds visible=0 pos=124.703,14.5667 size=15x15
[   ScriptRuntime] [  LOG] [20:35:52.794] [_W7Probe]  W7:     FAILED id='Trackmania_Button_quad-image' url=file://Media/Manialinks/Nadeo/CMGame/Utils/Icons/128x128/ICON_ARROW_LEFT_OBLIQUE.dds visible=1 pos=53.8573,17.3667 size=5.6x5.6
[   ScriptRuntime] [  LOG] [20:35:52.794] [_W7Probe]  W7:     FAILED id='Trackmania_Button_quad-focus-background' url=file://Media/Manialinks/Nadeo/CMGame/Utils/Icons/128x128/ICON_ARROW_LEFT_OBLIQUE.dds visible=0 pos=53.8573,17.3667 size=5.6x5.6
[   ScriptRuntime] [  LOG] [20:35:52.795] [_W7Probe]  W7:     FAILED id='menu-libs-loading-spinner_quad-loading' url=file://Media/Manialinks/Nadeo/CMGame/Components/LoadingSpinner/LoadingSpinner.dds visible=0 pos=56.6573,14.5667 size=15x15
[   ScriptRuntime] [  LOG] [20:35:52.795] [_W7Probe]  W7:     FAILED id='Trackmania_Button_quad-image' url=file://Media/Manialinks/Nadeo/CMGame/Utils/Icons/128x128/ICON_ARROW_RIGHT_OBLIQUE.dds visible=1 pos=123.901,28.7 size=5.6x5.6
[   ScriptRuntime] [  LOG] [20:35:52.795] [_W7Probe]  W7:     FAILED id='Trackmania_Button_quad-focus-background' url=file://Media/Manialinks/Nadeo/CMGame/Utils/Icons/128x128/ICON_ARROW_RIGHT_OBLIQUE.dds visible=0 pos=123.901,28.7 size=5.6x5.6
[   ScriptRuntime] [  LOG] [20:35:52.795] [_W7Probe]  W7:     FAILED id='menu-libs-loading-spinner_quad-loading' url=file://Media/Manialinks/Nadeo/CMGame/Components/LoadingSpinner/LoadingSpinner.dds visible=0 pos=126.701,25.9 size=15x15
[   ScriptRuntime] [  LOG] [20:35:52.795] [_W7Probe]  W7:     FAILED id='Trackmania_Button_quad-image' url=file://Media/Manialinks/Nadeo/CMGame/Utils/Icons/128x128/ICON_ARROW_LEFT_OBLIQUE.dds visible=1 pos=55.8556,28.7 size=5.6x5.6
[   ScriptRuntime] [  LOG] [20:35:52.795] [_W7Probe]  W7:     FAILED id='Trackmania_Button_quad-focus-background' url=file://Media/Manialinks/Nadeo/CMGame/Utils/Icons/128x128/ICON_ARROW_LEFT_OBLIQUE.dds visible=0 pos=55.8556,28.7 size=5.6x5.6
[   ScriptRuntime] [  LOG] [20:35:52.795] [_W7Probe]  W7:     FAILED id='menu-libs-loading-spinner_quad-loading' url=file://Media/Manialinks/Nadeo/CMGame/Components/LoadingSpinner/LoadingSpinner.dds visible=0 pos=58.6556,25.9 size=15x15
[   ScriptRuntime] [  LOG] [20:35:52.795] [_W7Probe]  W7:     FAILED id='Trackmania_Button_quad-image' url=file://Media/Manialinks/Nadeo/CMGame/Utils/Icons/128x128/ICON_ARROW_RIGHT_OBLIQUE.dds visible=1 pos=125.9,40.0333 size=5.6x5.6
[   ScriptRuntime] [  LOG] [20:35:52.795] [_W7Probe]  W7:     FAILED id='Trackmania_Button_quad-focus-background' url=file://Media/Manialinks/Nadeo/CMGame/Utils/Icons/128x128/ICON_ARROW_RIGHT_OBLIQUE.dds visible=0 pos=125.9,40.0333 size=5.6x5.6
[   ScriptRuntime] [  LOG] [20:35:52.795] [_W7Probe]  W7:     FAILED id='menu-libs-loading-spinner_quad-loading' url=file://Media/Manialinks/Nadeo/CMGame/Components/LoadingSpinner/LoadingSpinner.dds visible=0 pos=128.7,37.2333 size=15x15
[   ScriptRuntime] [  LOG] [20:35:52.795] [_W7Probe]  W7:     FAILED id='Trackmania_Button_quad-image' url=file://Media/Manialinks/Nadeo/CMGame/Utils/Icons/128x128/ICON_ARROW_LEFT_OBLIQUE.dds visible=1 pos=57.854,40.0333 size=5.6x5.6
[   ScriptRuntime] [  LOG] [20:35:52.795] [_W7Probe]  W7:     FAILED id='Trackmania_Button_quad-focus-background' url=file://Media/Manialinks/Nadeo/CMGame/Utils/Icons/128x128/ICON_ARROW_LEFT_OBLIQUE.dds visible=0 pos=57.854,40.0333 size=5.6x5.6
[   ScriptRuntime] [  LOG] [20:35:52.795] [_W7Probe]  W7:     FAILED id='menu-libs-loading-spinner_quad-loading' url=file://Media/Manialinks/Nadeo/CMGame/Components/LoadingSpinner/LoadingSpinner.dds visible=0 pos=60.654,37.2333 size=15x15
[   ScriptRuntime] [  LOG] [20:35:52.795] [_W7Probe]  W7:     FAILED id='menu-libs-scroll_quad-scroll-indicator' url=file://Media/Manialinks/Nadeo/CMGame/Utils/Icons/128x128/ICON_ARROW_BOTTOM_OBLIQUE.dds visible=0 pos=54.7,-20.5 size=8x8
[   ScriptRuntime] [  LOG] [20:35:52.795] [_W7Probe]  W7:     FAILED id='menu-libs-scroll_quad-top' url=file://Media/Manialinks/Nadeo/CMGame/Components/Scroll/ScrollBar_TopBottom.dds visible=1 pos=147.7,39.5 size=2x1
[   ScriptRuntime] [  LOG] [20:35:52.795] [_W7Probe]  W7:     FAILED id='menu-libs-scroll_quad-center' url=file://Media/Manialinks/Nadeo/CMGame/Components/Scroll/ScrollBar_Center.dds visible=1 pos=147.7,39.5 size=2x51
[   ScriptRuntime] [  LOG] [20:35:52.795] [_W7Probe]  W7:     FAILED id='menu-libs-scroll_quad-bottom' url=file://Media/Manialinks/Nadeo/CMGame/Components/Scroll/ScrollBar_TopBottom.dds visible=1 pos=147.7,-11.5 size=2x1
[   ScriptRuntime] [  LOG] [20:35:52.795] [_W7Probe]  W7:     FAILED id='menu-libs-scroll_quad-top' url=file://Media/Manialinks/Nadeo/CMGame/Components/Scroll/ScrollBar_TopBottom.dds visible=1 pos=147.7,39.5 size=2x1
[   ScriptRuntime] [  LOG] [20:35:52.795] [_W7Probe]  W7:     FAILED id='menu-libs-scroll_quad-center' url=file://Media/Manialinks/Nadeo/CMGame/Components/Scroll/ScrollBar_Center.dds visible=1 pos=147.7,39.5 size=2x51
[   ScriptRuntime] [  LOG] [20:35:52.795] [_W7Probe]  W7:     FAILED id='menu-libs-scroll_quad-bottom' url=file://Media/Manialinks/Nadeo/CMGame/Components/Scroll/ScrollBar_TopBottom.dds visible=1 pos=147.7,-11.5 size=2x1
[   ScriptRuntime] [  LOG] [20:35:52.795] [_W7Probe]  W7:     FAILED id='menu-libs-scroll_quad-scroll-indicator' url=file://Media/Manialinks/Nadeo/CMGame/Utils/Icons/128x128/ICON_ARROW_BOTTOM.dds visible=1 pos=-0,-78 size=10x10
[   ScriptRuntime] [  LOG] [20:35:52.795] [_W7Probe]  W7:     FAILED id='menu-libs-scroll_quad-top' url=file://Media/Manialinks/Nadeo/CMGame/Components/Scroll/ScrollBar_TopBottom.dds visible=1 pos=152,69 size=2x1
[   ScriptRuntime] [  LOG] [20:35:52.795] [_W7Probe]  W7:     FAILED id='menu-libs-scroll_quad-center' url=file://Media/Manialinks/Nadeo/CMGame/Components/Scroll/ScrollBar_Center.dds visible=1 pos=152,69 size=2x128
[   ScriptRuntime] [  LOG] [20:35:52.795] [_W7Probe]  W7:     FAILED id='menu-libs-scroll_quad-bottom' url=file://Media/Manialinks/Nadeo/CMGame/Components/Scroll/ScrollBar_TopBottom.dds visible=1 pos=152,-59 size=2x1
[   ScriptRuntime] [  LOG] [20:35:52.795] [_W7Probe]  W7:     FAILED id='menu-libs-scroll_quad-top' url=file://Media/Manialinks/Nadeo/CMGame/Components/Scroll/ScrollBar_TopBottom.dds visible=1 pos=152,69 size=2x1
[   ScriptRuntime] [  LOG] [20:35:52.795] [_W7Probe]  W7:     FAILED id='menu-libs-scroll_quad-center' url=file://Media/Manialinks/Nadeo/CMGame/Components/Scroll/ScrollBar_Center.dds visible=1 pos=152,69 size=2x8
[   ScriptRuntime] [  LOG] [20:35:52.795] [_W7Probe]  W7:     FAILED id='menu-libs-scroll_quad-bottom' url=file://Media/Manialinks/Nadeo/CMGame/Components/Scroll/ScrollBar_TopBottom.dds visible=1 pos=152,61 size=2x1
[   ScriptRuntime] [  LOG] [20:35:52.795] [_W7Probe]  W7:     FAILED id='menu-libs-scroll_quad-scroll-indicator' url=file://Media/Manialinks/Nadeo/CMGame/Utils/Icons/128x128/ICON_ARROW_BOTTOM_OBLIQUE.dds visible=1 pos=-8.5,-68.1 size=12x12
[   ScriptRuntime] [  LOG] [20:35:52.795] [_W7Probe]  W7:     FAILED id='menu-libs-scroll_quad-top' url=file://Media/Manialinks/Nadeo/CMGame/Components/Scroll/ScrollBar_TopBottom.dds visible=1 pos=143.5,40.9 size=2x1
[   ScriptRuntime] [  LOG] [20:35:52.795] [_W7Probe]  W7:     FAILED id='menu-libs-scroll_quad-center' url=file://Media/Manialinks/Nadeo/CMGame/Components/Scroll/ScrollBar_Center.dds visible=1 pos=143.5,40.9 size=2x98
[   ScriptRuntime] [  LOG] [20:35:52.795] [_W7Probe]  W7:     FAILED id='menu-libs-scroll_quad-bottom' url=file://Media/Manialinks/Nadeo/CMGame/Components/Scroll/ScrollBar_TopBottom.dds visible=1 pos=143.5,-57.1 size=2x1
[   ScriptRuntime] [  LOG] [20:35:52.795] [_W7Probe]  W7:     FAILED id='menu-libs-scroll_quad-top' url=file://Media/Manialinks/Nadeo/CMGame/Components/Scroll/ScrollBar_TopBottom.dds visible=1 pos=143.5,40.9 size=2x1
[   ScriptRuntime] [  LOG] [20:35:52.795] [_W7Probe]  W7:     FAILED id='menu-libs-scroll_quad-center' url=file://Media/Manialinks/Nadeo/CMGame/Components/Scroll/ScrollBar_Center.dds visible=1 pos=143.5,40.9 size=2x72.6269
[   ScriptRuntime] [  LOG] [20:35:52.795] [_W7Probe]  W7:     FAILED id='menu-libs-scroll_quad-bottom' url=file://Media/Manialinks/Nadeo/CMGame/Components/Scroll/ScrollBar_TopBottom.dds visible=1 pos=143.5,-31.7269 size=2x1
[   ScriptRuntime] [  LOG] [20:35:52.795] [_W7Probe]  W7:     FAILED id='menu-libs-scroll_quad-scroll-indicator' url=file://Media/Manialinks/Nadeo/CMGame/Utils/Icons/128x128/ICON_ARROW_BOTTOM_OBLIQUE.dds visible=0 pos=-6.1498,-40 size=10x10
[   ScriptRuntime] [  LOG] [20:35:52.795] [_W7Probe]  W7:     FAILED id='menu-libs-scroll_quad-top' url=file://Media/Manialinks/Nadeo/CMGame/Components/Scroll/ScrollBar_TopBottom.dds visible=1 pos=60.8502,18 size=2x1
[   ScriptRuntime] [  LOG] [20:35:52.795] [_W7Probe]  W7:     FAILED id='menu-libs-scroll_quad-center' url=file://Media/Manialinks/Nadeo/CMGame/Components/Scroll/ScrollBar_Center.dds visible=1 pos=60.8502,18 size=2x48
[   ScriptRuntime] [  LOG] [20:35:52.795] [_W7Probe]  W7:     FAILED id='menu-libs-scroll_quad-bottom' url=file://Media/Manialinks/Nadeo/CMGame/Components/Scroll/ScrollBar_TopBottom.dds visible=1 pos=60.8502,-30 size=2x1
[   ScriptRuntime] [  LOG] [20:35:52.795] [_W7Probe]  W7:     FAILED id='menu-libs-scroll_quad-top' url=file://Media/Manialinks/Nadeo/CMGame/Components/Scroll/ScrollBar_TopBottom.dds visible=1 pos=60.8502,18 size=2x1
[   ScriptRuntime] [  LOG] [20:35:52.795] [_W7Probe]  W7:     FAILED id='menu-libs-scroll_quad-center' url=file://Media/Manialinks/Nadeo/CMGame/Components/Scroll/ScrollBar_Center.dds visible=1 pos=60.8502,18 size=2x48
[   ScriptRuntime] [  LOG] [20:35:52.795] [_W7Probe]  W7:     FAILED id='menu-libs-scroll_quad-bottom' url=file://Media/Manialinks/Nadeo/CMGame/Components/Scroll/ScrollBar_TopBottom.dds visible=1 pos=60.8502,-30 size=2x1
[   ScriptRuntime] [  LOG] [20:35:52.795] [_W7Probe]  W7:     FAILED id='button-icon-2_quad-key-icon' url=file://Media/Manialinks/Nadeo/CMGame/Components/PadButtons/PC/ControllerInfo_PC_Base.dds visible=1 pos=-158.7,-69.4 size=7.2x7.2
[   ScriptRuntime] [  LOG] [20:35:52.795] [_W7Probe]  W7:     FAILED id='button-icon-2_quad-key-icon' url=file://Media/Manialinks/Nadeo/CMGame/Components/PadButtons/PC/ControllerInfo_PC_PageDown.dds visible=1 pos=-11.0542,53.3 size=7.2x7.2
[   ScriptRuntime] [  LOG] [20:35:52.796] [_W7Probe]  W7:     FAILED id='button-icon-2_quad-key-icon' url=file://Media/Manialinks/Nadeo/CMGame/Components/PadButtons/PC/ControllerInfo_PC_PageUp.dds visible=1 pos=-133.962,53.3 size=7.2x7.2
[   ScriptRuntime] [  LOG] [20:35:52.796] [_W7Probe]  W7:     FAILED id='button-icon-2_quad-key-icon' url=file://Media/Manialinks/Nadeo/CMGame/Components/PadButtons/PC/ControllerInfo_PC_F2.dds visible=1 pos=-57.72,76.15 size=6.3x6.3
[   ScriptRuntime] [  LOG] [20:35:52.796] [_W7Probe]  W7:     FAILED id='button-icon-2_quad-key-icon' url=file://Media/Manialinks/Nadeo/CMGame/Components/PadButtons/PC/ControllerInfo_PC_F1.dds visible=1 pos=-157.58,76.15 size=6.3x6.3
[   ScriptRuntime] [  LOG] [20:35:52.796] [_W7Probe]  W7:     FAILED id='button-icon-2_quad-key-icon' url=file://Media/Manialinks/Nadeo/CMGame/Components/PadButtons/PC/ControllerInfo_PC_Enter.dds visible=1 pos=115.186,-63.4 size=7.2x7.2
[   ScriptRuntime] [  LOG] [20:35:52.796] [_W7Probe]  W7:     FAILED id='button-icon-2_quad-key-icon' url=file://Media/Manialinks/Nadeo/CMGame/Components/PadButtons/PC/ControllerInfo_PC_Base.dds visible=1 pos=-144.514,-63.4 size=7.2x7.2
[   ScriptRuntime] [  LOG] [20:35:52.796] [_W7Probe]  W7:     FAILED id='button-icon-2_quad-key-icon' url=file://Media/Manialinks/Nadeo/CMGame/Components/PadButtons/PC/ControllerInfo_PC_Base.dds visible=1 pos=156.4,-80.4 size=7.2x7.2
[   ScriptRuntime] [  LOG] [20:35:52.796] [_W7Probe]  W7:     FAILED id='button-icon-2_quad-key-icon' url=file://Media/Manialinks/Nadeo/CMGame/Components/PadButtons/PC/ControllerInfo_PC_Base.dds visible=1 pos=156.4,-80.4 size=7.2x7.2
[   ScriptRuntime] [  LOG] [20:35:52.796] [_W7Probe]  W7:     FAILED id='button-icon-2_quad-key-icon' url=file://Media/Manialinks/Nadeo/CMGame/Components/PadButtons/PC/ControllerInfo_PC_Base.dds visible=1 pos=156.4,-80.4 size=7.2x7.2
[   ScriptRuntime] [  LOG] [20:35:52.796] [_W7Probe]  W7:     FAILED id='button-icon-2_quad-key-icon' url=file://Media/Manialinks/Nadeo/CMGame/Components/PadButtons/PC/ControllerInfo_PC_Base.dds visible=1 pos=156.4,-80.4 size=7.2x7.2
[   ScriptRuntime] [  LOG] [20:35:52.796] [_W7Probe]  W7:     FAILED id='button-icon-2_quad-key-icon' url=file://Media/Manialinks/Nadeo/CMGame/Components/PadButtons/PC/ControllerInfo_PC_Base.dds visible=1 pos=156.4,-80.4 size=7.2x7.2
[   ScriptRuntime] [  LOG] [20:35:52.796] [_W7Probe]  W7:     FAILED id='button-icon-2_quad-key-icon' url=file://Media/Manialinks/Nadeo/CMGame/Components/PadButtons/PC/ControllerInfo_PC_Base.dds visible=1 pos=156.4,-80.4 size=7.2x7.2
[   ScriptRuntime] [  LOG] [20:35:52.796] [_W7Probe]  W7:     FAILED id='button-icon-2_quad-key-icon' url=file://Media/Manialinks/Nadeo/CMGame/Components/PadButtons/PC/ControllerInfo_PC_Base.dds visible=1 pos=156.4,-80.4 size=7.2x7.2
[   ScriptRuntime] [  LOG] [20:35:52.796] [_W7Probe]  W7:     FAILED id='button-icon-2_quad-key-icon' url=file://Media/Manialinks/Nadeo/CMGame/Components/PadButtons/PC/ControllerInfo_PC_Base.dds visible=1 pos=156.4,-80.4 size=7.2x7.2
[   ScriptRuntime] [  LOG] [20:35:52.796] [_W7Probe]  W7:     FAILED id='button-icon-2_quad-key-icon' url=file://Media/Manialinks/Nadeo/CMGame/Components/PadButtons/PC/ControllerInfo_PC_Base.dds visible=1 pos=156.4,-80.4 size=7.2x7.2
[   ScriptRuntime] [  LOG] [20:35:52.796] [_W7Probe]  W7:     FAILED id='button-icon-2_quad-key-icon' url=file://Media/Manialinks/Nadeo/CMGame/Components/PadButtons/PC/ControllerInfo_PC_Base.dds visible=1 pos=156.4,-80.4 size=7.2x7.2
[   ScriptRuntime] [  LOG] [20:35:52.796] [_W7Probe]  W7:     FAILED id='button-icon-2_quad-key-icon' url=file://Media/Manialinks/Nadeo/CMGame/Components/PadButtons/PC/ControllerInfo_PC_Base.dds visible=1 pos=156.4,-80.4 size=7.2x7.2
[   ScriptRuntime] [  LOG] [20:35:52.796] [_W7Probe]  W7:     FAILED id='button-icon-2_quad-key-icon' url=file://Media/Manialinks/Nadeo/CMGame/Components/PadButtons/PC/ControllerInfo_PC_Base.dds visible=1 pos=156.4,-80.4 size=7.2x7.2
[   ScriptRuntime] [  LOG] [20:35:52.796] [_W7Probe]  W7:     FAILED id='button-icon-2_quad-key-icon' url=file://Media/Manialinks/Nadeo/CMGame/Components/PadButtons/PC/ControllerInfo_PC_Base.dds visible=1 pos=156.4,-80.4 size=7.2x7.2
[   ScriptRuntime] [  LOG] [20:35:52.796] [_W7Probe]  W7:     FAILED id='button-icon-2_quad-key-icon' url=file://Media/Manialinks/Nadeo/CMGame/Components/PadButtons/PC/ControllerInfo_PC_Base.dds visible=1 pos=156.4,-80.4 size=7.2x7.2
[   ScriptRuntime] [  LOG] [20:35:52.796] [_W7Probe]  W7:     FAILED id='button-icon-2_quad-key-icon' url=file://Media/Manialinks/Nadeo/CMGame/Components/PadButtons/PC/ControllerInfo_PC_Base.dds visible=1 pos=156.4,-80.4 size=7.2x7.2
[   ScriptRuntime] [  LOG] [20:35:52.796] [_W7Probe]  W7:     FAILED id='button-icon-2_quad-key-icon' url=file://Media/Manialinks/Nadeo/CMGame/Components/PadButtons/PC/ControllerInfo_PC_Base.dds visible=1 pos=156.4,-80.4 size=7.2x7.2
[   ScriptRuntime] [  LOG] [20:35:52.796] [_W7Probe]  W7:     FAILED id='button-icon-2_quad-key-icon' url=file://Media/Manialinks/Nadeo/CMGame/Components/PadButtons/PC/ControllerInfo_PC_Base.dds visible=1 pos=156.4,-80.4 size=7.2x7.2
[   ScriptRuntime] [  LOG] [20:35:52.796] [_W7Probe]  W7:     FAILED id='button-icon-2_quad-key-icon' url=file://Media/Manialinks/Nadeo/CMGame/Components/PadButtons/PC/ControllerInfo_PC_Base.dds visible=1 pos=156.4,-80.4 size=7.2x7.2
[   ScriptRuntime] [  LOG] [20:35:52.796] [_W7Probe]  W7:     FAILED id='button-icon-2_quad-key-icon' url=file://Media/Manialinks/Nadeo/CMGame/Components/PadButtons/PC/ControllerInfo_PC_Base.dds visible=1 pos=184.775,-80.4 size=7.2x7.2
[   ScriptRuntime] [  LOG] [20:35:52.796] [_W7Probe]  W7:     FAILED id='button-icon-2_quad-key-icon' url=file://Media/Manialinks/Nadeo/CMGame/Components/PadButtons/PC/ControllerInfo_PC_Enter.dds visible=1 pos=156.4,-80.4 size=7.2x7.2
[   ScriptRuntime] [  LOG] [20:35:52.796] [_W7Probe]  W7:     FAILED id='button-icon-2_quad-key-icon' url=file://Media/Manialinks/Nadeo/CMGame/Components/PadButtons/PC/ControllerInfo_PC_Base.dds visible=1 pos=156.4,-80.4 size=7.2x7.2
[   ScriptRuntime] [  LOG] [20:35:52.796] [_W7Probe]  W7:     FAILED id='button-icon-2_quad-key-icon' url=file://Media/Manialinks/Nadeo/CMGame/Components/PadButtons/PC/ControllerInfo_PC_Base.dds visible=1 pos=156.4,-80.4 size=7.2x7.2
[   ScriptRuntime] [  LOG] [20:35:52.796] [_W7Probe]  W7:     FAILED id='button-icon-2_quad-key-icon' url=file://Media/Manialinks/Nadeo/CMGame/Components/PadButtons/PC/ControllerInfo_PC_Base.dds visible=1 pos=156.4,-80.4 size=7.2x7.2
[   ScriptRuntime] [  LOG] [20:35:52.796] [_W7Probe]  W7:     FAILED id='button-icon-2_quad-key-icon' url=file://Media/Manialinks/Nadeo/CMGame/Components/PadButtons/PC/ControllerInfo_PC_Base.dds visible=1 pos=156.4,-80.4 size=7.2x7.2
[   ScriptRuntime] [  LOG] [20:35:52.796] [_W7Probe]  W7:     FAILED id='button-icon-2_quad-key-icon' url=file://Media/Manialinks/Nadeo/CMGame/Components/PadButtons/PC/ControllerInfo_PC_Base.dds visible=1 pos=156.4,-80.4 size=7.2x7.2
[   ScriptRuntime] [  LOG] [20:35:52.796] [_W7Probe]  W7:     FAILED id='button-icon-2_quad-key-icon' url=file://Media/Manialinks/Nadeo/CMGame/Components/PadButtons/PC/ControllerInfo_PC_Base.dds visible=1 pos=156.4,-80.4 size=7.2x7.2
[   ScriptRuntime] [  LOG] [20:35:52.796] [_W7Probe]  W7:     FAILED id='button-icon-2_quad-key-icon' url=file://Media/Manialinks/Nadeo/CMGame/Components/PadButtons/PC/ControllerInfo_PC_Base.dds visible=1 pos=156.4,-80.4 size=7.2x7.2
[   ScriptRuntime] [  LOG] [20:35:52.796] [_W7Probe]  W7:     FAILED id='button-icon-2_quad-key-icon' url=file://Media/Manialinks/Nadeo/CMGame/Components/PadButtons/PC/ControllerInfo_PC_Base.dds visible=1 pos=156.4,-80.4 size=7.2x7.2
[   ScriptRuntime] [  LOG] [20:35:52.796] [_W7Probe]  W7:     FAILED id='button-icon-2_quad-key-icon' url=file://Media/Manialinks/Nadeo/CMGame/Components/PadButtons/PC/ControllerInfo_PC_Base.dds visible=1 pos=156.4,-80.4 size=7.2x7.2
[   ScriptRuntime] [  LOG] [20:35:52.796] [_W7Probe]  W7:     FAILED id='button-icon-2_quad-key-icon' url=file://Media/Manialinks/Nadeo/CMGame/Components/PadButtons/PC/ControllerInfo_PC_Base.dds visible=1 pos=156.4,-80.4 size=7.2x7.2
[   ScriptRuntime] [  LOG] [20:35:52.796] [_W7Probe]  W7:     FAILED id='button-icon-2_quad-key-icon' url=file://Media/Manialinks/Nadeo/CMGame/Components/PadButtons/PC/ControllerInfo_PC_Base.dds visible=1 pos=156.4,-80.4 size=7.2x7.2
[   ScriptRuntime] [  LOG] [20:35:52.796] [_W7Probe]  W7:     FAILED id='button-icon-2_quad-key-icon' url=file://Media/Manialinks/Nadeo/CMGame/Components/PadButtons/PC/ControllerInfo_PC_Base.dds visible=1 pos=156.4,-80.4 size=7.2x7.2
[   ScriptRuntime] [  LOG] [20:35:52.796] [_W7Probe]  W7:     FAILED id='button-icon-2_quad-key-icon' url=file://Media/Manialinks/Nadeo/CMGame/Components/PadButtons/PC/ControllerInfo_PC_Base.dds visible=1 pos=156.4,-80.4 size=7.2x7.2
[   ScriptRuntime] [  LOG] [20:35:52.796] [_W7Probe]  W7:     FAILED id='button-icon-2_quad-key-icon' url=file://Media/Manialinks/Nadeo/CMGame/Components/PadButtons/PC/ControllerInfo_PC_Base.dds visible=1 pos=156.4,-80.4 size=7.2x7.2
[   ScriptRuntime] [  LOG] [20:35:52.796] [_W7Probe]  W7:     FAILED id='button-icon-2_quad-key-icon' url=file://Media/Manialinks/Nadeo/CMGame/Components/PadButtons/PC/ControllerInfo_PC_Base.dds visible=1 pos=156.4,-80.4 size=7.2x7.2
[   ScriptRuntime] [  LOG] [20:35:52.796] [_W7Probe]  W7:     FAILED id='button-icon-2_quad-key-icon' url=file://Media/Manialinks/Nadeo/CMGame/Components/PadButtons/PC/ControllerInfo_PC_Base.dds visible=1 pos=156.4,-80.4 size=7.2x7.2
[   ScriptRuntime] [  LOG] [20:35:52.796] [_W7Probe]  W7:     FAILED id='button-icon-2_quad-key-icon' url=file://Media/Manialinks/Nadeo/CMGame/Components/PadButtons/PC/ControllerInfo_PC_Base.dds visible=1 pos=156.4,-80.4 size=7.2x7.2
[   ScriptRuntime] [  LOG] [20:35:52.797] [_W7Probe]  W7:     FAILED id='button-icon-2_quad-key-icon' url=file://Media/Manialinks/Nadeo/CMGame/Components/PadButtons/PC/ControllerInfo_PC_Base.dds visible=1 pos=156.4,-80.4 size=7.2x7.2
[   ScriptRuntime] [  LOG] [20:35:52.797] [_W7Probe]  W7:     FAILED id='button-icon-2_quad-key-icon' url=file://Media/Manialinks/Nadeo/CMGame/Components/PadButtons/PC/ControllerInfo_PC_Arrow_Up.dds visible=1 pos=165.4,-80.4 size=7.2x7.2
[   ScriptRuntime] [  LOG] [20:35:52.797] [_W7Probe]  W7:     FAILED id='button-icon-2_quad-key-icon' url=file://Media/Manialinks/Nadeo/CMGame/Components/PadButtons/PC/ControllerInfo_PC_Arrow_Down.dds visible=1 pos=156.4,-80.4 size=7.2x7.2
[   ScriptRuntime] [  LOG] [20:35:52.797] [_W7Probe]  W7:     FAILED id='button-icon-2_quad-key-icon' url=file://Media/Manialinks/Nadeo/CMGame/Components/PadButtons/PC/ControllerInfo_PC_Base.dds visible=1 pos=-158.7,-69.4 size=7.2x7.2
[   ScriptRuntime] [  LOG] [20:35:52.797] [_W7Probe]  W7:     FAILED id='button-icon-2_quad-key-icon' url=file://Media/Manialinks/Nadeo/CMGame/Components/PadButtons/PC/ControllerInfo_PC_Base.dds visible=1 pos=107.19,-80.4 size=7.2x7.2
[   ScriptRuntime] [  LOG] [20:35:52.797] [_W7Probe]  W7:     FAILED id='button-icon-2_quad-key-icon' url=file://Media/Manialinks/Nadeo/CMGame/Components/PadButtons/PC/ControllerInfo_PC_Base.dds visible=1 pos=107.19,-80.4 size=7.2x7.2
[   ScriptRuntime] [  LOG] [20:35:52.797] [_W7Probe]  W7:     FAILED id='button-icon-2_quad-key-icon' url=file://Media/Manialinks/Nadeo/CMGame/Components/PadButtons/PC/ControllerInfo_PC_Base.dds visible=1 pos=107.19,-80.4 size=7.2x7.2
[   ScriptRuntime] [  LOG] [20:35:52.797] [_W7Probe]  W7:     FAILED id='button-icon-2_quad-key-icon' url=file://Media/Manialinks/Nadeo/CMGame/Components/PadButtons/PC/ControllerInfo_PC_Base.dds visible=1 pos=107.19,-80.4 size=7.2x7.2
[   ScriptRuntime] [  LOG] [20:35:52.797] [_W7Probe]  W7:     FAILED id='button-icon-2_quad-key-icon' url=file://Media/Manialinks/Nadeo/CMGame/Components/PadButtons/PC/ControllerInfo_PC_Base.dds visible=1 pos=107.19,-80.4 size=7.2x7.2
[   ScriptRuntime] [  LOG] [20:35:52.797] [_W7Probe]  W7:     FAILED id='button-icon-2_quad-key-icon' url=file://Media/Manialinks/Nadeo/CMGame/Components/PadButtons/PC/ControllerInfo_PC_Base.dds visible=1 pos=107.19,-80.4 size=7.2x7.2
[   ScriptRuntime] [  LOG] [20:35:52.797] [_W7Probe]  W7:     FAILED id='button-icon-2_quad-key-icon' url=file://Media/Manialinks/Nadeo/CMGame/Components/PadButtons/PC/ControllerInfo_PC_Base.dds visible=1 pos=107.19,-80.4 size=7.2x7.2
[   ScriptRuntime] [  LOG] [20:35:52.797] [_W7Probe]  W7:     FAILED id='button-icon-2_quad-key-icon' url=file://Media/Manialinks/Nadeo/CMGame/Components/PadButtons/PC/ControllerInfo_PC_Base.dds visible=1 pos=107.19,-80.4 size=7.2x7.2
[   ScriptRuntime] [  LOG] [20:35:52.797] [_W7Probe]  W7:     FAILED id='button-icon-2_quad-key-icon' url=file://Media/Manialinks/Nadeo/CMGame/Components/PadButtons/PC/ControllerInfo_PC_Base.dds visible=1 pos=107.19,-80.4 size=7.2x7.2
[   ScriptRuntime] [  LOG] [20:35:52.797] [_W7Probe]  W7:     FAILED id='button-icon-2_quad-key-icon' url=file://Media/Manialinks/Nadeo/CMGame/Components/PadButtons/PC/ControllerInfo_PC_Base.dds visible=1 pos=107.19,-80.4 size=7.2x7.2
[   ScriptRuntime] [  LOG] [20:35:52.797] [_W7Probe]  W7:     FAILED id='button-icon-2_quad-key-icon' url=file://Media/Manialinks/Nadeo/CMGame/Components/PadButtons/PC/ControllerInfo_PC_Base.dds visible=1 pos=107.19,-80.4 size=7.2x7.2
[   ScriptRuntime] [  LOG] [20:35:52.797] [_W7Probe]  W7:     FAILED id='button-icon-2_quad-key-icon' url=file://Media/Manialinks/Nadeo/CMGame/Components/PadButtons/PC/ControllerInfo_PC_Base.dds visible=1 pos=107.19,-80.4 size=7.2x7.2
[   ScriptRuntime] [  LOG] [20:35:52.797] [_W7Probe]  W7:     FAILED id='button-icon-2_quad-key-icon' url=file://Media/Manialinks/Nadeo/CMGame/Components/PadButtons/PC/ControllerInfo_PC_Base.dds visible=1 pos=107.19,-80.4 size=7.2x7.2
[   ScriptRuntime] [  LOG] [20:35:52.797] [_W7Probe]  W7:     FAILED id='button-icon-2_quad-key-icon' url=file://Media/Manialinks/Nadeo/CMGame/Components/PadButtons/PC/ControllerInfo_PC_Base.dds visible=1 pos=107.19,-80.4 size=7.2x7.2
[   ScriptRuntime] [  LOG] [20:35:52.797] [_W7Probe]  W7:     FAILED id='button-icon-2_quad-key-icon' url=file://Media/Manialinks/Nadeo/CMGame/Components/PadButtons/PC/ControllerInfo_PC_Base.dds visible=1 pos=107.19,-80.4 size=7.2x7.2
[   ScriptRuntime] [  LOG] [20:35:52.797] [_W7Probe]  W7:     FAILED id='button-icon-2_quad-key-icon' url=file://Media/Manialinks/Nadeo/CMGame/Components/PadButtons/PC/ControllerInfo_PC_Base.dds visible=1 pos=107.19,-80.4 size=7.2x7.2
[   ScriptRuntime] [  LOG] [20:35:52.797] [_W7Probe]  W7:     FAILED id='button-icon-2_quad-key-icon' url=file://Media/Manialinks/Nadeo/CMGame/Components/PadButtons/PC/ControllerInfo_PC_Base.dds visible=1 pos=107.19,-80.4 size=7.2x7.2
[   ScriptRuntime] [  LOG] [20:35:52.797] [_W7Probe]  W7:     FAILED id='button-icon-2_quad-key-icon' url=file://Media/Manialinks/Nadeo/CMGame/Components/PadButtons/PC/ControllerInfo_PC_Base.dds visible=1 pos=107.19,-80.4 size=7.2x7.2
[   ScriptRuntime] [  LOG] [20:35:52.797] [_W7Probe]  W7:     FAILED id='button-icon-2_quad-key-icon' url=file://Media/Manialinks/Nadeo/CMGame/Components/PadButtons/PC/ControllerInfo_PC_Base.dds visible=1 pos=135.565,-80.4 size=7.2x7.2
[   ScriptRuntime] [  LOG] [20:35:52.797] [_W7Probe]  W7:     FAILED id='button-icon-2_quad-key-icon' url=file://Media/Manialinks/Nadeo/CMGame/Components/PadButtons/PC/ControllerInfo_PC_Enter.dds visible=1 pos=107.19,-80.4 size=7.2x7.2
[   ScriptRuntime] [  LOG] [20:35:52.797] [_W7Probe]  W7:     FAILED id='button-icon-2_quad-key-icon' url=file://Media/Manialinks/Nadeo/CMGame/Components/PadButtons/PC/ControllerInfo_PC_Menu.dds visible=1 pos=151.4,-69.4 size=7.2x7.2
[   ScriptRuntime] [  LOG] [20:35:52.797] [_W7Probe]  W7:     FAILED id='button-icon-2_quad-key-icon' url=file://Media/Manialinks/Nadeo/CMGame/Components/PadButtons/PC/ControllerInfo_PC_Base.dds visible=1 pos=-158.7,-69.4 size=7.2x7.2
[   ScriptRuntime] [  LOG] [20:35:52.797] [_W7Probe]  W7:     FAILED id='button-icon-2_quad-key-icon' url=file://Media/Manialinks/Nadeo/CMGame/Components/PadButtons/PC/ControllerInfo_PC_Enter.dds visible=1 pos=73.0917,-61.1666 size=7.2x7.2
[   ScriptRuntime] [  LOG] [20:35:52.797] [_W7Probe]  W7:     FAILED id='button-icon-2_quad-key-icon' url=file://Media/Manialinks/Nadeo/CMGame/Components/PadButtons/PC/ControllerInfo_PC_Enter.dds visible=1 pos=75.09,-49.8333 size=7.2x7.2
[   ScriptRuntime] [  LOG] [20:35:52.797] [_W7Probe]  W7:     FAILED id='button-icon-2_quad-key-icon' url=file://Media/Manialinks/Nadeo/CMGame/Components/PadButtons/PC/ControllerInfo_PC_Enter.dds visible=1 pos=77.0884,-38.5 size=7.2x7.2
[   ScriptRuntime] [  LOG] [20:35:52.797] [_W7Probe]  W7:     FAILED id='button-icon-2_quad-key-icon' url=file://Media/Manialinks/Nadeo/CMGame/Components/PadButtons/PC/ControllerInfo_PC_Enter.dds visible=1 pos=79.0868,-27.1667 size=7.2x7.2
[   ScriptRuntime] [  LOG] [20:35:52.797] [_W7Probe]  W7:     FAILED id='button-icon-2_quad-key-icon' url=file://Media/Manialinks/Nadeo/CMGame/Components/PadButtons/PC/ControllerInfo_PC_Enter.dds visible=1 pos=81.0851,-15.8333 size=7.2x7.2
[   ScriptRuntime] [  LOG] [20:35:52.797] [_W7Probe]  W7:     FAILED id='button-icon-2_quad-key-icon' url=file://Media/Manialinks/Nadeo/CMGame/Components/PadButtons/PC/ControllerInfo_PC_Enter.dds visible=1 pos=83.0835,-4.49999 size=7.2x7.2
[   ScriptRuntime] [  LOG] [20:35:52.797] [_W7Probe]  W7:     FAILED id='button-icon-2_quad-key-icon' url=file://Media/Manialinks/Nadeo/CMGame/Components/PadButtons/PC/ControllerInfo_PC_Enter.dds visible=1 pos=85.0819,6.83334 size=7.2x7.2
[   ScriptRuntime] [  LOG] [20:35:52.797] [_W7Probe]  W7:     FAILED id='button-icon-2_quad-key-icon' url=file://Media/Manialinks/Nadeo/CMGame/Components/PadButtons/PC/ControllerInfo_PC_Enter.dds visible=1 pos=87.0803,18.1667 size=7.2x7.2
[   ScriptRuntime] [  LOG] [20:35:52.797] [_W7Probe]  W7:     FAILED id='button-icon-2_quad-key-icon' url=file://Media/Manialinks/Nadeo/CMGame/Components/PadButtons/PC/ControllerInfo_PC_Enter.dds visible=1 pos=89.0786,29.5 size=7.2x7.2
[   ScriptRuntime] [  LOG] [20:35:52.797] [_W7Probe]  W7:     FAILED id='button-icon-2_quad-key-icon' url=file://Media/Manialinks/Nadeo/CMGame/Components/PadButtons/PC/ControllerInfo_PC_Enter.dds visible=1 pos=91.077,40.8333 size=7.2x7.2
[   ScriptRuntime] [  LOG] [20:35:52.797] [_W7Probe]  W7:     FAILED id='button-icon-2_quad-key-icon' url=file://Media/Manialinks/Nadeo/CMGame/Components/PadButtons/PC/ControllerInfo_PC_PageDown.dds visible=1 pos=65.2071,53.1 size=7.2x7.2
[   ScriptRuntime] [  LOG] [20:35:52.797] [_W7Probe]  W7:     FAILED id='button-icon-2_quad-key-icon' url=file://Media/Manialinks/Nadeo/CMGame/Components/PadButtons/PC/ControllerInfo_PC_PageUp.dds visible=1 pos=-134.362,53.1 size=7.2x7.2
[   ScriptRuntime] [  LOG] [20:35:52.797] [_W7Probe]  W7:     FAILED id='button-icon-2_quad-key-icon' url=file://Media/Manialinks/Nadeo/CMGame/Components/PadButtons/PC/ControllerInfo_PC_Enter.dds visible=1 pos=115.186,-63.4 size=7.2x7.2
[   ScriptRuntime] [  LOG] [20:35:52.797] [_W7Probe]  W7:     FAILED id='button-icon-2_quad-key-icon' url=file://Media/Manialinks/Nadeo/CMGame/Components/PadButtons/PC/ControllerInfo_PC_Base.dds visible=1 pos=-144.514,-63.4 size=7.2x7.2
[   ScriptRuntime] [  LOG] [20:35:52.797] [_W7Probe]  W7:     FAILED id='button-icon-2_quad-key-icon' url=file://Media/Manialinks/Nadeo/CMGame/Components/PadButtons/PC/ControllerInfo_PC_Base.dds visible=1 pos=21.0858,-80.4 size=7.2x7.2
[   ScriptRuntime] [  LOG] [20:35:52.797] [_W7Probe]  W7:     FAILED id='button-icon-2_quad-key-icon' url=file://Media/Manialinks/Nadeo/CMGame/Components/PadButtons/PC/ControllerInfo_PC_Base.dds visible=1 pos=21.0858,-80.4 size=7.2x7.2
[   ScriptRuntime] [  LOG] [20:35:52.798] [_W7Probe]  W7:     FAILED id='button-icon-2_quad-key-icon' url=file://Media/Manialinks/Nadeo/CMGame/Components/PadButtons/PC/ControllerInfo_PC_Base.dds visible=1 pos=21.0858,-80.4 size=7.2x7.2
[   ScriptRuntime] [  LOG] [20:35:52.798] [_W7Probe]  W7:     FAILED id='button-icon-2_quad-key-icon' url=file://Media/Manialinks/Nadeo/CMGame/Components/PadButtons/PC/ControllerInfo_PC_Base.dds visible=1 pos=21.0858,-80.4 size=7.2x7.2
[   ScriptRuntime] [  LOG] [20:35:52.798] [_W7Probe]  W7:     FAILED id='button-icon-2_quad-key-icon' url=file://Media/Manialinks/Nadeo/CMGame/Components/PadButtons/PC/ControllerInfo_PC_Base.dds visible=1 pos=21.0858,-80.4 size=7.2x7.2
[   ScriptRuntime] [  LOG] [20:35:52.798] [_W7Probe]  W7:     FAILED id='button-icon-2_quad-key-icon' url=file://Media/Manialinks/Nadeo/CMGame/Components/PadButtons/PC/ControllerInfo_PC_Base.dds visible=1 pos=21.0858,-80.4 size=7.2x7.2
[   ScriptRuntime] [  LOG] [20:35:52.798] [_W7Probe]  W7:     FAILED id='button-icon-2_quad-key-icon' url=file://Media/Manialinks/Nadeo/CMGame/Components/PadButtons/PC/ControllerInfo_PC_Base.dds visible=1 pos=21.0858,-80.4 size=7.2x7.2
[   ScriptRuntime] [  LOG] [20:35:52.798] [_W7Probe]  W7:     FAILED id='button-icon-2_quad-key-icon' url=file://Media/Manialinks/Nadeo/CMGame/Components/PadButtons/PC/ControllerInfo_PC_Base.dds visible=1 pos=21.0858,-80.4 size=7.2x7.2
[   ScriptRuntime] [  LOG] [20:35:52.798] [_W7Probe]  W7:     FAILED id='button-icon-2_quad-key-icon' url=file://Media/Manialinks/Nadeo/CMGame/Components/PadButtons/PC/ControllerInfo_PC_Base.dds visible=1 pos=21.0858,-80.4 size=7.2x7.2
[   ScriptRuntime] [  LOG] [20:35:52.798] [_W7Probe]  W7:     FAILED id='button-icon-2_quad-key-icon' url=file://Media/Manialinks/Nadeo/CMGame/Components/PadButtons/PC/ControllerInfo_PC_Base.dds visible=1 pos=21.0858,-80.4 size=7.2x7.2
[   ScriptRuntime] [  LOG] [20:35:52.798] [_W7Probe]  W7:     FAILED id='button-icon-2_quad-key-icon' url=file://Media/Manialinks/Nadeo/CMGame/Components/PadButtons/PC/ControllerInfo_PC_Base.dds visible=1 pos=21.0858,-80.4 size=7.2x7.2
[   ScriptRuntime] [  LOG] [20:35:52.798] [_W7Probe]  W7:     FAILED id='button-icon-2_quad-key-icon' url=file://Media/Manialinks/Nadeo/CMGame/Components/PadButtons/PC/ControllerInfo_PC_Base.dds visible=1 pos=21.0858,-80.4 size=7.2x7.2
[   ScriptRuntime] [  LOG] [20:35:52.798] [_W7Probe]  W7:     FAILED id='button-icon-2_quad-key-icon' url=file://Media/Manialinks/Nadeo/CMGame/Components/PadButtons/PC/ControllerInfo_PC_Base.dds visible=1 pos=21.0858,-80.4 size=7.2x7.2
[   ScriptRuntime] [  LOG] [20:35:52.798] [_W7Probe]  W7:     FAILED id='button-icon-2_quad-key-icon' url=file://Media/Manialinks/Nadeo/CMGame/Components/PadButtons/PC/ControllerInfo_PC_Base.dds visible=1 pos=21.0858,-80.4 size=7.2x7.2
[   ScriptRuntime] [  LOG] [20:35:52.798] [_W7Probe]  W7:     FAILED id='button-icon-2_quad-key-icon' url=file://Media/Manialinks/Nadeo/CMGame/Components/PadButtons/PC/ControllerInfo_PC_Base.dds visible=1 pos=21.0858,-80.4 size=7.2x7.2
[   ScriptRuntime] [  LOG] [20:35:52.798] [_W7Probe]  W7:     FAILED id='button-icon-2_quad-key-icon' url=file://Media/Manialinks/Nadeo/CMGame/Components/PadButtons/PC/ControllerInfo_PC_Base.dds visible=1 pos=21.0858,-80.4 size=7.2x7.2
[   ScriptRuntime] [  LOG] [20:35:52.798] [_W7Probe]  W7:     FAILED id='button-icon-2_quad-key-icon' url=file://Media/Manialinks/Nadeo/CMGame/Components/PadButtons/PC/ControllerInfo_PC_Base.dds visible=1 pos=134.418,-80.4 size=7.2x7.2
[   ScriptRuntime] [  LOG] [20:35:52.798] [_W7Probe]  W7:     FAILED id='button-icon-2_quad-key-icon' url=file://Media/Manialinks/Nadeo/CMGame/Components/PadButtons/PC/ControllerInfo_PC_PageDown.dds visible=1 pos=93.7149,-80.4 size=7.2x7.2
[   ScriptRuntime] [  LOG] [20:35:52.798] [_W7Probe]  W7:     FAILED id='button-icon-2_quad-key-icon' url=file://Media/Manialinks/Nadeo/CMGame/Components/PadButtons/PC/ControllerInfo_PC_PageUp.dds visible=1 pos=48.7154,-80.4 size=7.2x7.2
[   ScriptRuntime] [  LOG] [20:35:52.798] [_W7Probe]  W7:     FAILED id='button-icon-2_quad-key-icon' url=file://Media/Manialinks/Nadeo/CMGame/Components/PadButtons/PC/ControllerInfo_PC_Enter.dds visible=1 pos=21.0858,-80.4 size=7.2x7.2
[   ScriptRuntime] [  LOG] [20:35:52.798] [_W7Probe]  W7:     FAILED id='ComponentManiapubs_quad-image' url=https://trackmania-prod-media-s3.cdn.ubi.com/media/image/live-api/c02eae91-53e8-4033-8546-12e6469a024e/dds/game.dds?timestamp=1787418010.dds visible=1 pos=119.373,6.61365 size=45.63x69.3724
[   ScriptRuntime] [  LOG] [20:35:52.798] [_W7Probe]  W7:     FAILED id='ComponentManiapubs_quad-contour' url=file://Media/Manialinks/Nadeo/Trackmania/Modes/Race/Menus/CommunityAds_2x3_contour.dds visible=1 pos=119.373,6.61365 size=47.4849x71.2273
[   ScriptRuntime] [  LOG] [20:35:52.798] [_W7Probe]  W7:     FAILED id='ComponentManiapubs_quad-image' url=https://trackmania-prod-media-s3.cdn.ubi.com/media/image/live-api/f2880432-2993-4c2c-b41d-7389a68ef392/dds/game.dds?timestamp=1787418009.dds visible=1 pos=50.0076,-1.37435 size=84.6488x53.6544
[   ScriptRuntime] [  LOG] [20:35:52.798] [_W7Probe]  W7:     FAILED id='ComponentManiapubs_quad-contour' url=file://Media/Manialinks/Nadeo/Trackmania/Modes/Race/Menus/CommunityAds_64x41_contour.dds visible=1 pos=50.0076,-1.37435 size=86.246x55.2513
[   ScriptRuntime] [  LOG] [20:35:52.798] [_W7Probe]  W7:     FAILED id='ComponentManiapubs_quad-image' url=https://trackmania-prod-media-s3.cdn.ubi.com/media/image/live-api/6553f903-5e0f-46bf-b790-1b6953d0aba8/dds/game.dds?timestamp=1787418010.dds visible=1 pos=50.0076,35.4893 size=84.5072x11.7482
[   ScriptRuntime] [  LOG] [20:35:52.798] [_W7Probe]  W7:     FAILED id='ComponentManiapubs_quad-contour' url=file://Media/Manialinks/Nadeo/Trackmania/Modes/Race/Menus/CommunityAds_64x10_contour.dds visible=1 pos=50.0076,35.4893 size=86.246x13.4759
[   ScriptRuntime] [  LOG] [20:35:52.798] [_W7Probe]  W7:     FAILED id='trackmania-checkbox_quad-icon' url=file://Media/Manialinks/Nadeo/CMGame/Utils/Icons/128x128/Icones_128_icon_checkbox_square_inactive_01_oblique.dds visible=1 pos=77.8917,-64.7666 size=8x8
[   ScriptRuntime] [  LOG] [20:35:52.798] [_W7Probe]  W7:     FAILED id='trackmania-checkbox_quad-icon' url=file://Media/Manialinks/Nadeo/CMGame/Utils/Icons/128x128/Icones_128_icon_checkbox_square_inactive_01_oblique.dds visible=1 pos=79.8901,-53.4333 size=8x8
[   ScriptRuntime] [  LOG] [20:35:52.798] [_W7Probe]  W7:     FAILED id='trackmania-checkbox_quad-icon' url=file://Media/Manialinks/Nadeo/CMGame/Utils/Icons/128x128/Icones_128_icon_checkbox_square_inactive_01_oblique.dds visible=1 pos=81.8884,-42.1 size=8x8
[   ScriptRuntime] [  LOG] [20:35:52.798] [_W7Probe]  W7:     FAILED id='trackmania-checkbox_quad-icon' url=file://Media/Manialinks/Nadeo/CMGame/Utils/Icons/128x128/Icones_128_icon_checkbox_square_inactive_01_oblique.dds visible=1 pos=83.8868,-30.7667 size=8x8
[   ScriptRuntime] [  LOG] [20:35:52.798] [_W7Probe]  W7:     FAILED id='trackmania-checkbox_quad-icon' url=file://Media/Manialinks/Nadeo/CMGame/Utils/Icons/128x128/Icones_128_icon_checkbox_square_inactive_01_oblique.dds visible=1 pos=85.8852,-19.4333 size=8x8
[   ScriptRuntime] [  LOG] [20:35:52.798] [_W7Probe]  W7:     FAILED id='trackmania-checkbox_quad-icon' url=file://Media/Manialinks/Nadeo/CMGame/Utils/Icons/128x128/Icones_128_icon_checkbox_square_inactive_01_oblique.dds visible=1 pos=87.8835,-8.09999 size=8x8
[   ScriptRuntime] [  LOG] [20:35:52.798] [_W7Probe]  W7:     FAILED id='trackmania-checkbox_quad-icon' url=file://Media/Manialinks/Nadeo/CMGame/Utils/Icons/128x128/Icones_128_icon_checkbox_square_inactive_01_oblique.dds visible=1 pos=89.8819,3.23334 size=8x8
[   ScriptRuntime] [  LOG] [20:35:52.798] [_W7Probe]  W7:     FAILED id='trackmania-checkbox_quad-icon' url=file://Media/Manialinks/Nadeo/CMGame/Utils/Icons/128x128/Icones_128_icon_checkbox_square_inactive_01_oblique.dds visible=1 pos=91.8803,14.5667 size=8x8
[   ScriptRuntime] [  LOG] [20:35:52.798] [_W7Probe]  W7:     FAILED id='trackmania-checkbox_quad-icon' url=file://Media/Manialinks/Nadeo/CMGame/Utils/Icons/128x128/Icones_128_icon_checkbox_square_inactive_01_oblique.dds visible=1 pos=93.8786,25.9 size=8x8
[   ScriptRuntime] [  LOG] [20:35:52.798] [_W7Probe]  W7:     FAILED id='trackmania-checkbox_quad-icon' url=file://Media/Manialinks/Nadeo/CMGame/Utils/Icons/128x128/Icones_128_icon_checkbox_square_inactive_01_oblique.dds visible=1 pos=95.877,37.2333 size=8x8
[   ScriptRuntime] [  LOG] [20:35:52.798] [_W7Probe]  W7:     FAILED id='menu-libs-loading-spinner_quad-loading' url=file://Media/Manialinks/Nadeo/CMGame/Components/LoadingSpinner/LoadingSpinner.dds visible=0 pos=-125.5,79.75 size=15x15
[   ScriptRuntime] [  LOG] [20:35:52.798] [_W7Probe]  W7:     FAILED id='menu-libs-loading-spinner_quad-loading' url=file://Media/Manialinks/Nadeo/CMGame/Components/LoadingSpinner/LoadingSpinner.dds visible=0 pos=-125.5,79.75 size=15x15
[   ScriptRuntime] [  LOG] [20:35:52.798] [_W7Probe]  W7:     FAILED id='menu-libs-expendable-button_quad-button-icon' url=file://Media/Manialinks/Nadeo/CMGame/Utils/Icons/128x128/ICON_ARROW_RIGHT_OBLIQUE.dds visible=1 pos=48.4132,-72.8039 size=10x10
[   ScriptRuntime] [  LOG] [20:35:52.798] [_W7Probe]  W7:     FAILED id='menu-libs-expendable-button_quad-bg-right' url=file://Media/Manialinks/Nadeo/CMGame/Utils/ButtonStyles/Rounded/Common_Button_End_Rounded.dds visible=1 pos=43.1071,-65.5539 size=7.25x14.5
[   ScriptRuntime] [  LOG] [20:35:52.799] [_W7Probe]  W7:     FAILED id='menu-libs-expendable-button_quad-bg-left' url=file://Media/Manialinks/Nadeo/CMGame/Utils/ButtonStyles/Straight/Common_Button_Start_Straight.dds visible=1 pos=1.37761,-65.5539 size=7.25x14.5
[   ScriptRuntime] [  LOG] [20:35:52.799] [_W7Probe]  W7:     FAILED id='menu-libs-expendable-button_quad-bg-right' url=file://Media/Manialinks/Nadeo/CMGame/Utils/ButtonStyles/Rounded/Common_Button_End_Rounded.dds visible=1 pos=10.3776,-65.5539 size=7.25x14.5
[   ScriptRuntime] [  LOG] [20:35:52.799] [_W7Probe]  W7:     FAILED id='menu-libs-expendable-button_quad-bg-left' url=file://Media/Manialinks/Nadeo/CMGame/Utils/ButtonStyles/Straight/Common_Button_Start_Straight.dds visible=1 pos=1.37764,-65.5539 size=7.25x14.5
[   ScriptRuntime] [  LOG] [20:35:52.799] [_W7Probe]  W7:     FAILED id='menu-libs-expendable-button_quad-bg-right' url=file://Media/Manialinks/Nadeo/CMGame/Utils/ButtonStyles/Straight/Common_Button_End_Straight.dds visible=1 pos=-4.31566,-65.5539 size=7.25x14.5
[   ScriptRuntime] [  LOG] [20:35:52.799] [_W7Probe]  W7:     FAILED id='menu-libs-expendable-button_quad-bg-left' url=file://Media/Manialinks/Nadeo/CMGame/Utils/ButtonStyles/Straight/Common_Button_Start_Straight.dds visible=1 pos=-13.3157,-65.5539 size=7.25x14.5
[   ScriptRuntime] [  LOG] [20:35:52.799] [_W7Probe]  W7:     FAILED id='menu-libs-expendable-button_quad-button-icon' url=file://Media/Manialinks/Nadeo/CMGame/Utils/Icons/128x128/ICON_ARROW_LEFT_OBLIQUE.dds visible=1 pos=-73.1817,-72.8039 size=10x10
[   ScriptRuntime] [  LOG] [20:35:52.799] [_W7Probe]  W7:     FAILED id='menu-libs-expendable-button_quad-bg-right' url=file://Media/Manialinks/Nadeo/CMGame/Utils/ButtonStyles/Straight/Common_Button_End_Straight.dds visible=1 pos=-19.0089,-65.5539 size=7.25x14.5
[   ScriptRuntime] [  LOG] [20:35:52.799] [_W7Probe]  W7:     FAILED id='menu-libs-expendable-button_quad-bg-left' url=file://Media/Manialinks/Nadeo/CMGame/Utils/ButtonStyles/Straight/Common_Button_Start_Straight.dds visible=1 pos=-75.4317,-65.5539 size=7.25x14.5
[   ScriptRuntime] [  LOG] [20:35:52.799] [_W7Probe]  W7:     FAILED id='menu-libs-expendable-button_quad-focus-right' url=file://Media/Manialinks/Nadeo/CMGame/Utils/ButtonStyles/Rounded/Common_Button_Contour_End_Rounded.dds visible=1 pos=118.5,-67 size=6x12
[   ScriptRuntime] [  LOG] [20:35:52.799] [_W7Probe]  W7:     FAILED id='menu-libs-expendable-button_quad-focus-center' url=file://Media/Manialinks/Nadeo/CMGame/Utils/ButtonStyles/Rounded/Common_Button_Contour_Middle.dds visible=1 pos=94.4965,-67 size=24.0035x12
[   ScriptRuntime] [  LOG] [20:35:52.799] [_W7Probe]  W7:     FAILED id='menu-libs-expendable-button_quad-focus-left' url=file://Media/Manialinks/Nadeo/CMGame/Utils/ButtonStyles/Rounded/Common_Button_Contour_Start_Rounded.dds visible=1 pos=88.4965,-67 size=6x12
[   ScriptRuntime] [  LOG] [20:35:52.799] [_W7Probe]  W7:     FAILED id='menu-libs-expendable-button_quad-bg-right' url=file://Media/Manialinks/Nadeo/CMGame/Utils/ButtonStyles/Rounded/Common_Button_End_Rounded.dds visible=1 pos=118.5,-67 size=6x12
[   ScriptRuntime] [  LOG] [20:35:52.799] [_W7Probe]  W7:     FAILED id='menu-libs-expendable-button_quad-bg-left' url=file://Media/Manialinks/Nadeo/CMGame/Utils/ButtonStyles/Rounded/Common_Button_Start_Rounded.dds visible=1 pos=88.4965,-67 size=6x12
[   ScriptRuntime] [  LOG] [20:35:52.799] [_W7Probe]  W7:     FAILED id='menu-libs-expendable-button_quad-focus-right' url=file://Media/Manialinks/Nadeo/CMGame/Utils/ButtonStyles/Rounded/Common_Button_Contour_End_Rounded.dds visible=1 pos=94,-67 size=6x12
[   ScriptRuntime] [  LOG] [20:35:52.799] [_W7Probe]  W7:     FAILED id='menu-libs-expendable-button_quad-focus-center' url=file://Media/Manialinks/Nadeo/CMGame/Utils/ButtonStyles/Rounded/Common_Button_Contour_Middle.dds visible=1 pos=26,-67 size=68x12
[   ScriptRuntime] [  LOG] [20:35:52.799] [_W7Probe]  W7:     FAILED id='menu-libs-expendable-button_quad-focus-left' url=file://Media/Manialinks/Nadeo/CMGame/Utils/ButtonStyles/Rounded/Common_Button_Contour_Start_Rounded.dds visible=1 pos=20,-67 size=6x12
[   ScriptRuntime] [  LOG] [20:35:52.799] [_W7Probe]  W7:     FAILED id='menu-libs-expendable-button_quad-bg-right' url=file://Media/Manialinks/Nadeo/CMGame/Utils/ButtonStyles/Rounded/Common_Button_End_Rounded.dds visible=1 pos=94,-67 size=6x12
[   ScriptRuntime] [  LOG] [20:35:52.799] [_W7Probe]  W7:     FAILED id='menu-libs-expendable-button_quad-bg-left' url=file://Media/Manialinks/Nadeo/CMGame/Utils/ButtonStyles/Rounded/Common_Button_Start_Rounded.dds visible=1 pos=20,-67 size=6x12
[   ScriptRuntime] [  LOG] [20:35:52.799] [_W7Probe]  W7:     FAILED id='menu-libs-expendable-button_quad-focus-right' url=file://Media/Manialinks/Nadeo/CMGame/Utils/ButtonStyles/Rounded/Common_Button_Contour_End_Rounded.dds visible=1 pos=64,-67 size=6x12
[   ScriptRuntime] [  LOG] [20:35:52.799] [_W7Probe]  W7:     FAILED id='menu-libs-expendable-button_quad-focus-center' url=file://Media/Manialinks/Nadeo/CMGame/Utils/ButtonStyles/Rounded/Common_Button_Contour_Middle.dds visible=1 pos=-4,-67 size=68x12
[   ScriptRuntime] [  LOG] [20:35:52.799] [_W7Probe]  W7:     FAILED id='menu-libs-expendable-button_quad-focus-left' url=file://Media/Manialinks/Nadeo/CMGame/Utils/ButtonStyles/Rounded/Common_Button_Contour_Start_Rounded.dds visible=1 pos=-10,-67 size=6x12
[   ScriptRuntime] [  LOG] [20:35:52.799] [_W7Probe]  W7:     FAILED id='menu-libs-expendable-button_quad-bg-right' url=file://Media/Manialinks/Nadeo/CMGame/Utils/ButtonStyles/Rounded/Common_Button_End_Rounded.dds visible=1 pos=64,-67 size=6x12
[   ScriptRuntime] [  LOG] [20:35:52.799] [_W7Probe]  W7:     FAILED id='menu-libs-expendable-button_quad-bg-left' url=file://Media/Manialinks/Nadeo/CMGame/Utils/ButtonStyles/Rounded/Common_Button_Start_Rounded.dds visible=1 pos=-10,-67 size=6x12
[   ScriptRuntime] [  LOG] [20:35:52.799] [_W7Probe]  W7:     FAILED id='menu-libs-expendable-button_quad-button-icon' url=file://Media/Manialinks/Nadeo/CMGame/Utils/Icons/128x128/ICON_CAR_01.dds visible=1 pos=83.0609,-73 size=9.6x9.6
[   ScriptRuntime] [  LOG] [20:35:52.799] [_W7Probe]  W7:     FAILED id='menu-libs-expendable-button_quad-focus-right' url=file://Media/Manialinks/Nadeo/CMGame/Utils/ButtonStyles/Rounded/Common_Button_Contour_End_Rounded.dds visible=1 pos=118.5,-67 size=6x12
[   ScriptRuntime] [  LOG] [20:35:52.799] [_W7Probe]  W7:     FAILED id='menu-libs-expendable-button_quad-focus-center' url=file://Media/Manialinks/Nadeo/CMGame/Utils/ButtonStyles/Rounded/Common_Button_Contour_Middle.dds visible=1 pos=83.0609,-67 size=35.4391x12
[   ScriptRuntime] [  LOG] [20:35:52.799] [_W7Probe]  W7:     FAILED id='menu-libs-expendable-button_quad-focus-left' url=file://Media/Manialinks/Nadeo/CMGame/Utils/ButtonStyles/Rounded/Common_Button_Contour_Start_Rounded.dds visible=1 pos=77.0609,-67 size=6x12
[   ScriptRuntime] [  LOG] [20:35:52.799] [_W7Probe]  W7:     FAILED id='menu-libs-expendable-button_quad-bg-right' url=file://Media/Manialinks/Nadeo/CMGame/Utils/ButtonStyles/Rounded/Common_Button_End_Rounded.dds visible=1 pos=118.5,-67 size=6x12
[   ScriptRuntime] [  LOG] [20:35:52.799] [_W7Probe]  W7:     FAILED id='menu-libs-expendable-button_quad-bg-left' url=file://Media/Manialinks/Nadeo/CMGame/Utils/ButtonStyles/Rounded/Common_Button_Start_Rounded.dds visible=1 pos=77.0609,-67 size=6x12
[   ScriptRuntime] [  LOG] [20:35:52.799] [_W7Probe]  W7:     FAILED id='menu-libs-expendable-button_quad-focus-right' url=file://Media/Manialinks/Nadeo/CMGame/Utils/ButtonStyles/Rounded/Common_Button_Contour_End_Rounded.dds visible=1 pos=70.0609,-67 size=6x12
[   ScriptRuntime] [  LOG] [20:35:52.799] [_W7Probe]  W7:     FAILED id='menu-libs-expendable-button_quad-focus-center' url=file://Media/Manialinks/Nadeo/CMGame/Utils/ButtonStyles/Rounded/Common_Button_Contour_Middle.dds visible=1 pos=21.7287,-67 size=48.3322x12
[   ScriptRuntime] [  LOG] [20:35:52.799] [_W7Probe]  W7:     FAILED id='menu-libs-expendable-button_quad-focus-left' url=file://Media/Manialinks/Nadeo/CMGame/Utils/ButtonStyles/Rounded/Common_Button_Contour_Start_Rounded.dds visible=1 pos=15.7287,-67 size=6x12
[   ScriptRuntime] [  LOG] [20:35:52.799] [_W7Probe]  W7:     FAILED id='menu-libs-expendable-button_quad-bg-right' url=file://Media/Manialinks/Nadeo/CMGame/Utils/ButtonStyles/Rounded/Common_Button_End_Rounded.dds visible=1 pos=70.0609,-67 size=6x12
[   ScriptRuntime] [  LOG] [20:35:52.799] [_W7Probe]  W7:     FAILED id='menu-libs-expendable-button_quad-bg-left' url=file://Media/Manialinks/Nadeo/CMGame/Utils/ButtonStyles/Rounded/Common_Button_Start_Rounded.dds visible=1 pos=15.7287,-67 size=6x12
[   ScriptRuntime] [  LOG] [20:35:52.799] [_W7Probe]  W7:     FAILED id='menu-libs-expendable-button_quad-focus-right' url=file://Media/Manialinks/Nadeo/CMGame/Utils/ButtonStyles/Rounded/Common_Button_Contour_End_Rounded.dds visible=1 pos=8.72872,-67 size=6x12
[   ScriptRuntime] [  LOG] [20:35:52.799] [_W7Probe]  W7:     FAILED id='menu-libs-expendable-button_quad-focus-center' url=file://Media/Manialinks/Nadeo/CMGame/Utils/ButtonStyles/Rounded/Common_Button_Contour_Middle.dds visible=1 pos=-24.6622,-67 size=33.391x12
[   ScriptRuntime] [  LOG] [20:35:52.799] [_W7Probe]  W7:     FAILED id='menu-libs-expendable-button_quad-focus-left' url=file://Media/Manialinks/Nadeo/CMGame/Utils/ButtonStyles/Rounded/Common_Button_Contour_Start_Rounded.dds visible=1 pos=-30.6623,-67 size=6x12
[   ScriptRuntime] [  LOG] [20:35:52.799] [_W7Probe]  W7:     FAILED id='menu-libs-expendable-button_quad-bg-right' url=file://Media/Manialinks/Nadeo/CMGame/Utils/ButtonStyles/Rounded/Common_Button_End_Rounded.dds visible=1 pos=8.72872,-67 size=6x12
[   ScriptRuntime] [  LOG] [20:35:52.799] [_W7Probe]  W7:     FAILED id='menu-libs-expendable-button_quad-bg-left' url=file://Media/Manialinks/Nadeo/CMGame/Utils/ButtonStyles/Rounded/Common_Button_Start_Rounded.dds visible=1 pos=-30.6623,-67 size=6x12
[   ScriptRuntime] [  LOG] [20:35:52.799] [_W7Probe]  W7:     FAILED id='menu-libs-expendable-button_quad-focus-right' url=file://Media/Manialinks/Nadeo/CMGame/Utils/ButtonStyles/Rounded/Common_Button_Contour_End_Rounded.dds visible=1 pos=-127.5,-67 size=6x12
[   ScriptRuntime] [  LOG] [20:35:52.799] [_W7Probe]  W7:     FAILED id='menu-libs-expendable-button_quad-focus-center' url=file://Media/Manialinks/Nadeo/CMGame/Utils/ButtonStyles/Rounded/Common_Button_Contour_Middle.dds visible=1 pos=-145.5,-67 size=18x12
[   ScriptRuntime] [  LOG] [20:35:52.799] [_W7Probe]  W7:     FAILED id='menu-libs-expendable-button_quad-focus-left' url=file://Media/Manialinks/Nadeo/CMGame/Utils/ButtonStyles/Rounded/Common_Button_Contour_Start_Rounded.dds visible=1 pos=-151.5,-67 size=6x12
[   ScriptRuntime] [  LOG] [20:35:52.799] [_W7Probe]  W7:     FAILED id='menu-libs-expendable-button_quad-bg-right' url=file://Media/Manialinks/Nadeo/CMGame/Utils/ButtonStyles/Rounded/Common_Button_End_Rounded.dds visible=1 pos=-127.5,-67 size=6x12
[   ScriptRuntime] [  LOG] [20:35:52.799] [_W7Probe]  W7:     FAILED id='menu-libs-expendable-button_quad-bg-left' url=file://Media/Manialinks/Nadeo/CMGame/Utils/ButtonStyles/Rounded/Common_Button_Start_Rounded.dds visible=1 pos=-151.5,-67 size=6x12
[   ScriptRuntime] [  LOG] [20:35:52.799] [_W7Probe]  W7:     FAILED id='menu-libs-expendable-button_quad-focus-right' url=file://Media/Manialinks/Nadeo/CMGame/Utils/ButtonStyles/Rounded/Common_Button_Contour_End_Rounded.dds visible=1 pos=-121.762,55.7 size=6x12
[   ScriptRuntime] [  LOG] [20:35:52.799] [_W7Probe]  W7:     FAILED id='menu-libs-expendable-button_quad-focus-center' url=file://Media/Manialinks/Nadeo/CMGame/Utils/ButtonStyles/Rounded/Common_Button_Contour_Middle.dds visible=1 pos=-121.762,55.7 size=0x12
[   ScriptRuntime] [  LOG] [20:35:52.799] [_W7Probe]  W7:     FAILED id='menu-libs-expendable-button_quad-focus-left' url=file://Media/Manialinks/Nadeo/CMGame/Utils/ButtonStyles/Rounded/Common_Button_Contour_Start_Rounded.dds visible=1 pos=-127.762,55.7 size=6x12
[   ScriptRuntime] [  LOG] [20:35:52.799] [_W7Probe]  W7:     FAILED id='menu-libs-expendable-button_quad-bg-right' url=file://Media/Manialinks/Nadeo/CMGame/Utils/ButtonStyles/Rounded/Common_Button_End_Rounded.dds visible=1 pos=-121.762,55.7 size=6x12
[   ScriptRuntime] [  LOG] [20:35:52.799] [_W7Probe]  W7:     FAILED id='menu-libs-expendable-button_quad-bg-left' url=file://Media/Manialinks/Nadeo/CMGame/Utils/ButtonStyles/Rounded/Common_Button_Start_Rounded.dds visible=1 pos=-127.762,55.7 size=6x12
[   ScriptRuntime] [  LOG] [20:35:52.799] [_W7Probe]  W7:     FAILED id='menu-libs-expendable-button_quad-focus-right' url=file://Media/Manialinks/Nadeo/CMGame/Utils/ButtonStyles/Rounded/Common_Button_Contour_End_Rounded.dds visible=1 pos=-121.762,55.7 size=6x12
[   ScriptRuntime] [  LOG] [20:35:52.799] [_W7Probe]  W7:     FAILED id='menu-libs-expendable-button_quad-focus-center' url=file://Media/Manialinks/Nadeo/CMGame/Utils/ButtonStyles/Rounded/Common_Button_Contour_Middle.dds visible=1 pos=-121.762,55.7 size=0x12
[   ScriptRuntime] [  LOG] [20:35:52.799] [_W7Probe]  W7:     FAILED id='menu-libs-expendable-button_quad-focus-left' url=file://Media/Manialinks/Nadeo/CMGame/Utils/ButtonStyles/Rounded/Common_Button_Contour_Start_Rounded.dds visible=1 pos=-127.762,55.7 size=6x12
[   ScriptRuntime] [  LOG] [20:35:52.800] [_W7Probe]  W7:     FAILED id='menu-libs-expendable-button_quad-bg-right' url=file://Media/Manialinks/Nadeo/CMGame/Utils/ButtonStyles/Rounded/Common_Button_End_Rounded.dds visible=1 pos=-121.762,55.7 size=6x12
[   ScriptRuntime] [  LOG] [20:35:52.800] [_W7Probe]  W7:     FAILED id='menu-libs-expendable-button_quad-bg-left' url=file://Media/Manialinks/Nadeo/CMGame/Utils/ButtonStyles/Rounded/Common_Button_Start_Rounded.dds visible=1 pos=-127.762,55.7 size=6x12
[   ScriptRuntime] [  LOG] [20:35:52.800] [_W7Probe]  W7:     FAILED id='menu-libs-expendable-button_quad-focus-right' url=file://Media/Manialinks/Nadeo/CMGame/Utils/ButtonStyles/Rounded/Common_Button_Contour_End_Rounded.dds visible=1 pos=-121.762,55.7 size=6x12
[   ScriptRuntime] [  LOG] [20:35:52.800] [_W7Probe]  W7:     FAILED id='menu-libs-expendable-button_quad-focus-center' url=file://Media/Manialinks/Nadeo/CMGame/Utils/ButtonStyles/Rounded/Common_Button_Contour_Middle.dds visible=1 pos=-121.762,55.7 size=0x12
[   ScriptRuntime] [  LOG] [20:35:52.800] [_W7Probe]  W7:     FAILED id='menu-libs-expendable-button_quad-focus-left' url=file://Media/Manialinks/Nadeo/CMGame/Utils/ButtonStyles/Rounded/Common_Button_Contour_Start_Rounded.dds visible=1 pos=-127.762,55.7 size=6x12
[   ScriptRuntime] [  LOG] [20:35:52.800] [_W7Probe]  W7:     FAILED id='menu-libs-expendable-button_quad-bg-right' url=file://Media/Manialinks/Nadeo/CMGame/Utils/ButtonStyles/Rounded/Common_Button_End_Rounded.dds visible=1 pos=-121.762,55.7 size=6x12
[   ScriptRuntime] [  LOG] [20:35:52.800] [_W7Probe]  W7:     FAILED id='menu-libs-expendable-button_quad-bg-left' url=file://Media/Manialinks/Nadeo/CMGame/Utils/ButtonStyles/Rounded/Common_Button_Start_Rounded.dds visible=1 pos=-127.762,55.7 size=6x12
[   ScriptRuntime] [  LOG] [20:35:52.800] [_W7Probe]  W7:     FAILED id='menu-libs-expendable-button_quad-focus-right' url=file://Media/Manialinks/Nadeo/CMGame/Utils/ButtonStyles/Rounded/Common_Button_Contour_End_Rounded.dds visible=1 pos=-121.762,55.7 size=6x12
[   ScriptRuntime] [  LOG] [20:35:52.800] [_W7Probe]  W7:     FAILED id='menu-libs-expendable-button_quad-focus-center' url=file://Media/Manialinks/Nadeo/CMGame/Utils/ButtonStyles/Rounded/Common_Button_Contour_Middle.dds visible=1 pos=-121.762,55.7 size=0x12
[   ScriptRuntime] [  LOG] [20:35:52.800] [_W7Probe]  W7:     FAILED id='menu-libs-expendable-button_quad-focus-left' url=file://Media/Manialinks/Nadeo/CMGame/Utils/ButtonStyles/Rounded/Common_Button_Contour_Start_Rounded.dds visible=1 pos=-127.762,55.7 size=6x12
[   ScriptRuntime] [  LOG] [20:35:52.800] [_W7Probe]  W7:     FAILED id='menu-libs-expendable-button_quad-bg-right' url=file://Media/Manialinks/Nadeo/CMGame/Utils/ButtonStyles/Rounded/Common_Button_End_Rounded.dds visible=1 pos=-121.762,55.7 size=6x12
[   ScriptRuntime] [  LOG] [20:35:52.800] [_W7Probe]  W7:     FAILED id='menu-libs-expendable-button_quad-bg-left' url=file://Media/Manialinks/Nadeo/CMGame/Utils/ButtonStyles/Rounded/Common_Button_Start_Rounded.dds visible=1 pos=-127.762,55.7 size=6x12
[   ScriptRuntime] [  LOG] [20:35:52.800] [_W7Probe]  W7:     FAILED id='menu-libs-expendable-button_quad-focus-right' url=file://Media/Manialinks/Nadeo/CMGame/Utils/ButtonStyles/Rounded/Common_Button_Contour_End_Rounded.dds visible=1 pos=-19.9666,54.45 size=4.75x9.5
[   ScriptRuntime] [  LOG] [20:35:52.800] [_W7Probe]  W7:     FAILED id='menu-libs-expendable-button_quad-focus-center' url=file://Media/Manialinks/Nadeo/CMGame/Utils/ButtonStyles/Rounded/Common_Button_Contour_Middle.dds visible=1 pos=-45.1006,54.45 size=25.134x9.5
[   ScriptRuntime] [  LOG] [20:35:52.800] [_W7Probe]  W7:     FAILED id='menu-libs-expendable-button_quad-focus-left' url=file://Media/Manialinks/Nadeo/CMGame/Utils/ButtonStyles/Rounded/Common_Button_Contour_Start_Rounded.dds visible=1 pos=-49.8506,54.45 size=4.75x9.5
[   ScriptRuntime] [  LOG] [20:35:52.800] [_W7Probe]  W7:     FAILED id='menu-libs-expendable-button_quad-bg-right' url=file://Media/Manialinks/Nadeo/CMGame/Utils/ButtonStyles/Rounded/Common_Button_End_Rounded.dds visible=1 pos=-19.9666,54.45 size=4.75x9.5
[   ScriptRuntime] [  LOG] [20:35:52.800] [_W7Probe]  W7:     FAILED id='menu-libs-expendable-button_quad-bg-left' url=file://Media/Manialinks/Nadeo/CMGame/Utils/ButtonStyles/Rounded/Common_Button_Start_Rounded.dds visible=1 pos=-49.8506,54.45 size=4.75x9.5
[   ScriptRuntime] [  LOG] [20:35:52.800] [_W7Probe]  W7:     FAILED id='menu-libs-expendable-button_quad-focus-right' url=file://Media/Manialinks/Nadeo/CMGame/Utils/ButtonStyles/Rounded/Common_Button_Contour_End_Rounded.dds visible=1 pos=-52.9255,54.45 size=4.75x9.5
[   ScriptRuntime] [  LOG] [20:35:52.800] [_W7Probe]  W7:     FAILED id='menu-libs-expendable-button_quad-focus-center' url=file://Media/Manialinks/Nadeo/CMGame/Utils/ButtonStyles/Rounded/Common_Button_Contour_Middle.dds visible=1 pos=-82.4337,54.45 size=29.5082x9.5
[   ScriptRuntime] [  LOG] [20:35:52.800] [_W7Probe]  W7:     FAILED id='menu-libs-expendable-button_quad-focus-left' url=file://Media/Manialinks/Nadeo/CMGame/Utils/ButtonStyles/Rounded/Common_Button_Contour_Start_Rounded.dds visible=1 pos=-87.1837,54.45 size=4.75x9.5
[   ScriptRuntime] [  LOG] [20:35:52.800] [_W7Probe]  W7:     FAILED id='menu-libs-expendable-button_quad-bg-right' url=file://Media/Manialinks/Nadeo/CMGame/Utils/ButtonStyles/Rounded/Common_Button_End_Rounded.dds visible=1 pos=-52.9255,54.45 size=4.75x9.5
[   ScriptRuntime] [  LOG] [20:35:52.800] [_W7Probe]  W7:     FAILED id='menu-libs-expendable-button_quad-bg-left' url=file://Media/Manialinks/Nadeo/CMGame/Utils/ButtonStyles/Rounded/Common_Button_Start_Rounded.dds visible=1 pos=-87.1837,54.45 size=4.75x9.5
[   ScriptRuntime] [  LOG] [20:35:52.800] [_W7Probe]  W7:     FAILED id='menu-libs-expendable-button_quad-focus-right' url=file://Media/Manialinks/Nadeo/CMGame/Utils/ButtonStyles/Rounded/Common_Button_Contour_End_Rounded.dds visible=1 pos=-90.2586,54.45 size=4.75x9.5
[   ScriptRuntime] [  LOG] [20:35:52.800] [_W7Probe]  W7:     FAILED id='menu-libs-expendable-button_quad-focus-center' url=file://Media/Manialinks/Nadeo/CMGame/Utils/ButtonStyles/Rounded/Common_Button_Contour_Middle.dds visible=1 pos=-117.85,54.45 size=27.5914x9.5
[   ScriptRuntime] [  LOG] [20:35:52.800] [_W7Probe]  W7:     FAILED id='menu-libs-expendable-button_quad-focus-left' url=file://Media/Manialinks/Nadeo/CMGame/Utils/ButtonStyles/Rounded/Common_Button_Contour_Start_Rounded.dds visible=1 pos=-122.6,54.45 size=4.75x9.5
[   ScriptRuntime] [  LOG] [20:35:52.800] [_W7Probe]  W7:     FAILED id='menu-libs-expendable-button_quad-bg-right' url=file://Media/Manialinks/Nadeo/CMGame/Utils/ButtonStyles/Rounded/Common_Button_End_Rounded.dds visible=1 pos=-90.2586,54.45 size=4.75x9.5
[   ScriptRuntime] [  LOG] [20:35:52.800] [_W7Probe]  W7:     FAILED id='menu-libs-expendable-button_quad-bg-left' url=file://Media/Manialinks/Nadeo/CMGame/Utils/ButtonStyles/Rounded/Common_Button_Start_Rounded.dds visible=1 pos=-122.6,54.45 size=4.75x9.5
[   ScriptRuntime] [  LOG] [20:35:52.800] [_W7Probe]  W7:     FAILED id='menu-libs-expendable-button_quad-focus-right' url=file://Media/Manialinks/Nadeo/CMGame/Utils/ButtonStyles/Rounded/Common_Button_Contour_End_Rounded.dds visible=1 pos=109.186,-61 size=6x12
[   ScriptRuntime] [  LOG] [20:35:52.800] [_W7Probe]  W7:     FAILED id='menu-libs-expendable-button_quad-focus-center' url=file://Media/Manialinks/Nadeo/CMGame/Utils/ButtonStyles/Rounded/Common_Button_Contour_Middle.dds visible=1 pos=85.1825,-61 size=24.0035x12
[   ScriptRuntime] [  LOG] [20:35:52.800] [_W7Probe]  W7:     FAILED id='menu-libs-expendable-button_quad-focus-left' url=file://Media/Manialinks/Nadeo/CMGame/Utils/ButtonStyles/Rounded/Common_Button_Contour_Start_Rounded.dds visible=1 pos=79.1825,-61 size=6x12
[   ScriptRuntime] [  LOG] [20:35:52.800] [_W7Probe]  W7:     FAILED id='menu-libs-expendable-button_quad-bg-right' url=file://Media/Manialinks/Nadeo/CMGame/Utils/ButtonStyles/Rounded/Common_Button_End_Rounded.dds visible=1 pos=109.186,-61 size=6x12
[   ScriptRuntime] [  LOG] [20:35:52.800] [_W7Probe]  W7:     FAILED id='menu-libs-expendable-button_quad-bg-left' url=file://Media/Manialinks/Nadeo/CMGame/Utils/ButtonStyles/Rounded/Common_Button_Start_Rounded.dds visible=1 pos=79.1825,-61 size=6x12
[   ScriptRuntime] [  LOG] [20:35:52.800] [_W7Probe]  W7:     FAILED id='menu-libs-expendable-button_quad-focus-right' url=file://Media/Manialinks/Nadeo/CMGame/Utils/ButtonStyles/Rounded/Common_Button_Contour_End_Rounded.dds visible=1 pos=-113.314,-61 size=6x12
[   ScriptRuntime] [  LOG] [20:35:52.800] [_W7Probe]  W7:     FAILED id='menu-libs-expendable-button_quad-focus-center' url=file://Media/Manialinks/Nadeo/CMGame/Utils/ButtonStyles/Rounded/Common_Button_Contour_Middle.dds visible=1 pos=-131.314,-61 size=18x12
[   ScriptRuntime] [  LOG] [20:35:52.800] [_W7Probe]  W7:     FAILED id='menu-libs-expendable-button_quad-focus-left' url=file://Media/Manialinks/Nadeo/CMGame/Utils/ButtonStyles/Rounded/Common_Button_Contour_Start_Rounded.dds visible=1 pos=-137.314,-61 size=6x12
[   ScriptRuntime] [  LOG] [20:35:52.800] [_W7Probe]  W7:     FAILED id='menu-libs-expendable-button_quad-bg-right' url=file://Media/Manialinks/Nadeo/CMGame/Utils/ButtonStyles/Rounded/Common_Button_End_Rounded.dds visible=1 pos=-113.314,-61 size=6x12
[   ScriptRuntime] [  LOG] [20:35:52.800] [_W7Probe]  W7:     FAILED id='menu-libs-expendable-button_quad-bg-left' url=file://Media/Manialinks/Nadeo/CMGame/Utils/ButtonStyles/Rounded/Common_Button_Start_Rounded.dds visible=1 pos=-137.314,-61 size=6x12
[   ScriptRuntime] [  LOG] [20:35:52.800] [_W7Probe]  W7:     FAILED id='menu-libs-expendable-button_quad-focus-right' url=file://Media/Manialinks/Nadeo/CMGame/Utils/ButtonStyles/Rounded/Common_Button_Contour_End_Rounded.dds visible=1 pos=-127.5,-67 size=6x12
[   ScriptRuntime] [  LOG] [20:35:52.800] [_W7Probe]  W7:     FAILED id='menu-libs-expendable-button_quad-focus-center' url=file://Media/Manialinks/Nadeo/CMGame/Utils/ButtonStyles/Rounded/Common_Button_Contour_Middle.dds visible=1 pos=-145.5,-67 size=18x12
[   ScriptRuntime] [  LOG] [20:35:52.800] [_W7Probe]  W7:     FAILED id='menu-libs-expendable-button_quad-focus-left' url=file://Media/Manialinks/Nadeo/CMGame/Utils/ButtonStyles/Rounded/Common_Button_Contour_Start_Rounded.dds visible=1 pos=-151.5,-67 size=6x12
[   ScriptRuntime] [  LOG] [20:35:52.800] [_W7Probe]  W7:     FAILED id='menu-libs-expendable-button_quad-bg-right' url=file://Media/Manialinks/Nadeo/CMGame/Utils/ButtonStyles/Rounded/Common_Button_End_Rounded.dds visible=1 pos=-127.5,-67 size=6x12
[   ScriptRuntime] [  LOG] [20:35:52.800] [_W7Probe]  W7:     FAILED id='menu-libs-expendable-button_quad-bg-left' url=file://Media/Manialinks/Nadeo/CMGame/Utils/ButtonStyles/Rounded/Common_Button_Start_Rounded.dds visible=1 pos=-151.5,-67 size=6x12
[   ScriptRuntime] [  LOG] [20:35:52.800] [_W7Probe]  W7:     FAILED id='menu-libs-expendable-button_quad-focus-right' url=file://Media/Manialinks/Nadeo/CMGame/Utils/ButtonStyles/Rounded/Common_Button_Contour_End_Rounded.dds visible=1 pos=145,-67 size=6x12
[   ScriptRuntime] [  LOG] [20:35:52.800] [_W7Probe]  W7:     FAILED id='menu-libs-expendable-button_quad-focus-center' url=file://Media/Manialinks/Nadeo/CMGame/Utils/ButtonStyles/Rounded/Common_Button_Contour_Middle.dds visible=1 pos=124.928,-67 size=20.0716x12
[   ScriptRuntime] [  LOG] [20:35:52.800] [_W7Probe]  W7:     FAILED id='menu-libs-expendable-button_quad-focus-left' url=file://Media/Manialinks/Nadeo/CMGame/Utils/ButtonStyles/Rounded/Common_Button_Contour_Start_Rounded.dds visible=1 pos=118.928,-67 size=6x12
[   ScriptRuntime] [  LOG] [20:35:52.800] [_W7Probe]  W7:     FAILED id='menu-libs-expendable-button_quad-bg-right' url=file://Media/Manialinks/Nadeo/CMGame/Utils/ButtonStyles/Rounded/Common_Button_End_Rounded.dds visible=1 pos=145,-67 size=6x12
[   ScriptRuntime] [  LOG] [20:35:52.800] [_W7Probe]  W7:     FAILED id='menu-libs-expendable-button_quad-bg-left' url=file://Media/Manialinks/Nadeo/CMGame/Utils/ButtonStyles/Rounded/Common_Button_Start_Rounded.dds visible=1 pos=118.928,-67 size=6x12
[   ScriptRuntime] [  LOG] [20:35:52.800] [_W7Probe]  W7:     FAILED id='menu-libs-expendable-button_quad-focus-right' url=file://Media/Manialinks/Nadeo/CMGame/Utils/ButtonStyles/Rounded/Common_Button_Contour_End_Rounded.dds visible=1 pos=-127.5,-67 size=6x12
[   ScriptRuntime] [  LOG] [20:35:52.800] [_W7Probe]  W7:     FAILED id='menu-libs-expendable-button_quad-focus-center' url=file://Media/Manialinks/Nadeo/CMGame/Utils/ButtonStyles/Rounded/Common_Button_Contour_Middle.dds visible=1 pos=-145.5,-67 size=18x12
[   ScriptRuntime] [  LOG] [20:35:52.800] [_W7Probe]  W7:     FAILED id='menu-libs-expendable-button_quad-focus-left' url=file://Media/Manialinks/Nadeo/CMGame/Utils/ButtonStyles/Rounded/Common_Button_Contour_Start_Rounded.dds visible=1 pos=-151.5,-67 size=6x12
[   ScriptRuntime] [  LOG] [20:35:52.800] [_W7Probe]  W7:     FAILED id='menu-libs-expendable-button_quad-bg-right' url=file://Media/Manialinks/Nadeo/CMGame/Utils/ButtonStyles/Rounded/Common_Button_End_Rounded.dds visible=1 pos=-127.5,-67 size=6x12
[   ScriptRuntime] [  LOG] [20:35:52.800] [_W7Probe]  W7:     FAILED id='menu-libs-expendable-button_quad-bg-left' url=file://Media/Manialinks/Nadeo/CMGame/Utils/ButtonStyles/Rounded/Common_Button_Start_Rounded.dds visible=1 pos=-151.5,-67 size=6x12
[   ScriptRuntime] [  LOG] [20:35:52.800] [_W7Probe]  W7:     FAILED id='menu-libs-expendable-button_quad-focus-right' url=file://Media/Manialinks/Nadeo/CMGame/Utils/ButtonStyles/Straight/Common_Button_Contour_End_Straight.dds visible=1 pos=104.942,-61.5166 size=3.25x6.5
[   ScriptRuntime] [  LOG] [20:35:52.800] [_W7Probe]  W7:     FAILED id='menu-libs-expendable-button_quad-focus-center' url=file://Media/Manialinks/Nadeo/CMGame/Utils/ButtonStyles/Straight/Common_Button_Contour_Middle.dds visible=1 pos=48.4417,-61.5166 size=56.5x6.5
[   ScriptRuntime] [  LOG] [20:35:52.800] [_W7Probe]  W7:     FAILED id='menu-libs-expendable-button_quad-focus-left' url=file://Media/Manialinks/Nadeo/CMGame/Utils/ButtonStyles/Straight/Common_Button_Contour_Start_Straight.dds visible=1 pos=45.1917,-61.5166 size=3.25x6.5
[   ScriptRuntime] [  LOG] [20:35:52.801] [_W7Probe]  W7:     FAILED id='menu-libs-expendable-button_quad-bg-right' url=file://Media/Manialinks/Nadeo/CMGame/Utils/ButtonStyles/Straight/Common_Button_End_Straight.dds visible=1 pos=104.942,-61.5166 size=3.25x6.5
[   ScriptRuntime] [  LOG] [20:35:52.801] [_W7Probe]  W7:     FAILED id='menu-libs-expendable-button_quad-bg-left' url=file://Media/Manialinks/Nadeo/CMGame/Utils/ButtonStyles/Straight/Common_Button_Start_Straight.dds visible=1 pos=45.1917,-61.5166 size=3.25x6.5
[   ScriptRuntime] [  LOG] [20:35:52.801] [_W7Probe]  W7:     FAILED id='menu-libs-expendable-button_quad-focus-right' url=file://Media/Manialinks/Nadeo/CMGame/Utils/ButtonStyles/Straight/Common_Button_Contour_End_Straight.dds visible=1 pos=44.9417,-61.5166 size=3.25x6.5
[   ScriptRuntime] [  LOG] [20:35:52.801] [_W7Probe]  W7:     FAILED id='menu-libs-expendable-button_quad-focus-center' url=file://Media/Manialinks/Nadeo/CMGame/Utils/ButtonStyles/Straight/Common_Button_Contour_Middle.dds visible=1 pos=37.4417,-61.5166 size=7.5x6.5
[   ScriptRuntime] [  LOG] [20:35:52.801] [_W7Probe]  W7:     FAILED id='menu-libs-expendable-button_quad-focus-left' url=file://Media/Manialinks/Nadeo/CMGame/Utils/ButtonStyles/Straight/Common_Button_Contour_Start_Straight.dds visible=1 pos=34.1917,-61.5166 size=3.25x6.5
[   ScriptRuntime] [  LOG] [20:35:52.801] [_W7Probe]  W7:     FAILED id='menu-libs-expendable-button_quad-bg-right' url=file://Media/Manialinks/Nadeo/CMGame/Utils/ButtonStyles/Straight/Common_Button_End_Straight.dds visible=1 pos=44.9417,-61.5166 size=3.25x6.5
[   ScriptRuntime] [  LOG] [20:35:52.801] [_W7Probe]  W7:     FAILED id='menu-libs-expendable-button_quad-bg-left' url=file://Media/Manialinks/Nadeo/CMGame/Utils/ButtonStyles/Straight/Common_Button_Start_Straight.dds visible=1 pos=34.1917,-61.5166 size=3.25x6.5
[   ScriptRuntime] [  LOG] [20:35:52.801] [_W7Probe]  W7:     FAILED id='menu-libs-expendable-button_quad-focus-right' url=file://Media/Manialinks/Nadeo/CMGame/Utils/ButtonStyles/Straight/Common_Button_Contour_End_Straight.dds visible=1 pos=106.94,-50.1833 size=3.25x6.5
[   ScriptRuntime] [  LOG] [20:35:52.801] [_W7Probe]  W7:     FAILED id='menu-libs-expendable-button_quad-focus-center' url=file://Media/Manialinks/Nadeo/CMGame/Utils/ButtonStyles/Straight/Common_Button_Contour_Middle.dds visible=1 pos=50.44,-50.1833 size=56.5x6.5
[   ScriptRuntime] [  LOG] [20:35:52.801] [_W7Probe]  W7:     FAILED id='menu-libs-expendable-button_quad-focus-left' url=file://Media/Manialinks/Nadeo/CMGame/Utils/ButtonStyles/Straight/Common_Button_Contour_Start_Straight.dds visible=1 pos=47.19,-50.1833 size=3.25x6.5
[   ScriptRuntime] [  LOG] [20:35:52.801] [_W7Probe]  W7:     FAILED id='menu-libs-expendable-button_quad-bg-right' url=file://Media/Manialinks/Nadeo/CMGame/Utils/ButtonStyles/Straight/Common_Button_End_Straight.dds visible=1 pos=106.94,-50.1833 size=3.25x6.5
[   ScriptRuntime] [  LOG] [20:35:52.801] [_W7Probe]  W7:     FAILED id='menu-libs-expendable-button_quad-bg-left' url=file://Media/Manialinks/Nadeo/CMGame/Utils/ButtonStyles/Straight/Common_Button_Start_Straight.dds visible=1 pos=47.19,-50.1833 size=3.25x6.5
[   ScriptRuntime] [  LOG] [20:35:52.801] [_W7Probe]  W7:     FAILED id='menu-libs-expendable-button_quad-focus-right' url=file://Media/Manialinks/Nadeo/CMGame/Utils/ButtonStyles/Straight/Common_Button_Contour_End_Straight.dds visible=1 pos=46.94,-50.1833 size=3.25x6.5
[   ScriptRuntime] [  LOG] [20:35:52.801] [_W7Probe]  W7:     FAILED id='menu-libs-expendable-button_quad-focus-center' url=file://Media/Manialinks/Nadeo/CMGame/Utils/ButtonStyles/Straight/Common_Button_Contour_Middle.dds visible=1 pos=39.44,-50.1833 size=7.5x6.5
[   ScriptRuntime] [  LOG] [20:35:52.801] [_W7Probe]  W7:     FAILED id='menu-libs-expendable-button_quad-focus-left' url=file://Media/Manialinks/Nadeo/CMGame/Utils/ButtonStyles/Straight/Common_Button_Contour_Start_Straight.dds visible=1 pos=36.19,-50.1833 size=3.25x6.5
[   ScriptRuntime] [  LOG] [20:35:52.801] [_W7Probe]  W7:     FAILED id='menu-libs-expendable-button_quad-bg-right' url=file://Media/Manialinks/Nadeo/CMGame/Utils/ButtonStyles/Straight/Common_Button_End_Straight.dds visible=1 pos=46.94,-50.1833 size=3.25x6.5
[   ScriptRuntime] [  LOG] [20:35:52.801] [_W7Probe]  W7:     FAILED id='menu-libs-expendable-button_quad-bg-left' url=file://Media/Manialinks/Nadeo/CMGame/Utils/ButtonStyles/Straight/Common_Button_Start_Straight.dds visible=1 pos=36.19,-50.1833 size=3.25x6.5
[   ScriptRuntime] [  LOG] [20:35:52.801] [_W7Probe]  W7:     FAILED id='menu-libs-expendable-button_quad-focus-right' url=file://Media/Manialinks/Nadeo/CMGame/Utils/ButtonStyles/Straight/Common_Button_Contour_End_Straight.dds visible=1 pos=108.938,-38.85 size=3.25x6.5
[   ScriptRuntime] [  LOG] [20:35:52.801] [_W7Probe]  W7:     FAILED id='menu-libs-expendable-button_quad-focus-center' url=file://Media/Manialinks/Nadeo/CMGame/Utils/ButtonStyles/Straight/Common_Button_Contour_Middle.dds visible=1 pos=52.4384,-38.85 size=56.5x6.5
[   ScriptRuntime] [  LOG] [20:35:52.801] [_W7Probe]  W7:     FAILED id='menu-libs-expendable-button_quad-focus-left' url=file://Media/Manialinks/Nadeo/CMGame/Utils/ButtonStyles/Straight/Common_Button_Contour_Start_Straight.dds visible=1 pos=49.1884,-38.85 size=3.25x6.5
[   ScriptRuntime] [  LOG] [20:35:52.801] [_W7Probe]  W7:     FAILED id='menu-libs-expendable-button_quad-bg-right' url=file://Media/Manialinks/Nadeo/CMGame/Utils/ButtonStyles/Straight/Common_Button_End_Straight.dds visible=1 pos=108.938,-38.85 size=3.25x6.5
[   ScriptRuntime] [  LOG] [20:35:52.801] [_W7Probe]  W7:     FAILED id='menu-libs-expendable-button_quad-bg-left' url=file://Media/Manialinks/Nadeo/CMGame/Utils/ButtonStyles/Straight/Common_Button_Start_Straight.dds visible=1 pos=49.1884,-38.85 size=3.25x6.5
[   ScriptRuntime] [  LOG] [20:35:52.801] [_W7Probe]  W7:     FAILED id='menu-libs-expendable-button_quad-focus-right' url=file://Media/Manialinks/Nadeo/CMGame/Utils/ButtonStyles/Straight/Common_Button_Contour_End_Straight.dds visible=1 pos=48.9384,-38.85 size=3.25x6.5
[   ScriptRuntime] [  LOG] [20:35:52.801] [_W7Probe]  W7:     FAILED id='menu-libs-expendable-button_quad-focus-center' url=file://Media/Manialinks/Nadeo/CMGame/Utils/ButtonStyles/Straight/Common_Button_Contour_Middle.dds visible=1 pos=41.4384,-38.85 size=7.5x6.5
[   ScriptRuntime] [  LOG] [20:35:52.801] [_W7Probe]  W7:     FAILED id='menu-libs-expendable-button_quad-focus-left' url=file://Media/Manialinks/Nadeo/CMGame/Utils/ButtonStyles/Straight/Common_Button_Contour_Start_Straight.dds visible=1 pos=38.1884,-38.85 size=3.25x6.5
[   ScriptRuntime] [  LOG] [20:35:52.801] [_W7Probe]  W7:     FAILED id='menu-libs-expendable-button_quad-bg-right' url=file://Media/Manialinks/Nadeo/CMGame/Utils/ButtonStyles/Straight/Common_Button_End_Straight.dds visible=1 pos=48.9384,-38.85 size=3.25x6.5
[   ScriptRuntime] [  LOG] [20:35:52.801] [_W7Probe]  W7:     FAILED id='menu-libs-expendable-button_quad-bg-left' url=file://Media/Manialinks/Nadeo/CMGame/Utils/ButtonStyles/Straight/Common_Button_Start_Straight.dds visible=1 pos=38.1884,-38.85 size=3.25x6.5
[   ScriptRuntime] [  LOG] [20:35:52.801] [_W7Probe]  W7:     FAILED id='menu-libs-expendable-button_quad-focus-right' url=file://Media/Manialinks/Nadeo/CMGame/Utils/ButtonStyles/Straight/Common_Button_Contour_End_Straight.dds visible=1 pos=110.937,-27.5167 size=3.25x6.5
[   ScriptRuntime] [  LOG] [20:35:52.801] [_W7Probe]  W7:     FAILED id='menu-libs-expendable-button_quad-focus-center' url=file://Media/Manialinks/Nadeo/CMGame/Utils/ButtonStyles/Straight/Common_Button_Contour_Middle.dds visible=1 pos=54.4368,-27.5167 size=56.5x6.5
[   ScriptRuntime] [  LOG] [20:35:52.801] [_W7Probe]  W7:     FAILED id='menu-libs-expendable-button_quad-focus-left' url=file://Media/Manialinks/Nadeo/CMGame/Utils/ButtonStyles/Straight/Common_Button_Contour_Start_Straight.dds visible=1 pos=51.1868,-27.5167 size=3.25x6.5
[   ScriptRuntime] [  LOG] [20:35:52.801] [_W7Probe]  W7:     FAILED id='menu-libs-expendable-button_quad-bg-right' url=file://Media/Manialinks/Nadeo/CMGame/Utils/ButtonStyles/Straight/Common_Button_End_Straight.dds visible=1 pos=110.937,-27.5167 size=3.25x6.5
[   ScriptRuntime] [  LOG] [20:35:52.801] [_W7Probe]  W7:     FAILED id='menu-libs-expendable-button_quad-bg-left' url=file://Media/Manialinks/Nadeo/CMGame/Utils/ButtonStyles/Straight/Common_Button_Start_Straight.dds visible=1 pos=51.1868,-27.5167 size=3.25x6.5
[   ScriptRuntime] [  LOG] [20:35:52.801] [_W7Probe]  W7:     FAILED id='menu-libs-expendable-button_quad-focus-right' url=file://Media/Manialinks/Nadeo/CMGame/Utils/ButtonStyles/Straight/Common_Button_Contour_End_Straight.dds visible=1 pos=50.9368,-27.5167 size=3.25x6.5
[   ScriptRuntime] [  LOG] [20:35:52.801] [_W7Probe]  W7:     FAILED id='menu-libs-expendable-button_quad-focus-center' url=file://Media/Manialinks/Nadeo/CMGame/Utils/ButtonStyles/Straight/Common_Button_Contour_Middle.dds visible=1 pos=43.4368,-27.5167 size=7.5x6.5
[   ScriptRuntime] [  LOG] [20:35:52.801] [_W7Probe]  W7:     FAILED id='menu-libs-expendable-button_quad-focus-left' url=file://Media/Manialinks/Nadeo/CMGame/Utils/ButtonStyles/Straight/Common_Button_Contour_Start_Straight.dds visible=1 pos=40.1868,-27.5167 size=3.25x6.5
[   ScriptRuntime] [  LOG] [20:35:52.801] [_W7Probe]  W7:     FAILED id='menu-libs-expendable-button_quad-bg-right' url=file://Media/Manialinks/Nadeo/CMGame/Utils/ButtonStyles/Straight/Common_Button_End_Straight.dds visible=1 pos=50.9368,-27.5167 size=3.25x6.5
[   ScriptRuntime] [  LOG] [20:35:52.801] [_W7Probe]  W7:     FAILED id='menu-libs-expendable-button_quad-bg-left' url=file://Media/Manialinks/Nadeo/CMGame/Utils/ButtonStyles/Straight/Common_Button_Start_Straight.dds visible=1 pos=40.1868,-27.5167 size=3.25x6.5
[   ScriptRuntime] [  LOG] [20:35:52.801] [_W7Probe]  W7:     FAILED id='menu-libs-expendable-button_quad-focus-right' url=file://Media/Manialinks/Nadeo/CMGame/Utils/ButtonStyles/Straight/Common_Button_Contour_End_Straight.dds visible=1 pos=112.935,-16.1833 size=3.25x6.5
[   ScriptRuntime] [  LOG] [20:35:52.801] [_W7Probe]  W7:     FAILED id='menu-libs-expendable-button_quad-focus-center' url=file://Media/Manialinks/Nadeo/CMGame/Utils/ButtonStyles/Straight/Common_Button_Contour_Middle.dds visible=1 pos=56.4351,-16.1833 size=56.5x6.5
[   ScriptRuntime] [  LOG] [20:35:52.801] [_W7Probe]  W7:     FAILED id='menu-libs-expendable-button_quad-focus-left' url=file://Media/Manialinks/Nadeo/CMGame/Utils/ButtonStyles/Straight/Common_Button_Contour_Start_Straight.dds visible=1 pos=53.1851,-16.1833 size=3.25x6.5
[   ScriptRuntime] [  LOG] [20:35:52.801] [_W7Probe]  W7:     FAILED id='menu-libs-expendable-button_quad-bg-right' url=file://Media/Manialinks/Nadeo/CMGame/Utils/ButtonStyles/Straight/Common_Button_End_Straight.dds visible=1 pos=112.935,-16.1833 size=3.25x6.5
[   ScriptRuntime] [  LOG] [20:35:52.801] [_W7Probe]  W7:     FAILED id='menu-libs-expendable-button_quad-bg-left' url=file://Media/Manialinks/Nadeo/CMGame/Utils/ButtonStyles/Straight/Common_Button_Start_Straight.dds visible=1 pos=53.1851,-16.1833 size=3.25x6.5
[   ScriptRuntime] [  LOG] [20:35:52.801] [_W7Probe]  W7:     FAILED id='menu-libs-expendable-button_quad-focus-right' url=file://Media/Manialinks/Nadeo/CMGame/Utils/ButtonStyles/Straight/Common_Button_Contour_End_Straight.dds visible=1 pos=52.9352,-16.1833 size=3.25x6.5
[   ScriptRuntime] [  LOG] [20:35:52.801] [_W7Probe]  W7:     FAILED id='menu-libs-expendable-button_quad-focus-center' url=file://Media/Manialinks/Nadeo/CMGame/Utils/ButtonStyles/Straight/Common_Button_Contour_Middle.dds visible=1 pos=45.4352,-16.1833 size=7.5x6.5
[   ScriptRuntime] [  LOG] [20:35:52.801] [_W7Probe]  W7:     FAILED id='menu-libs-expendable-button_quad-focus-left' url=file://Media/Manialinks/Nadeo/CMGame/Utils/ButtonStyles/Straight/Common_Button_Contour_Start_Straight.dds visible=1 pos=42.1852,-16.1833 size=3.25x6.5
[   ScriptRuntime] [  LOG] [20:35:52.801] [_W7Probe]  W7:     FAILED id='menu-libs-expendable-button_quad-bg-right' url=file://Media/Manialinks/Nadeo/CMGame/Utils/ButtonStyles/Straight/Common_Button_End_Straight.dds visible=1 pos=52.9352,-16.1833 size=3.25x6.5
[   ScriptRuntime] [  LOG] [20:35:52.801] [_W7Probe]  W7:     FAILED id='menu-libs-expendable-button_quad-bg-left' url=file://Media/Manialinks/Nadeo/CMGame/Utils/ButtonStyles/Straight/Common_Button_Start_Straight.dds visible=1 pos=42.1852,-16.1833 size=3.25x6.5
[   ScriptRuntime] [  LOG] [20:35:52.801] [_W7Probe]  W7:     FAILED id='menu-libs-expendable-button_quad-focus-right' url=file://Media/Manialinks/Nadeo/CMGame/Utils/ButtonStyles/Straight/Common_Button_Contour_End_Straight.dds visible=1 pos=114.934,-4.84999 size=3.25x6.5
[   ScriptRuntime] [  LOG] [20:35:52.801] [_W7Probe]  W7:     FAILED id='menu-libs-expendable-button_quad-focus-center' url=file://Media/Manialinks/Nadeo/CMGame/Utils/ButtonStyles/Straight/Common_Button_Contour_Middle.dds visible=1 pos=58.4335,-4.84999 size=56.5x6.5
[   ScriptRuntime] [  LOG] [20:35:52.801] [_W7Probe]  W7:     FAILED id='menu-libs-expendable-button_quad-focus-left' url=file://Media/Manialinks/Nadeo/CMGame/Utils/ButtonStyles/Straight/Common_Button_Contour_Start_Straight.dds visible=1 pos=55.1835,-4.84999 size=3.25x6.5
[   ScriptRuntime] [  LOG] [20:35:52.801] [_W7Probe]  W7:     FAILED id='menu-libs-expendable-button_quad-bg-right' url=file://Media/Manialinks/Nadeo/CMGame/Utils/ButtonStyles/Straight/Common_Button_End_Straight.dds visible=1 pos=114.934,-4.84999 size=3.25x6.5
[   ScriptRuntime] [  LOG] [20:35:52.801] [_W7Probe]  W7:     FAILED id='menu-libs-expendable-button_quad-bg-left' url=file://Media/Manialinks/Nadeo/CMGame/Utils/ButtonStyles/Straight/Common_Button_Start_Straight.dds visible=1 pos=55.1835,-4.84999 size=3.25x6.5
[   ScriptRuntime] [  LOG] [20:35:52.802] [_W7Probe]  W7:     FAILED id='menu-libs-expendable-button_quad-focus-right' url=file://Media/Manialinks/Nadeo/CMGame/Utils/ButtonStyles/Straight/Common_Button_Contour_End_Straight.dds visible=1 pos=54.9335,-4.84999 size=3.25x6.5
[   ScriptRuntime] [  LOG] [20:35:52.802] [_W7Probe]  W7:     FAILED id='menu-libs-expendable-button_quad-focus-center' url=file://Media/Manialinks/Nadeo/CMGame/Utils/ButtonStyles/Straight/Common_Button_Contour_Middle.dds visible=1 pos=47.4335,-4.84999 size=7.5x6.5
[   ScriptRuntime] [  LOG] [20:35:52.802] [_W7Probe]  W7:     FAILED id='menu-libs-expendable-button_quad-focus-left' url=file://Media/Manialinks/Nadeo/CMGame/Utils/ButtonStyles/Straight/Common_Button_Contour_Start_Straight.dds visible=1 pos=44.1835,-4.84999 size=3.25x6.5
[   ScriptRuntime] [  LOG] [20:35:52.802] [_W7Probe]  W7:     FAILED id='menu-libs-expendable-button_quad-bg-right' url=file://Media/Manialinks/Nadeo/CMGame/Utils/ButtonStyles/Straight/Common_Button_End_Straight.dds visible=1 pos=54.9335,-4.84999 size=3.25x6.5
[   ScriptRuntime] [  LOG] [20:35:52.802] [_W7Probe]  W7:     FAILED id='menu-libs-expendable-button_quad-bg-left' url=file://Media/Manialinks/Nadeo/CMGame/Utils/ButtonStyles/Straight/Common_Button_Start_Straight.dds visible=1 pos=44.1835,-4.84999 size=3.25x6.5
[   ScriptRuntime] [  LOG] [20:35:52.802] [_W7Probe]  W7:     FAILED id='menu-libs-expendable-button_quad-focus-right' url=file://Media/Manialinks/Nadeo/CMGame/Utils/ButtonStyles/Straight/Common_Button_Contour_End_Straight.dds visible=1 pos=116.932,6.48334 size=3.25x6.5
[   ScriptRuntime] [  LOG] [20:35:52.802] [_W7Probe]  W7:     FAILED id='menu-libs-expendable-button_quad-focus-center' url=file://Media/Manialinks/Nadeo/CMGame/Utils/ButtonStyles/Straight/Common_Button_Contour_Middle.dds visible=1 pos=60.4319,6.48334 size=56.5x6.5
[   ScriptRuntime] [  LOG] [20:35:52.802] [_W7Probe]  W7:     FAILED id='menu-libs-expendable-button_quad-focus-left' url=file://Media/Manialinks/Nadeo/CMGame/Utils/ButtonStyles/Straight/Common_Button_Contour_Start_Straight.dds visible=1 pos=57.1819,6.48334 size=3.25x6.5
[   ScriptRuntime] [  LOG] [20:35:52.802] [_W7Probe]  W7:     FAILED id='menu-libs-expendable-button_quad-bg-right' url=file://Media/Manialinks/Nadeo/CMGame/Utils/ButtonStyles/Straight/Common_Button_End_Straight.dds visible=1 pos=116.932,6.48334 size=3.25x6.5
[   ScriptRuntime] [  LOG] [20:35:52.802] [_W7Probe]  W7:     FAILED id='menu-libs-expendable-button_quad-bg-left' url=file://Media/Manialinks/Nadeo/CMGame/Utils/ButtonStyles/Straight/Common_Button_Start_Straight.dds visible=1 pos=57.1819,6.48334 size=3.25x6.5
[   ScriptRuntime] [  LOG] [20:35:52.802] [_W7Probe]  W7:     FAILED id='menu-libs-expendable-button_quad-focus-right' url=file://Media/Manialinks/Nadeo/CMGame/Utils/ButtonStyles/Straight/Common_Button_Contour_End_Straight.dds visible=1 pos=56.9319,6.48334 size=3.25x6.5
[   ScriptRuntime] [  LOG] [20:35:52.802] [_W7Probe]  W7:     FAILED id='menu-libs-expendable-button_quad-focus-center' url=file://Media/Manialinks/Nadeo/CMGame/Utils/ButtonStyles/Straight/Common_Button_Contour_Middle.dds visible=1 pos=49.4319,6.48334 size=7.5x6.5
[   ScriptRuntime] [  LOG] [20:35:52.802] [_W7Probe]  W7:     FAILED id='menu-libs-expendable-button_quad-focus-left' url=file://Media/Manialinks/Nadeo/CMGame/Utils/ButtonStyles/Straight/Common_Button_Contour_Start_Straight.dds visible=1 pos=46.1819,6.48334 size=3.25x6.5
[   ScriptRuntime] [  LOG] [20:35:52.802] [_W7Probe]  W7:     FAILED id='menu-libs-expendable-button_quad-bg-right' url=file://Media/Manialinks/Nadeo/CMGame/Utils/ButtonStyles/Straight/Common_Button_End_Straight.dds visible=1 pos=56.9319,6.48334 size=3.25x6.5
[   ScriptRuntime] [  LOG] [20:35:52.802] [_W7Probe]  W7:     FAILED id='menu-libs-expendable-button_quad-bg-left' url=file://Media/Manialinks/Nadeo/CMGame/Utils/ButtonStyles/Straight/Common_Button_Start_Straight.dds visible=1 pos=46.1819,6.48334 size=3.25x6.5
[   ScriptRuntime] [  LOG] [20:35:52.802] [_W7Probe]  W7:     FAILED id='menu-libs-expendable-button_quad-focus-right' url=file://Media/Manialinks/Nadeo/CMGame/Utils/ButtonStyles/Straight/Common_Button_Contour_End_Straight.dds visible=1 pos=118.93,17.8167 size=3.25x6.5
[   ScriptRuntime] [  LOG] [20:35:52.802] [_W7Probe]  W7:     FAILED id='menu-libs-expendable-button_quad-focus-center' url=file://Media/Manialinks/Nadeo/CMGame/Utils/ButtonStyles/Straight/Common_Button_Contour_Middle.dds visible=1 pos=62.4303,17.8167 size=56.5x6.5
[   ScriptRuntime] [  LOG] [20:35:52.802] [_W7Probe]  W7:     FAILED id='menu-libs-expendable-button_quad-focus-left' url=file://Media/Manialinks/Nadeo/CMGame/Utils/ButtonStyles/Straight/Common_Button_Contour_Start_Straight.dds visible=1 pos=59.1802,17.8167 size=3.25x6.5
[   ScriptRuntime] [  LOG] [20:35:52.802] [_W7Probe]  W7:     FAILED id='menu-libs-expendable-button_quad-bg-right' url=file://Media/Manialinks/Nadeo/CMGame/Utils/ButtonStyles/Straight/Common_Button_End_Straight.dds visible=1 pos=118.93,17.8167 size=3.25x6.5
[   ScriptRuntime] [  LOG] [20:35:52.802] [_W7Probe]  W7:     FAILED id='menu-libs-expendable-button_quad-bg-left' url=file://Media/Manialinks/Nadeo/CMGame/Utils/ButtonStyles/Straight/Common_Button_Start_Straight.dds visible=1 pos=59.1802,17.8167 size=3.25x6.5
[   ScriptRuntime] [  LOG] [20:35:52.802] [_W7Probe]  W7:     FAILED id='menu-libs-expendable-button_quad-focus-right' url=file://Media/Manialinks/Nadeo/CMGame/Utils/ButtonStyles/Straight/Common_Button_Contour_End_Straight.dds visible=1 pos=58.9303,17.8167 size=3.25x6.5
[   ScriptRuntime] [  LOG] [20:35:52.802] [_W7Probe]  W7:     FAILED id='menu-libs-expendable-button_quad-focus-center' url=file://Media/Manialinks/Nadeo/CMGame/Utils/ButtonStyles/Straight/Common_Button_Contour_Middle.dds visible=1 pos=51.4303,17.8167 size=7.5x6.5
[   ScriptRuntime] [  LOG] [20:35:52.802] [_W7Probe]  W7:     FAILED id='menu-libs-expendable-button_quad-focus-left' url=file://Media/Manialinks/Nadeo/CMGame/Utils/ButtonStyles/Straight/Common_Button_Contour_Start_Straight.dds visible=1 pos=48.1803,17.8167 size=3.25x6.5
[   ScriptRuntime] [  LOG] [20:35:52.802] [_W7Probe]  W7:     FAILED id='menu-libs-expendable-button_quad-bg-right' url=file://Media/Manialinks/Nadeo/CMGame/Utils/ButtonStyles/Straight/Common_Button_End_Straight.dds visible=1 pos=58.9303,17.8167 size=3.25x6.5
[   ScriptRuntime] [  LOG] [20:35:52.802] [_W7Probe]  W7:     FAILED id='menu-libs-expendable-button_quad-bg-left' url=file://Media/Manialinks/Nadeo/CMGame/Utils/ButtonStyles/Straight/Common_Button_Start_Straight.dds visible=1 pos=48.1803,17.8167 size=3.25x6.5
[   ScriptRuntime] [  LOG] [20:35:52.802] [_W7Probe]  W7:     FAILED id='menu-libs-expendable-button_quad-focus-right' url=file://Media/Manialinks/Nadeo/CMGame/Utils/ButtonStyles/Straight/Common_Button_Contour_End_Straight.dds visible=1 pos=120.929,29.15 size=3.25x6.5
[   ScriptRuntime] [  LOG] [20:35:52.802] [_W7Probe]  W7:     FAILED id='menu-libs-expendable-button_quad-focus-center' url=file://Media/Manialinks/Nadeo/CMGame/Utils/ButtonStyles/Straight/Common_Button_Contour_Middle.dds visible=1 pos=64.4286,29.15 size=56.5x6.5
[   ScriptRuntime] [  LOG] [20:35:52.802] [_W7Probe]  W7:     FAILED id='menu-libs-expendable-button_quad-focus-left' url=file://Media/Manialinks/Nadeo/CMGame/Utils/ButtonStyles/Straight/Common_Button_Contour_Start_Straight.dds visible=1 pos=61.1786,29.15 size=3.25x6.5
[   ScriptRuntime] [  LOG] [20:35:52.802] [_W7Probe]  W7:     FAILED id='menu-libs-expendable-button_quad-bg-right' url=file://Media/Manialinks/Nadeo/CMGame/Utils/ButtonStyles/Straight/Common_Button_End_Straight.dds visible=1 pos=120.929,29.15 size=3.25x6.5
[   ScriptRuntime] [  LOG] [20:35:52.802] [_W7Probe]  W7:     FAILED id='menu-libs-expendable-button_quad-bg-left' url=file://Media/Manialinks/Nadeo/CMGame/Utils/ButtonStyles/Straight/Common_Button_Start_Straight.dds visible=1 pos=61.1786,29.15 size=3.25x6.5
[   ScriptRuntime] [  LOG] [20:35:52.802] [_W7Probe]  W7:     FAILED id='menu-libs-expendable-button_quad-focus-right' url=file://Media/Manialinks/Nadeo/CMGame/Utils/ButtonStyles/Straight/Common_Button_Contour_End_Straight.dds visible=1 pos=60.9286,29.15 size=3.25x6.5
[   ScriptRuntime] [  LOG] [20:35:52.802] [_W7Probe]  W7:     FAILED id='menu-libs-expendable-button_quad-focus-center' url=file://Media/Manialinks/Nadeo/CMGame/Utils/ButtonStyles/Straight/Common_Button_Contour_Middle.dds visible=1 pos=53.4286,29.15 size=7.5x6.5
[   ScriptRuntime] [  LOG] [20:35:52.802] [_W7Probe]  W7:     FAILED id='menu-libs-expendable-button_quad-focus-left' url=file://Media/Manialinks/Nadeo/CMGame/Utils/ButtonStyles/Straight/Common_Button_Contour_Start_Straight.dds visible=1 pos=50.1786,29.15 size=3.25x6.5
[   ScriptRuntime] [  LOG] [20:35:52.802] [_W7Probe]  W7:     FAILED id='menu-libs-expendable-button_quad-bg-right' url=file://Media/Manialinks/Nadeo/CMGame/Utils/ButtonStyles/Straight/Common_Button_End_Straight.dds visible=1 pos=60.9286,29.15 size=3.25x6.5
[   ScriptRuntime] [  LOG] [20:35:52.802] [_W7Probe]  W7:     FAILED id='menu-libs-expendable-button_quad-bg-left' url=file://Media/Manialinks/Nadeo/CMGame/Utils/ButtonStyles/Straight/Common_Button_Start_Straight.dds visible=1 pos=50.1786,29.15 size=3.25x6.5
[   ScriptRuntime] [  LOG] [20:35:52.802] [_W7Probe]  W7:     FAILED id='menu-libs-expendable-button_quad-focus-right' url=file://Media/Manialinks/Nadeo/CMGame/Utils/ButtonStyles/Straight/Common_Button_Contour_End_Straight.dds visible=1 pos=122.927,40.4833 size=3.25x6.5
[   ScriptRuntime] [  LOG] [20:35:52.802] [_W7Probe]  W7:     FAILED id='menu-libs-expendable-button_quad-focus-center' url=file://Media/Manialinks/Nadeo/CMGame/Utils/ButtonStyles/Straight/Common_Button_Contour_Middle.dds visible=1 pos=66.427,40.4833 size=56.5x6.5
[   ScriptRuntime] [  LOG] [20:35:52.802] [_W7Probe]  W7:     FAILED id='menu-libs-expendable-button_quad-focus-left' url=file://Media/Manialinks/Nadeo/CMGame/Utils/ButtonStyles/Straight/Common_Button_Contour_Start_Straight.dds visible=1 pos=63.177,40.4833 size=3.25x6.5
[   ScriptRuntime] [  LOG] [20:35:52.802] [_W7Probe]  W7:     FAILED id='menu-libs-expendable-button_quad-bg-right' url=file://Media/Manialinks/Nadeo/CMGame/Utils/ButtonStyles/Straight/Common_Button_End_Straight.dds visible=1 pos=122.927,40.4833 size=3.25x6.5
[   ScriptRuntime] [  LOG] [20:35:52.802] [_W7Probe]  W7:     FAILED id='menu-libs-expendable-button_quad-bg-left' url=file://Media/Manialinks/Nadeo/CMGame/Utils/ButtonStyles/Straight/Common_Button_Start_Straight.dds visible=1 pos=63.177,40.4833 size=3.25x6.5
[   ScriptRuntime] [  LOG] [20:35:52.802] [_W7Probe]  W7:     FAILED id='menu-libs-expendable-button_quad-focus-right' url=file://Media/Manialinks/Nadeo/CMGame/Utils/ButtonStyles/Straight/Common_Button_Contour_End_Straight.dds visible=1 pos=62.927,40.4833 size=3.25x6.5
[   ScriptRuntime] [  LOG] [20:35:52.802] [_W7Probe]  W7:     FAILED id='menu-libs-expendable-button_quad-focus-center' url=file://Media/Manialinks/Nadeo/CMGame/Utils/ButtonStyles/Straight/Common_Button_Contour_Middle.dds visible=1 pos=55.427,40.4833 size=7.5x6.5
[   ScriptRuntime] [  LOG] [20:35:52.802] [_W7Probe]  W7:     FAILED id='menu-libs-expendable-button_quad-focus-left' url=file://Media/Manialinks/Nadeo/CMGame/Utils/ButtonStyles/Straight/Common_Button_Contour_Start_Straight.dds visible=1 pos=52.177,40.4833 size=3.25x6.5
[   ScriptRuntime] [  LOG] [20:35:52.802] [_W7Probe]  W7:     FAILED id='menu-libs-expendable-button_quad-bg-right' url=file://Media/Manialinks/Nadeo/CMGame/Utils/ButtonStyles/Straight/Common_Button_End_Straight.dds visible=1 pos=62.927,40.4833 size=3.25x6.5
[   ScriptRuntime] [  LOG] [20:35:52.802] [_W7Probe]  W7:     FAILED id='menu-libs-expendable-button_quad-bg-left' url=file://Media/Manialinks/Nadeo/CMGame/Utils/ButtonStyles/Straight/Common_Button_Start_Straight.dds visible=1 pos=52.177,40.4833 size=3.25x6.5
[   ScriptRuntime] [  LOG] [20:35:52.802] [_W7Probe]  W7:     FAILED id='menu-libs-expendable-button_quad-focus-right' url=file://Media/Manialinks/Nadeo/CMGame/Utils/ButtonStyles/Rounded/Common_Button_Contour_End_Rounded.dds visible=1 pos=-122.162,55.5 size=6x12
[   ScriptRuntime] [  LOG] [20:35:52.802] [_W7Probe]  W7:     FAILED id='menu-libs-expendable-button_quad-focus-center' url=file://Media/Manialinks/Nadeo/CMGame/Utils/ButtonStyles/Rounded/Common_Button_Contour_Middle.dds visible=1 pos=-122.162,55.5 size=0x12
[   ScriptRuntime] [  LOG] [20:35:52.802] [_W7Probe]  W7:     FAILED id='menu-libs-expendable-button_quad-focus-left' url=file://Media/Manialinks/Nadeo/CMGame/Utils/ButtonStyles/Rounded/Common_Button_Contour_Start_Rounded.dds visible=1 pos=-128.162,55.5 size=6x12
[   ScriptRuntime] [  LOG] [20:35:52.802] [_W7Probe]  W7:     FAILED id='menu-libs-expendable-button_quad-bg-right' url=file://Media/Manialinks/Nadeo/CMGame/Utils/ButtonStyles/Rounded/Common_Button_End_Rounded.dds visible=1 pos=-122.162,55.5 size=6x12
[   ScriptRuntime] [  LOG] [20:35:52.802] [_W7Probe]  W7:     FAILED id='menu-libs-expendable-button_quad-bg-left' url=file://Media/Manialinks/Nadeo/CMGame/Utils/ButtonStyles/Rounded/Common_Button_Start_Rounded.dds visible=1 pos=-128.162,55.5 size=6x12
[   ScriptRuntime] [  LOG] [20:35:52.802] [_W7Probe]  W7:     FAILED id='menu-libs-expendable-button_quad-focus-right' url=file://Media/Manialinks/Nadeo/CMGame/Utils/ButtonStyles/Rounded/Common_Button_Contour_End_Rounded.dds visible=1 pos=56.2946,54.25 size=4.75x9.5
[   ScriptRuntime] [  LOG] [20:35:52.802] [_W7Probe]  W7:     FAILED id='menu-libs-expendable-button_quad-focus-center' url=file://Media/Manialinks/Nadeo/CMGame/Utils/ButtonStyles/Rounded/Common_Button_Contour_Middle.dds visible=1 pos=32.8809,54.25 size=23.4137x9.5
[   ScriptRuntime] [  LOG] [20:35:52.802] [_W7Probe]  W7:     FAILED id='menu-libs-expendable-button_quad-focus-left' url=file://Media/Manialinks/Nadeo/CMGame/Utils/ButtonStyles/Rounded/Common_Button_Contour_Start_Rounded.dds visible=1 pos=28.1309,54.25 size=4.75x9.5
[   ScriptRuntime] [  LOG] [20:35:52.803] [_W7Probe]  W7:     FAILED id='menu-libs-expendable-button_quad-bg-right' url=file://Media/Manialinks/Nadeo/CMGame/Utils/ButtonStyles/Rounded/Common_Button_End_Rounded.dds visible=1 pos=56.2946,54.25 size=4.75x9.5
[   ScriptRuntime] [  LOG] [20:35:52.803] [_W7Probe]  W7:     FAILED id='menu-libs-expendable-button_quad-bg-left' url=file://Media/Manialinks/Nadeo/CMGame/Utils/ButtonStyles/Rounded/Common_Button_Start_Rounded.dds visible=1 pos=28.1309,54.25 size=4.75x9.5
[   ScriptRuntime] [  LOG] [20:35:52.803] [_W7Probe]  W7:     FAILED id='menu-libs-expendable-button_quad-focus-right' url=file://Media/Manialinks/Nadeo/CMGame/Utils/ButtonStyles/Rounded/Common_Button_Contour_End_Rounded.dds visible=1 pos=25.056,54.25 size=4.75x9.5
[   ScriptRuntime] [  LOG] [20:35:52.803] [_W7Probe]  W7:     FAILED id='menu-libs-expendable-button_quad-focus-center' url=file://Media/Manialinks/Nadeo/CMGame/Utils/ButtonStyles/Rounded/Common_Button_Contour_Middle.dds visible=1 pos=11.1771,54.25 size=13.8789x9.5
[   ScriptRuntime] [  LOG] [20:35:52.803] [_W7Probe]  W7:     FAILED id='menu-libs-expendable-button_quad-focus-left' url=file://Media/Manialinks/Nadeo/CMGame/Utils/ButtonStyles/Rounded/Common_Button_Contour_Start_Rounded.dds visible=1 pos=6.4271,54.25 size=4.75x9.5
[   ScriptRuntime] [  LOG] [20:35:52.803] [_W7Probe]  W7:     FAILED id='menu-libs-expendable-button_quad-bg-right' url=file://Media/Manialinks/Nadeo/CMGame/Utils/ButtonStyles/Rounded/Common_Button_End_Rounded.dds visible=1 pos=25.056,54.25 size=4.75x9.5
[   ScriptRuntime] [  LOG] [20:35:52.803] [_W7Probe]  W7:     FAILED id='menu-libs-expendable-button_quad-bg-left' url=file://Media/Manialinks/Nadeo/CMGame/Utils/ButtonStyles/Rounded/Common_Button_Start_Rounded.dds visible=1 pos=6.4271,54.25 size=4.75x9.5
[   ScriptRuntime] [  LOG] [20:35:52.803] [_W7Probe]  W7:     FAILED id='menu-libs-expendable-button_quad-focus-right' url=file://Media/Manialinks/Nadeo/CMGame/Utils/ButtonStyles/Rounded/Common_Button_Contour_End_Rounded.dds visible=1 pos=3.3522,54.25 size=4.75x9.5
[   ScriptRuntime] [  LOG] [20:35:52.803] [_W7Probe]  W7:     FAILED id='menu-libs-expendable-button_quad-focus-center' url=file://Media/Manialinks/Nadeo/CMGame/Utils/ButtonStyles/Rounded/Common_Button_Contour_Middle.dds visible=1 pos=-28.5151,54.25 size=31.8673x9.5
[   ScriptRuntime] [  LOG] [20:35:52.803] [_W7Probe]  W7:     FAILED id='menu-libs-expendable-button_quad-focus-left' url=file://Media/Manialinks/Nadeo/CMGame/Utils/ButtonStyles/Rounded/Common_Button_Contour_Start_Rounded.dds visible=1 pos=-33.2651,54.25 size=4.75x9.5
[   ScriptRuntime] [  LOG] [20:35:52.803] [_W7Probe]  W7:     FAILED id='menu-libs-expendable-button_quad-bg-right' url=file://Media/Manialinks/Nadeo/CMGame/Utils/ButtonStyles/Rounded/Common_Button_End_Rounded.dds visible=1 pos=3.3522,54.25 size=4.75x9.5
[   ScriptRuntime] [  LOG] [20:35:52.803] [_W7Probe]  W7:     FAILED id='menu-libs-expendable-button_quad-bg-left' url=file://Media/Manialinks/Nadeo/CMGame/Utils/ButtonStyles/Rounded/Common_Button_Start_Rounded.dds visible=1 pos=-33.2651,54.25 size=4.75x9.5
[   ScriptRuntime] [  LOG] [20:35:52.803] [_W7Probe]  W7:     FAILED id='menu-libs-expendable-button_quad-focus-right' url=file://Media/Manialinks/Nadeo/CMGame/Utils/ButtonStyles/Rounded/Common_Button_Contour_End_Rounded.dds visible=1 pos=-36.34,54.25 size=4.75x9.5
[   ScriptRuntime] [  LOG] [20:35:52.803] [_W7Probe]  W7:     FAILED id='menu-libs-expendable-button_quad-focus-center' url=file://Media/Manialinks/Nadeo/CMGame/Utils/ButtonStyles/Rounded/Common_Button_Contour_Middle.dds visible=1 pos=-58.0336,54.25 size=21.6935x9.5
[   ScriptRuntime] [  LOG] [20:35:52.803] [_W7Probe]  W7:     FAILED id='menu-libs-expendable-button_quad-focus-left' url=file://Media/Manialinks/Nadeo/CMGame/Utils/ButtonStyles/Rounded/Common_Button_Contour_Start_Rounded.dds visible=1 pos=-62.7836,54.25 size=4.75x9.5
[   ScriptRuntime] [  LOG] [20:35:52.803] [_W7Probe]  W7:     FAILED id='menu-libs-expendable-button_quad-bg-right' url=file://Media/Manialinks/Nadeo/CMGame/Utils/ButtonStyles/Rounded/Common_Button_End_Rounded.dds visible=1 pos=-36.34,54.25 size=4.75x9.5
[   ScriptRuntime] [  LOG] [20:35:52.803] [_W7Probe]  W7:     FAILED id='menu-libs-expendable-button_quad-bg-left' url=file://Media/Manialinks/Nadeo/CMGame/Utils/ButtonStyles/Rounded/Common_Button_Start_Rounded.dds visible=1 pos=-62.7836,54.25 size=4.75x9.5
[   ScriptRuntime] [  LOG] [20:35:52.803] [_W7Probe]  W7:     FAILED id='menu-libs-expendable-button_quad-focus-right' url=file://Media/Manialinks/Nadeo/CMGame/Utils/ButtonStyles/Rounded/Common_Button_Contour_End_Rounded.dds visible=1 pos=-65.8585,54.25 size=4.75x9.5
[   ScriptRuntime] [  LOG] [20:35:52.803] [_W7Probe]  W7:     FAILED id='menu-libs-expendable-button_quad-focus-center' url=file://Media/Manialinks/Nadeo/CMGame/Utils/ButtonStyles/Rounded/Common_Button_Contour_Middle.dds visible=1 pos=-85.242,54.25 size=19.3835x9.5
[   ScriptRuntime] [  LOG] [20:35:52.803] [_W7Probe]  W7:     FAILED id='menu-libs-expendable-button_quad-focus-left' url=file://Media/Manialinks/Nadeo/CMGame/Utils/ButtonStyles/Rounded/Common_Button_Contour_Start_Rounded.dds visible=1 pos=-89.992,54.25 size=4.75x9.5
[   ScriptRuntime] [  LOG] [20:35:52.803] [_W7Probe]  W7:     FAILED id='menu-libs-expendable-button_quad-bg-right' url=file://Media/Manialinks/Nadeo/CMGame/Utils/ButtonStyles/Rounded/Common_Button_End_Rounded.dds visible=1 pos=-65.8585,54.25 size=4.75x9.5
[   ScriptRuntime] [  LOG] [20:35:52.803] [_W7Probe]  W7:     FAILED id='menu-libs-expendable-button_quad-bg-left' url=file://Media/Manialinks/Nadeo/CMGame/Utils/ButtonStyles/Rounded/Common_Button_Start_Rounded.dds visible=1 pos=-89.992,54.25 size=4.75x9.5
[   ScriptRuntime] [  LOG] [20:35:52.803] [_W7Probe]  W7:     FAILED id='menu-libs-expendable-button_quad-focus-right' url=file://Media/Manialinks/Nadeo/CMGame/Utils/ButtonStyles/Rounded/Common_Button_Contour_End_Rounded.dds visible=1 pos=-93.0669,54.25 size=4.75x9.5
[   ScriptRuntime] [  LOG] [20:35:52.803] [_W7Probe]  W7:     FAILED id='menu-libs-expendable-button_quad-focus-center' url=file://Media/Manialinks/Nadeo/CMGame/Utils/ButtonStyles/Rounded/Common_Button_Contour_Middle.dds visible=1 pos=-118.25,54.25 size=25.1831x9.5
[   ScriptRuntime] [  LOG] [20:35:52.803] [_W7Probe]  W7:     FAILED id='menu-libs-expendable-button_quad-focus-left' url=file://Media/Manialinks/Nadeo/CMGame/Utils/ButtonStyles/Rounded/Common_Button_Contour_Start_Rounded.dds visible=1 pos=-123,54.25 size=4.75x9.5
[   ScriptRuntime] [  LOG] [20:35:52.803] [_W7Probe]  W7:     FAILED id='menu-libs-expendable-button_quad-bg-right' url=file://Media/Manialinks/Nadeo/CMGame/Utils/ButtonStyles/Rounded/Common_Button_End_Rounded.dds visible=1 pos=-93.0669,54.25 size=4.75x9.5
[   ScriptRuntime] [  LOG] [20:35:52.803] [_W7Probe]  W7:     FAILED id='menu-libs-expendable-button_quad-bg-left' url=file://Media/Manialinks/Nadeo/CMGame/Utils/ButtonStyles/Rounded/Common_Button_Start_Rounded.dds visible=1 pos=-123,54.25 size=4.75x9.5
[   ScriptRuntime] [  LOG] [20:35:52.803] [_W7Probe]  W7:     FAILED id='menu-libs-expendable-button_quad-focus-right' url=file://Media/Manialinks/Nadeo/CMGame/Utils/ButtonStyles/Rounded/Common_Button_Contour_End_Rounded.dds visible=1 pos=36.6548,-21.7445 size=6x12
[   ScriptRuntime] [  LOG] [20:35:52.803] [_W7Probe]  W7:     FAILED id='menu-libs-expendable-button_quad-focus-center' url=file://Media/Manialinks/Nadeo/CMGame/Utils/ButtonStyles/Rounded/Common_Button_Contour_Middle.dds visible=1 pos=7.44149,-21.7445 size=29.2133x12
[   ScriptRuntime] [  LOG] [20:35:52.803] [_W7Probe]  W7:     FAILED id='menu-libs-expendable-button_quad-focus-left' url=file://Media/Manialinks/Nadeo/CMGame/Utils/ButtonStyles/Rounded/Common_Button_Contour_Start_Rounded.dds visible=1 pos=1.44149,-21.7445 size=6x12
[   ScriptRuntime] [  LOG] [20:35:52.803] [_W7Probe]  W7:     FAILED id='menu-libs-expendable-button_quad-bg-right' url=file://Media/Manialinks/Nadeo/CMGame/Utils/ButtonStyles/Rounded/Common_Button_End_Rounded.dds visible=1 pos=36.6548,-21.7445 size=6x12
[   ScriptRuntime] [  LOG] [20:35:52.803] [_W7Probe]  W7:     FAILED id='menu-libs-expendable-button_quad-bg-left' url=file://Media/Manialinks/Nadeo/CMGame/Utils/ButtonStyles/Rounded/Common_Button_Start_Rounded.dds visible=1 pos=1.44149,-21.7445 size=6x12
[   ScriptRuntime] [  LOG] [20:35:52.803] [_W7Probe]  W7:     FAILED id='menu-libs-expendable-button_quad-focus-right' url=file://Media/Manialinks/Nadeo/CMGame/Utils/ButtonStyles/Rounded/Common_Button_Contour_End_Rounded.dds visible=1 pos=-22.5338,-21.7445 size=6x12
[   ScriptRuntime] [  LOG] [20:35:52.803] [_W7Probe]  W7:     FAILED id='menu-libs-expendable-button_quad-focus-center' url=file://Media/Manialinks/Nadeo/CMGame/Utils/ButtonStyles/Rounded/Common_Button_Contour_Middle.dds visible=1 pos=-46.439,-21.7445 size=23.9052x12
[   ScriptRuntime] [  LOG] [20:35:52.803] [_W7Probe]  W7:     FAILED id='menu-libs-expendable-button_quad-focus-left' url=file://Media/Manialinks/Nadeo/CMGame/Utils/ButtonStyles/Rounded/Common_Button_Contour_Start_Rounded.dds visible=1 pos=-52.439,-21.7445 size=6x12
[   ScriptRuntime] [  LOG] [20:35:52.803] [_W7Probe]  W7:     FAILED id='menu-libs-expendable-button_quad-bg-right' url=file://Media/Manialinks/Nadeo/CMGame/Utils/ButtonStyles/Rounded/Common_Button_End_Rounded.dds visible=1 pos=-22.5338,-21.7445 size=6x12
[   ScriptRuntime] [  LOG] [20:35:52.803] [_W7Probe]  W7:     FAILED id='menu-libs-expendable-button_quad-bg-left' url=file://Media/Manialinks/Nadeo/CMGame/Utils/ButtonStyles/Rounded/Common_Button_Start_Rounded.dds visible=1 pos=-52.439,-21.7445 size=6x12
[   ScriptRuntime] [  LOG] [20:35:52.803] [_W7Probe]  W7:     FAILED id='menu-libs-expendable-button_quad-focus-right' url=file://Media/Manialinks/Nadeo/CMGame/Utils/ButtonStyles/Rounded/Common_Button_Contour_End_Rounded.dds visible=1 pos=-2.20287,-41 size=6x12
[   ScriptRuntime] [  LOG] [20:35:52.803] [_W7Probe]  W7:     FAILED id='menu-libs-expendable-button_quad-focus-center' url=file://Media/Manialinks/Nadeo/CMGame/Utils/ButtonStyles/Rounded/Common_Button_Contour_Middle.dds visible=1 pos=-2.20287,-41 size=0x12
[   ScriptRuntime] [  LOG] [20:35:52.803] [_W7Probe]  W7:     FAILED id='menu-libs-expendable-button_quad-focus-left' url=file://Media/Manialinks/Nadeo/CMGame/Utils/ButtonStyles/Rounded/Common_Button_Contour_Start_Rounded.dds visible=1 pos=-8.20288,-41 size=6x12
[   ScriptRuntime] [  LOG] [20:35:52.803] [_W7Probe]  W7:     FAILED id='menu-libs-expendable-button_quad-bg-right' url=file://Media/Manialinks/Nadeo/CMGame/Utils/ButtonStyles/Rounded/Common_Button_End_Rounded.dds visible=1 pos=-2.20287,-41 size=6x12
[   ScriptRuntime] [  LOG] [20:35:52.803] [_W7Probe]  W7:     FAILED id='menu-libs-expendable-button_quad-bg-left' url=file://Media/Manialinks/Nadeo/CMGame/Utils/ButtonStyles/Rounded/Common_Button_Start_Rounded.dds visible=1 pos=-8.20288,-41 size=6x12
[   ScriptRuntime] [  LOG] [20:35:52.803] [_W7Probe]  W7:     FAILED id='menu-libs-expendable-button_quad-focus-right' url=file://Media/Manialinks/Nadeo/CMGame/Utils/ButtonStyles/Rounded/Common_Button_Contour_End_Rounded.dds visible=1 pos=-0.439602,-31 size=6x12
[   ScriptRuntime] [  LOG] [20:35:52.803] [_W7Probe]  W7:     FAILED id='menu-libs-expendable-button_quad-focus-center' url=file://Media/Manialinks/Nadeo/CMGame/Utils/ButtonStyles/Rounded/Common_Button_Contour_Middle.dds visible=1 pos=-0.439602,-31 size=0x12
[   ScriptRuntime] [  LOG] [20:35:52.803] [_W7Probe]  W7:     FAILED id='menu-libs-expendable-button_quad-focus-left' url=file://Media/Manialinks/Nadeo/CMGame/Utils/ButtonStyles/Rounded/Common_Button_Contour_Start_Rounded.dds visible=1 pos=-6.4396,-31 size=6x12
[   ScriptRuntime] [  LOG] [20:35:52.803] [_W7Probe]  W7:     FAILED id='menu-libs-expendable-button_quad-bg-right' url=file://Media/Manialinks/Nadeo/CMGame/Utils/ButtonStyles/Rounded/Common_Button_End_Rounded.dds visible=1 pos=-0.439602,-31 size=6x12
[   ScriptRuntime] [  LOG] [20:35:52.803] [_W7Probe]  W7:     FAILED id='menu-libs-expendable-button_quad-bg-left' url=file://Media/Manialinks/Nadeo/CMGame/Utils/ButtonStyles/Rounded/Common_Button_Start_Rounded.dds visible=1 pos=-6.4396,-31 size=6x12
[   ScriptRuntime] [  LOG] [20:35:52.803] [_W7Probe]  W7:     FAILED id='menu-libs-expendable-button_quad-focus-right' url=file://Media/Manialinks/Nadeo/CMGame/Utils/ButtonStyles/Rounded/Common_Button_Contour_End_Rounded.dds visible=1 pos=1.32366,-21 size=6x12
[   ScriptRuntime] [  LOG] [20:35:52.803] [_W7Probe]  W7:     FAILED id='menu-libs-expendable-button_quad-focus-center' url=file://Media/Manialinks/Nadeo/CMGame/Utils/ButtonStyles/Rounded/Common_Button_Contour_Middle.dds visible=1 pos=1.32366,-21 size=0x12
[   ScriptRuntime] [  LOG] [20:35:52.803] [_W7Probe]  W7:     FAILED id='menu-libs-expendable-button_quad-focus-left' url=file://Media/Manialinks/Nadeo/CMGame/Utils/ButtonStyles/Rounded/Common_Button_Contour_Start_Rounded.dds visible=1 pos=-4.67633,-21 size=6x12
[   ScriptRuntime] [  LOG] [20:35:52.803] [_W7Probe]  W7:     FAILED id='menu-libs-expendable-button_quad-bg-right' url=file://Media/Manialinks/Nadeo/CMGame/Utils/ButtonStyles/Rounded/Common_Button_End_Rounded.dds visible=1 pos=1.32366,-21 size=6x12
[   ScriptRuntime] [  LOG] [20:35:52.803] [_W7Probe]  W7:     FAILED id='menu-libs-expendable-button_quad-bg-left' url=file://Media/Manialinks/Nadeo/CMGame/Utils/ButtonStyles/Rounded/Common_Button_Start_Rounded.dds visible=1 pos=-4.67633,-21 size=6x12
[   ScriptRuntime] [  LOG] [20:35:52.803] [_W7Probe]  W7:     FAILED id='menu-libs-expendable-button_quad-focus-right' url=file://Media/Manialinks/Nadeo/CMGame/Utils/ButtonStyles/Rounded/Common_Button_Contour_End_Rounded.dds visible=1 pos=3.08694,-11 size=6x12
[   ScriptRuntime] [  LOG] [20:35:52.804] [_W7Probe]  W7:     FAILED id='menu-libs-expendable-button_quad-focus-center' url=file://Media/Manialinks/Nadeo/CMGame/Utils/ButtonStyles/Rounded/Common_Button_Contour_Middle.dds visible=1 pos=3.08694,-11 size=0x12
[   ScriptRuntime] [  LOG] [20:35:52.804] [_W7Probe]  W7:     FAILED id='menu-libs-expendable-button_quad-focus-left' url=file://Media/Manialinks/Nadeo/CMGame/Utils/ButtonStyles/Rounded/Common_Button_Contour_Start_Rounded.dds visible=1 pos=-2.91306,-11 size=6x12
[   ScriptRuntime] [  LOG] [20:35:52.804] [_W7Probe]  W7:     FAILED id='menu-libs-expendable-button_quad-bg-right' url=file://Media/Manialinks/Nadeo/CMGame/Utils/ButtonStyles/Rounded/Common_Button_End_Rounded.dds visible=1 pos=3.08694,-11 size=6x12
[   ScriptRuntime] [  LOG] [20:35:52.804] [_W7Probe]  W7:     FAILED id='menu-libs-expendable-button_quad-bg-left' url=file://Media/Manialinks/Nadeo/CMGame/Utils/ButtonStyles/Rounded/Common_Button_Start_Rounded.dds visible=1 pos=-2.91306,-11 size=6x12
[   ScriptRuntime] [  LOG] [20:35:52.804] [_W7Probe]  W7:     FAILED id='menu-libs-expendable-button_quad-focus-right' url=file://Media/Manialinks/Nadeo/CMGame/Utils/ButtonStyles/Rounded/Common_Button_Contour_End_Rounded.dds visible=1 pos=4.85021,-0.999999 size=6x12
[   ScriptRuntime] [  LOG] [20:35:52.804] [_W7Probe]  W7:     FAILED id='menu-libs-expendable-button_quad-focus-center' url=file://Media/Manialinks/Nadeo/CMGame/Utils/ButtonStyles/Rounded/Common_Button_Contour_Middle.dds visible=1 pos=4.85021,-0.999999 size=0x12
[   ScriptRuntime] [  LOG] [20:35:52.804] [_W7Probe]  W7:     FAILED id='menu-libs-expendable-button_quad-focus-left' url=file://Media/Manialinks/Nadeo/CMGame/Utils/ButtonStyles/Rounded/Common_Button_Contour_Start_Rounded.dds visible=1 pos=-1.14979,-0.999999 size=6x12
[   ScriptRuntime] [  LOG] [20:35:52.804] [_W7Probe]  W7:     FAILED id='menu-libs-expendable-button_quad-bg-right' url=file://Media/Manialinks/Nadeo/CMGame/Utils/ButtonStyles/Rounded/Common_Button_End_Rounded.dds visible=1 pos=4.85021,-0.999999 size=6x12
[   ScriptRuntime] [  LOG] [20:35:52.804] [_W7Probe]  W7:     FAILED id='menu-libs-expendable-button_quad-bg-left' url=file://Media/Manialinks/Nadeo/CMGame/Utils/ButtonStyles/Rounded/Common_Button_Start_Rounded.dds visible=1 pos=-1.14979,-0.999999 size=6x12
[   ScriptRuntime] [  LOG] [20:35:52.804] [_W7Probe]  W7:     FAILED id='menu-libs-expendable-button_quad-focus-right' url=file://Media/Manialinks/Nadeo/CMGame/Utils/ButtonStyles/Rounded/Common_Button_Contour_End_Rounded.dds visible=1 pos=6.61348,9 size=6x12
[   ScriptRuntime] [  LOG] [20:35:52.804] [_W7Probe]  W7:     FAILED id='menu-libs-expendable-button_quad-focus-center' url=file://Media/Manialinks/Nadeo/CMGame/Utils/ButtonStyles/Rounded/Common_Button_Contour_Middle.dds visible=1 pos=6.61348,9 size=0x12
[   ScriptRuntime] [  LOG] [20:35:52.804] [_W7Probe]  W7:     FAILED id='menu-libs-expendable-button_quad-focus-left' url=file://Media/Manialinks/Nadeo/CMGame/Utils/ButtonStyles/Rounded/Common_Button_Contour_Start_Rounded.dds visible=1 pos=0.613475,9 size=6x12
[   ScriptRuntime] [  LOG] [20:35:52.804] [_W7Probe]  W7:     FAILED id='menu-libs-expendable-button_quad-bg-right' url=file://Media/Manialinks/Nadeo/CMGame/Utils/ButtonStyles/Rounded/Common_Button_End_Rounded.dds visible=1 pos=6.61348,9 size=6x12
[   ScriptRuntime] [  LOG] [20:35:52.804] [_W7Probe]  W7:     FAILED id='menu-libs-expendable-button_quad-bg-left' url=file://Media/Manialinks/Nadeo/CMGame/Utils/ButtonStyles/Rounded/Common_Button_Start_Rounded.dds visible=1 pos=0.613475,9 size=6x12
[   ScriptRuntime] [  LOG] [20:35:52.804] [_W7Probe]  W7:     FAILED id='menu-libs-expendable-button_quad-focus-right' url=file://Media/Manialinks/Nadeo/CMGame/Utils/ButtonStyles/Rounded/Common_Button_Contour_End_Rounded.dds visible=1 pos=8.37675,19 size=6x12
[   ScriptRuntime] [  LOG] [20:35:52.804] [_W7Probe]  W7:     FAILED id='menu-libs-expendable-button_quad-focus-center' url=file://Media/Manialinks/Nadeo/CMGame/Utils/ButtonStyles/Rounded/Common_Button_Contour_Middle.dds visible=1 pos=8.37675,19 size=0x12
[   ScriptRuntime] [  LOG] [20:35:52.804] [_W7Probe]  W7:     FAILED id='menu-libs-expendable-button_quad-focus-left' url=file://Media/Manialinks/Nadeo/CMGame/Utils/ButtonStyles/Rounded/Common_Button_Contour_Start_Rounded.dds visible=1 pos=2.37675,19 size=6x12
[   ScriptRuntime] [  LOG] [20:35:52.804] [_W7Probe]  W7:     FAILED id='menu-libs-expendable-button_quad-bg-right' url=file://Media/Manialinks/Nadeo/CMGame/Utils/ButtonStyles/Rounded/Common_Button_End_Rounded.dds visible=1 pos=8.37675,19 size=6x12
[   ScriptRuntime] [  LOG] [20:35:52.804] [_W7Probe]  W7:     FAILED id='menu-libs-expendable-button_quad-bg-left' url=file://Media/Manialinks/Nadeo/CMGame/Utils/ButtonStyles/Rounded/Common_Button_Start_Rounded.dds visible=1 pos=2.37675,19 size=6x12
[   ScriptRuntime] [  LOG] [20:35:52.804] [_W7Probe]  W7:     FAILED id='menu-libs-expendable-button_quad-focus-right' url=file://Media/Manialinks/Nadeo/CMGame/Utils/ButtonStyles/Rounded/Common_Button_Contour_End_Rounded.dds visible=1 pos=36.1305,-21.7445 size=6x12
[   ScriptRuntime] [  LOG] [20:35:52.804] [_W7Probe]  W7:     FAILED id='menu-libs-expendable-button_quad-focus-center' url=file://Media/Manialinks/Nadeo/CMGame/Utils/ButtonStyles/Rounded/Common_Button_Contour_Middle.dds visible=1 pos=8.49,-21.7445 size=27.6405x12
[   ScriptRuntime] [  LOG] [20:35:52.804] [_W7Probe]  W7:     FAILED id='menu-libs-expendable-button_quad-focus-left' url=file://Media/Manialinks/Nadeo/CMGame/Utils/ButtonStyles/Rounded/Common_Button_Contour_Start_Rounded.dds visible=1 pos=2.49,-21.7445 size=6x12
[   ScriptRuntime] [  LOG] [20:35:52.804] [_W7Probe]  W7:     FAILED id='menu-libs-expendable-button_quad-bg-right' url=file://Media/Manialinks/Nadeo/CMGame/Utils/ButtonStyles/Rounded/Common_Button_End_Rounded.dds visible=1 pos=36.1305,-21.7445 size=6x12
[   ScriptRuntime] [  LOG] [20:35:52.804] [_W7Probe]  W7:     FAILED id='menu-libs-expendable-button_quad-bg-left' url=file://Media/Manialinks/Nadeo/CMGame/Utils/ButtonStyles/Rounded/Common_Button_Start_Rounded.dds visible=1 pos=2.49,-21.7445 size=6x12
[   ScriptRuntime] [  LOG] [20:35:52.804] [_W7Probe]  W7:     FAILED id='menu-libs-expendable-button_quad-focus-right' url=file://Media/Manialinks/Nadeo/CMGame/Utils/ButtonStyles/Rounded/Common_Button_Contour_End_Rounded.dds visible=1 pos=-22.0095,-21.7445 size=6x12
[   ScriptRuntime] [  LOG] [20:35:52.804] [_W7Probe]  W7:     FAILED id='menu-libs-expendable-button_quad-focus-center' url=file://Media/Manialinks/Nadeo/CMGame/Utils/ButtonStyles/Rounded/Common_Button_Contour_Middle.dds visible=1 pos=-45.9147,-21.7445 size=23.9052x12
[   ScriptRuntime] [  LOG] [20:35:52.804] [_W7Probe]  W7:     FAILED id='menu-libs-expendable-button_quad-focus-left' url=file://Media/Manialinks/Nadeo/CMGame/Utils/ButtonStyles/Rounded/Common_Button_Contour_Start_Rounded.dds visible=1 pos=-51.9147,-21.7445 size=6x12
[   ScriptRuntime] [  LOG] [20:35:52.804] [_W7Probe]  W7:     FAILED id='menu-libs-expendable-button_quad-bg-right' url=file://Media/Manialinks/Nadeo/CMGame/Utils/ButtonStyles/Rounded/Common_Button_End_Rounded.dds visible=1 pos=-22.0095,-21.7445 size=6x12
[   ScriptRuntime] [  LOG] [20:35:52.804] [_W7Probe]  W7:     FAILED id='menu-libs-expendable-button_quad-bg-left' url=file://Media/Manialinks/Nadeo/CMGame/Utils/ButtonStyles/Rounded/Common_Button_Start_Rounded.dds visible=1 pos=-51.9147,-21.7445 size=6x12
[   ScriptRuntime] [  LOG] [20:35:52.804] [_W7Probe]  W7:     FAILED id='menu-libs-expendable-button_quad-focus-right' url=file://Media/Manialinks/Nadeo/CMGame/Utils/ButtonStyles/Rounded/Common_Button_Contour_End_Rounded.dds visible=1 pos=-2.20287,-41 size=6x12
[   ScriptRuntime] [  LOG] [20:35:52.804] [_W7Probe]  W7:     FAILED id='menu-libs-expendable-button_quad-focus-center' url=file://Media/Manialinks/Nadeo/CMGame/Utils/ButtonStyles/Rounded/Common_Button_Contour_Middle.dds visible=1 pos=-2.20287,-41 size=0x12
[   ScriptRuntime] [  LOG] [20:35:52.804] [_W7Probe]  W7:     FAILED id='menu-libs-expendable-button_quad-focus-left' url=file://Media/Manialinks/Nadeo/CMGame/Utils/ButtonStyles/Rounded/Common_Button_Contour_Start_Rounded.dds visible=1 pos=-8.20288,-41 size=6x12
[   ScriptRuntime] [  LOG] [20:35:52.804] [_W7Probe]  W7:     FAILED id='menu-libs-expendable-button_quad-bg-right' url=file://Media/Manialinks/Nadeo/CMGame/Utils/ButtonStyles/Rounded/Common_Button_End_Rounded.dds visible=1 pos=-2.20287,-41 size=6x12
[   ScriptRuntime] [  LOG] [20:35:52.804] [_W7Probe]  W7:     FAILED id='menu-libs-expendable-button_quad-bg-left' url=file://Media/Manialinks/Nadeo/CMGame/Utils/ButtonStyles/Rounded/Common_Button_Start_Rounded.dds visible=1 pos=-8.20288,-41 size=6x12
[   ScriptRuntime] [  LOG] [20:35:52.804] [_W7Probe]  W7:     FAILED id='menu-libs-expendable-button_quad-focus-right' url=file://Media/Manialinks/Nadeo/CMGame/Utils/ButtonStyles/Rounded/Common_Button_Contour_End_Rounded.dds visible=1 pos=-0.439602,-31 size=6x12
[   ScriptRuntime] [  LOG] [20:35:52.804] [_W7Probe]  W7:     FAILED id='menu-libs-expendable-button_quad-focus-center' url=file://Media/Manialinks/Nadeo/CMGame/Utils/ButtonStyles/Rounded/Common_Button_Contour_Middle.dds visible=1 pos=-0.439602,-31 size=0x12
[   ScriptRuntime] [  LOG] [20:35:52.804] [_W7Probe]  W7:     FAILED id='menu-libs-expendable-button_quad-focus-left' url=file://Media/Manialinks/Nadeo/CMGame/Utils/ButtonStyles/Rounded/Common_Button_Contour_Start_Rounded.dds visible=1 pos=-6.4396,-31 size=6x12
[   ScriptRuntime] [  LOG] [20:35:52.804] [_W7Probe]  W7:     FAILED id='menu-libs-expendable-button_quad-bg-right' url=file://Media/Manialinks/Nadeo/CMGame/Utils/ButtonStyles/Rounded/Common_Button_End_Rounded.dds visible=1 pos=-0.439602,-31 size=6x12
[   ScriptRuntime] [  LOG] [20:35:52.804] [_W7Probe]  W7:     FAILED id='menu-libs-expendable-button_quad-bg-left' url=file://Media/Manialinks/Nadeo/CMGame/Utils/ButtonStyles/Rounded/Common_Button_Start_Rounded.dds visible=1 pos=-6.4396,-31 size=6x12
[   ScriptRuntime] [  LOG] [20:35:52.804] [_W7Probe]  W7:     FAILED id='menu-libs-expendable-button_quad-focus-right' url=file://Media/Manialinks/Nadeo/CMGame/Utils/ButtonStyles/Rounded/Common_Button_Contour_End_Rounded.dds visible=1 pos=1.32366,-21 size=6x12
[   ScriptRuntime] [  LOG] [20:35:52.804] [_W7Probe]  W7:     FAILED id='menu-libs-expendable-button_quad-focus-center' url=file://Media/Manialinks/Nadeo/CMGame/Utils/ButtonStyles/Rounded/Common_Button_Contour_Middle.dds visible=1 pos=1.32366,-21 size=0x12
[   ScriptRuntime] [  LOG] [20:35:52.804] [_W7Probe]  W7:     FAILED id='menu-libs-expendable-button_quad-focus-left' url=file://Media/Manialinks/Nadeo/CMGame/Utils/ButtonStyles/Rounded/Common_Button_Contour_Start_Rounded.dds visible=1 pos=-4.67633,-21 size=6x12
[   ScriptRuntime] [  LOG] [20:35:52.804] [_W7Probe]  W7:     FAILED id='menu-libs-expendable-button_quad-bg-right' url=file://Media/Manialinks/Nadeo/CMGame/Utils/ButtonStyles/Rounded/Common_Button_End_Rounded.dds visible=1 pos=1.32366,-21 size=6x12
[   ScriptRuntime] [  LOG] [20:35:52.804] [_W7Probe]  W7:     FAILED id='menu-libs-expendable-button_quad-bg-left' url=file://Media/Manialinks/Nadeo/CMGame/Utils/ButtonStyles/Rounded/Common_Button_Start_Rounded.dds visible=1 pos=-4.67633,-21 size=6x12
[   ScriptRuntime] [  LOG] [20:35:52.804] [_W7Probe]  W7:     FAILED id='menu-libs-expendable-button_quad-focus-right' url=file://Media/Manialinks/Nadeo/CMGame/Utils/ButtonStyles/Rounded/Common_Button_Contour_End_Rounded.dds visible=1 pos=3.08694,-11 size=6x12
[   ScriptRuntime] [  LOG] [20:35:52.804] [_W7Probe]  W7:     FAILED id='menu-libs-expendable-button_quad-focus-center' url=file://Media/Manialinks/Nadeo/CMGame/Utils/ButtonStyles/Rounded/Common_Button_Contour_Middle.dds visible=1 pos=3.08694,-11 size=0x12
[   ScriptRuntime] [  LOG] [20:35:52.804] [_W7Probe]  W7:     FAILED id='menu-libs-expendable-button_quad-focus-left' url=file://Media/Manialinks/Nadeo/CMGame/Utils/ButtonStyles/Rounded/Common_Button_Contour_Start_Rounded.dds visible=1 pos=-2.91306,-11 size=6x12
[   ScriptRuntime] [  LOG] [20:35:52.804] [_W7Probe]  W7:     FAILED id='menu-libs-expendable-button_quad-bg-right' url=file://Media/Manialinks/Nadeo/CMGame/Utils/ButtonStyles/Rounded/Common_Button_End_Rounded.dds visible=1 pos=3.08694,-11 size=6x12
[   ScriptRuntime] [  LOG] [20:35:52.804] [_W7Probe]  W7:     FAILED id='menu-libs-expendable-button_quad-bg-left' url=file://Media/Manialinks/Nadeo/CMGame/Utils/ButtonStyles/Rounded/Common_Button_Start_Rounded.dds visible=1 pos=-2.91306,-11 size=6x12
[   ScriptRuntime] [  LOG] [20:35:52.804] [_W7Probe]  W7:     FAILED id='menu-libs-expendable-button_quad-focus-right' url=file://Media/Manialinks/Nadeo/CMGame/Utils/ButtonStyles/Rounded/Common_Button_Contour_End_Rounded.dds visible=1 pos=4.85021,-0.999999 size=6x12
[   ScriptRuntime] [  LOG] [20:35:52.804] [_W7Probe]  W7:     FAILED id='menu-libs-expendable-button_quad-focus-center' url=file://Media/Manialinks/Nadeo/CMGame/Utils/ButtonStyles/Rounded/Common_Button_Contour_Middle.dds visible=1 pos=4.85021,-0.999999 size=0x12
[   ScriptRuntime] [  LOG] [20:35:52.804] [_W7Probe]  W7:     FAILED id='menu-libs-expendable-button_quad-focus-left' url=file://Media/Manialinks/Nadeo/CMGame/Utils/ButtonStyles/Rounded/Common_Button_Contour_Start_Rounded.dds visible=1 pos=-1.14979,-0.999999 size=6x12
[   ScriptRuntime] [  LOG] [20:35:52.804] [_W7Probe]  W7:     FAILED id='menu-libs-expendable-button_quad-bg-right' url=file://Media/Manialinks/Nadeo/CMGame/Utils/ButtonStyles/Rounded/Common_Button_End_Rounded.dds visible=1 pos=4.85021,-0.999999 size=6x12
[   ScriptRuntime] [  LOG] [20:35:52.804] [_W7Probe]  W7:     FAILED id='menu-libs-expendable-button_quad-bg-left' url=file://Media/Manialinks/Nadeo/CMGame/Utils/ButtonStyles/Rounded/Common_Button_Start_Rounded.dds visible=1 pos=-1.14979,-0.999999 size=6x12
[   ScriptRuntime] [  LOG] [20:35:52.805] [_W7Probe]  W7:     FAILED id='menu-libs-expendable-button_quad-focus-right' url=file://Media/Manialinks/Nadeo/CMGame/Utils/ButtonStyles/Rounded/Common_Button_Contour_End_Rounded.dds visible=1 pos=6.61348,9 size=6x12
[   ScriptRuntime] [  LOG] [20:35:52.805] [_W7Probe]  W7:     FAILED id='menu-libs-expendable-button_quad-focus-center' url=file://Media/Manialinks/Nadeo/CMGame/Utils/ButtonStyles/Rounded/Common_Button_Contour_Middle.dds visible=1 pos=6.61348,9 size=0x12
[   ScriptRuntime] [  LOG] [20:35:52.805] [_W7Probe]  W7:     FAILED id='menu-libs-expendable-button_quad-focus-left' url=file://Media/Manialinks/Nadeo/CMGame/Utils/ButtonStyles/Rounded/Common_Button_Contour_Start_Rounded.dds visible=1 pos=0.613475,9 size=6x12
[   ScriptRuntime] [  LOG] [20:35:52.805] [_W7Probe]  W7:     FAILED id='menu-libs-expendable-button_quad-bg-right' url=file://Media/Manialinks/Nadeo/CMGame/Utils/ButtonStyles/Rounded/Common_Button_End_Rounded.dds visible=1 pos=6.61348,9 size=6x12
[   ScriptRuntime] [  LOG] [20:35:52.805] [_W7Probe]  W7:     FAILED id='menu-libs-expendable-button_quad-bg-left' url=file://Media/Manialinks/Nadeo/CMGame/Utils/ButtonStyles/Rounded/Common_Button_Start_Rounded.dds visible=1 pos=0.613475,9 size=6x12
[   ScriptRuntime] [  LOG] [20:35:52.805] [_W7Probe]  W7:     FAILED id='menu-libs-expendable-button_quad-focus-right' url=file://Media/Manialinks/Nadeo/CMGame/Utils/ButtonStyles/Rounded/Common_Button_Contour_End_Rounded.dds visible=1 pos=8.37675,19 size=6x12
[   ScriptRuntime] [  LOG] [20:35:52.805] [_W7Probe]  W7:     FAILED id='menu-libs-expendable-button_quad-focus-center' url=file://Media/Manialinks/Nadeo/CMGame/Utils/ButtonStyles/Rounded/Common_Button_Contour_Middle.dds visible=1 pos=8.37675,19 size=0x12
[   ScriptRuntime] [  LOG] [20:35:52.805] [_W7Probe]  W7:     FAILED id='menu-libs-expendable-button_quad-focus-left' url=file://Media/Manialinks/Nadeo/CMGame/Utils/ButtonStyles/Rounded/Common_Button_Contour_Start_Rounded.dds visible=1 pos=2.37675,19 size=6x12
[   ScriptRuntime] [  LOG] [20:35:52.805] [_W7Probe]  W7:     FAILED id='menu-libs-expendable-button_quad-bg-right' url=file://Media/Manialinks/Nadeo/CMGame/Utils/ButtonStyles/Rounded/Common_Button_End_Rounded.dds visible=1 pos=8.37675,19 size=6x12
[   ScriptRuntime] [  LOG] [20:35:52.805] [_W7Probe]  W7:     FAILED id='menu-libs-expendable-button_quad-bg-left' url=file://Media/Manialinks/Nadeo/CMGame/Utils/ButtonStyles/Rounded/Common_Button_Start_Rounded.dds visible=1 pos=2.37675,19 size=6x12
[   ScriptRuntime] [  LOG] [20:35:52.805] [_W7Probe]  W7:     FAILED id='menu-libs-expendable-button_quad-focus-right' url=file://Media/Manialinks/Nadeo/CMGame/Utils/ButtonStyles/Rounded/Common_Button_Contour_End_Rounded.dds visible=1 pos=109.186,-61 size=6x12
[   ScriptRuntime] [  LOG] [20:35:52.805] [_W7Probe]  W7:     FAILED id='menu-libs-expendable-button_quad-focus-center' url=file://Media/Manialinks/Nadeo/CMGame/Utils/ButtonStyles/Rounded/Common_Button_Contour_Middle.dds visible=1 pos=85.1825,-61 size=24.0035x12
[   ScriptRuntime] [  LOG] [20:35:52.805] [_W7Probe]  W7:     FAILED id='menu-libs-expendable-button_quad-focus-left' url=file://Media/Manialinks/Nadeo/CMGame/Utils/ButtonStyles/Rounded/Common_Button_Contour_Start_Rounded.dds visible=1 pos=79.1825,-61 size=6x12
[   ScriptRuntime] [  LOG] [20:35:52.805] [_W7Probe]  W7:     FAILED id='menu-libs-expendable-button_quad-bg-right' url=file://Media/Manialinks/Nadeo/CMGame/Utils/ButtonStyles/Rounded/Common_Button_End_Rounded.dds visible=1 pos=109.186,-61 size=6x12
[   ScriptRuntime] [  LOG] [20:35:52.805] [_W7Probe]  W7:     FAILED id='menu-libs-expendable-button_quad-bg-left' url=file://Media/Manialinks/Nadeo/CMGame/Utils/ButtonStyles/Rounded/Common_Button_Start_Rounded.dds visible=1 pos=79.1825,-61 size=6x12
[   ScriptRuntime] [  LOG] [20:35:52.805] [_W7Probe]  W7:     FAILED id='menu-libs-expendable-button_quad-focus-right' url=file://Media/Manialinks/Nadeo/CMGame/Utils/ButtonStyles/Rounded/Common_Button_Contour_End_Rounded.dds visible=1 pos=-113.314,-61 size=6x12
[   ScriptRuntime] [  LOG] [20:35:52.805] [_W7Probe]  W7:     FAILED id='menu-libs-expendable-button_quad-focus-center' url=file://Media/Manialinks/Nadeo/CMGame/Utils/ButtonStyles/Rounded/Common_Button_Contour_Middle.dds visible=1 pos=-131.314,-61 size=18x12
[   ScriptRuntime] [  LOG] [20:35:52.805] [_W7Probe]  W7:     FAILED id='menu-libs-expendable-button_quad-focus-left' url=file://Media/Manialinks/Nadeo/CMGame/Utils/ButtonStyles/Rounded/Common_Button_Contour_Start_Rounded.dds visible=1 pos=-137.314,-61 size=6x12
[   ScriptRuntime] [  LOG] [20:35:52.805] [_W7Probe]  W7:     FAILED id='menu-libs-expendable-button_quad-bg-right' url=file://Media/Manialinks/Nadeo/CMGame/Utils/ButtonStyles/Rounded/Common_Button_End_Rounded.dds visible=1 pos=-113.314,-61 size=6x12
[   ScriptRuntime] [  LOG] [20:35:52.805] [_W7Probe]  W7:     FAILED id='menu-libs-expendable-button_quad-bg-left' url=file://Media/Manialinks/Nadeo/CMGame/Utils/ButtonStyles/Rounded/Common_Button_Start_Rounded.dds visible=1 pos=-137.314,-61 size=6x12
[   ScriptRuntime] [  LOG] [20:35:52.805] [_W7Probe]  W7:     FAILED id='menu-libs-expendable-button_quad-focus-right' url=file://Media/Manialinks/Nadeo/CMGame/Utils/ButtonStyles/Rounded/Common_Button_Contour_End_Rounded.dds visible=1 pos=33.4274,-21.7445 size=6x12
[   ScriptRuntime] [  LOG] [20:35:52.805] [_W7Probe]  W7:     FAILED id='menu-libs-expendable-button_quad-focus-center' url=file://Media/Manialinks/Nadeo/CMGame/Utils/ButtonStyles/Rounded/Common_Button_Contour_Middle.dds visible=1 pos=13.8964,-21.7445 size=19.531x12
[   ScriptRuntime] [  LOG] [20:35:52.805] [_W7Probe]  W7:     FAILED id='menu-libs-expendable-button_quad-focus-left' url=file://Media/Manialinks/Nadeo/CMGame/Utils/ButtonStyles/Rounded/Common_Button_Contour_Start_Rounded.dds visible=1 pos=7.89638,-21.7445 size=6x12
[   ScriptRuntime] [  LOG] [20:35:52.805] [_W7Probe]  W7:     FAILED id='menu-libs-expendable-button_quad-bg-right' url=file://Media/Manialinks/Nadeo/CMGame/Utils/ButtonStyles/Rounded/Common_Button_End_Rounded.dds visible=1 pos=33.4274,-21.7445 size=6x12
[   ScriptRuntime] [  LOG] [20:35:52.805] [_W7Probe]  W7:     FAILED id='menu-libs-expendable-button_quad-bg-left' url=file://Media/Manialinks/Nadeo/CMGame/Utils/ButtonStyles/Rounded/Common_Button_Start_Rounded.dds visible=1 pos=7.89638,-21.7445 size=6x12
[   ScriptRuntime] [  LOG] [20:35:52.805] [_W7Probe]  W7:     FAILED id='menu-libs-expendable-button_quad-focus-right' url=file://Media/Manialinks/Nadeo/CMGame/Utils/ButtonStyles/Rounded/Common_Button_Contour_End_Rounded.dds visible=1 pos=-19.3063,-21.7445 size=6x12
[   ScriptRuntime] [  LOG] [20:35:52.805] [_W7Probe]  W7:     FAILED id='menu-libs-expendable-button_quad-focus-center' url=file://Media/Manialinks/Nadeo/CMGame/Utils/ButtonStyles/Rounded/Common_Button_Contour_Middle.dds visible=1 pos=-43.2116,-21.7445 size=23.9052x12
[   ScriptRuntime] [  LOG] [20:35:52.805] [_W7Probe]  W7:     FAILED id='menu-libs-expendable-button_quad-focus-left' url=file://Media/Manialinks/Nadeo/CMGame/Utils/ButtonStyles/Rounded/Common_Button_Contour_Start_Rounded.dds visible=1 pos=-49.2116,-21.7445 size=6x12
[   ScriptRuntime] [  LOG] [20:35:52.805] [_W7Probe]  W7:     FAILED id='menu-libs-expendable-button_quad-bg-right' url=file://Media/Manialinks/Nadeo/CMGame/Utils/ButtonStyles/Rounded/Common_Button_End_Rounded.dds visible=1 pos=-19.3063,-21.7445 size=6x12
[   ScriptRuntime] [  LOG] [20:35:52.805] [_W7Probe]  W7:     FAILED id='menu-libs-expendable-button_quad-bg-left' url=file://Media/Manialinks/Nadeo/CMGame/Utils/ButtonStyles/Rounded/Common_Button_Start_Rounded.dds visible=1 pos=-49.2116,-21.7445 size=6x12
[   ScriptRuntime] [  LOG] [20:35:52.805] [_W7Probe]  W7:     FAILED id='menu-libs-expendable-button_quad-focus-right' url=file://Media/Manialinks/Nadeo/CMGame/Utils/ButtonStyles/Rounded/Common_Button_Contour_End_Rounded.dds visible=1 pos=-2.20287,-41 size=6x12
[   ScriptRuntime] [  LOG] [20:35:52.805] [_W7Probe]  W7:     FAILED id='menu-libs-expendable-button_quad-focus-center' url=file://Media/Manialinks/Nadeo/CMGame/Utils/ButtonStyles/Rounded/Common_Button_Contour_Middle.dds visible=1 pos=-2.20287,-41 size=0x12
[   ScriptRuntime] [  LOG] [20:35:52.805] [_W7Probe]  W7:     FAILED id='menu-libs-expendable-button_quad-focus-left' url=file://Media/Manialinks/Nadeo/CMGame/Utils/ButtonStyles/Rounded/Common_Button_Contour_Start_Rounded.dds visible=1 pos=-8.20288,-41 size=6x12
[   ScriptRuntime] [  LOG] [20:35:52.805] [_W7Probe]  W7:     FAILED id='menu-libs-expendable-button_quad-bg-right' url=file://Media/Manialinks/Nadeo/CMGame/Utils/ButtonStyles/Rounded/Common_Button_End_Rounded.dds visible=1 pos=-2.20287,-41 size=6x12
[   ScriptRuntime] [  LOG] [20:35:52.805] [_W7Probe]  W7:     FAILED id='menu-libs-expendable-button_quad-bg-left' url=file://Media/Manialinks/Nadeo/CMGame/Utils/ButtonStyles/Rounded/Common_Button_Start_Rounded.dds visible=1 pos=-8.20288,-41 size=6x12
[   ScriptRuntime] [  LOG] [20:35:52.805] [_W7Probe]  W7:     FAILED id='menu-libs-expendable-button_quad-focus-right' url=file://Media/Manialinks/Nadeo/CMGame/Utils/ButtonStyles/Rounded/Common_Button_Contour_End_Rounded.dds visible=1 pos=-0.439602,-31 size=6x12
[   ScriptRuntime] [  LOG] [20:35:52.805] [_W7Probe]  W7:     FAILED id='menu-libs-expendable-button_quad-focus-center' url=file://Media/Manialinks/Nadeo/CMGame/Utils/ButtonStyles/Rounded/Common_Button_Contour_Middle.dds visible=1 pos=-0.439602,-31 size=0x12
[   ScriptRuntime] [  LOG] [20:35:52.805] [_W7Probe]  W7:     FAILED id='menu-libs-expendable-button_quad-focus-left' url=file://Media/Manialinks/Nadeo/CMGame/Utils/ButtonStyles/Rounded/Common_Button_Contour_Start_Rounded.dds visible=1 pos=-6.4396,-31 size=6x12
[   ScriptRuntime] [  LOG] [20:35:52.805] [_W7Probe]  W7:     FAILED id='menu-libs-expendable-button_quad-bg-right' url=file://Media/Manialinks/Nadeo/CMGame/Utils/ButtonStyles/Rounded/Common_Button_End_Rounded.dds visible=1 pos=-0.439602,-31 size=6x12
[   ScriptRuntime] [  LOG] [20:35:52.805] [_W7Probe]  W7:     FAILED id='menu-libs-expendable-button_quad-bg-left' url=file://Media/Manialinks/Nadeo/CMGame/Utils/ButtonStyles/Rounded/Common_Button_Start_Rounded.dds visible=1 pos=-6.4396,-31 size=6x12
[   ScriptRuntime] [  LOG] [20:35:52.805] [_W7Probe]  W7:     FAILED id='menu-libs-expendable-button_quad-focus-right' url=file://Media/Manialinks/Nadeo/CMGame/Utils/ButtonStyles/Rounded/Common_Button_Contour_End_Rounded.dds visible=1 pos=1.32366,-21 size=6x12
[   ScriptRuntime] [  LOG] [20:35:52.805] [_W7Probe]  W7:     FAILED id='menu-libs-expendable-button_quad-focus-center' url=file://Media/Manialinks/Nadeo/CMGame/Utils/ButtonStyles/Rounded/Common_Button_Contour_Middle.dds visible=1 pos=1.32366,-21 size=0x12
[   ScriptRuntime] [  LOG] [20:35:52.805] [_W7Probe]  W7:     FAILED id='menu-libs-expendable-button_quad-focus-left' url=file://Media/Manialinks/Nadeo/CMGame/Utils/ButtonStyles/Rounded/Common_Button_Contour_Start_Rounded.dds visible=1 pos=-4.67633,-21 size=6x12
[   ScriptRuntime] [  LOG] [20:35:52.805] [_W7Probe]  W7:     FAILED id='menu-libs-expendable-button_quad-bg-right' url=file://Media/Manialinks/Nadeo/CMGame/Utils/ButtonStyles/Rounded/Common_Button_End_Rounded.dds visible=1 pos=1.32366,-21 size=6x12
[   ScriptRuntime] [  LOG] [20:35:52.805] [_W7Probe]  W7:     FAILED id='menu-libs-expendable-button_quad-bg-left' url=file://Media/Manialinks/Nadeo/CMGame/Utils/ButtonStyles/Rounded/Common_Button_Start_Rounded.dds visible=1 pos=-4.67633,-21 size=6x12
[   ScriptRuntime] [  LOG] [20:35:52.805] [_W7Probe]  W7:     FAILED id='menu-libs-expendable-button_quad-focus-right' url=file://Media/Manialinks/Nadeo/CMGame/Utils/ButtonStyles/Rounded/Common_Button_Contour_End_Rounded.dds visible=1 pos=3.08694,-11 size=6x12
[   ScriptRuntime] [  LOG] [20:35:52.805] [_W7Probe]  W7:     FAILED id='menu-libs-expendable-button_quad-focus-center' url=file://Media/Manialinks/Nadeo/CMGame/Utils/ButtonStyles/Rounded/Common_Button_Contour_Middle.dds visible=1 pos=3.08694,-11 size=0x12
[   ScriptRuntime] [  LOG] [20:35:52.805] [_W7Probe]  W7:     FAILED id='menu-libs-expendable-button_quad-focus-left' url=file://Media/Manialinks/Nadeo/CMGame/Utils/ButtonStyles/Rounded/Common_Button_Contour_Start_Rounded.dds visible=1 pos=-2.91306,-11 size=6x12
[   ScriptRuntime] [  LOG] [20:35:52.805] [_W7Probe]  W7:     FAILED id='menu-libs-expendable-button_quad-bg-right' url=file://Media/Manialinks/Nadeo/CMGame/Utils/ButtonStyles/Rounded/Common_Button_End_Rounded.dds visible=1 pos=3.08694,-11 size=6x12
[   ScriptRuntime] [  LOG] [20:35:52.805] [_W7Probe]  W7:     FAILED id='menu-libs-expendable-button_quad-bg-left' url=file://Media/Manialinks/Nadeo/CMGame/Utils/ButtonStyles/Rounded/Common_Button_Start_Rounded.dds visible=1 pos=-2.91306,-11 size=6x12
[   ScriptRuntime] [  LOG] [20:35:52.806] [_W7Probe]  W7:     FAILED id='menu-libs-expendable-button_quad-focus-right' url=file://Media/Manialinks/Nadeo/CMGame/Utils/ButtonStyles/Rounded/Common_Button_Contour_End_Rounded.dds visible=1 pos=4.85021,-0.999999 size=6x12
[   ScriptRuntime] [  LOG] [20:35:52.806] [_W7Probe]  W7:     FAILED id='menu-libs-expendable-button_quad-focus-center' url=file://Media/Manialinks/Nadeo/CMGame/Utils/ButtonStyles/Rounded/Common_Button_Contour_Middle.dds visible=1 pos=4.85021,-0.999999 size=0x12
[   ScriptRuntime] [  LOG] [20:35:52.806] [_W7Probe]  W7:     FAILED id='menu-libs-expendable-button_quad-focus-left' url=file://Media/Manialinks/Nadeo/CMGame/Utils/ButtonStyles/Rounded/Common_Button_Contour_Start_Rounded.dds visible=1 pos=-1.14979,-0.999999 size=6x12
[   ScriptRuntime] [  LOG] [20:35:52.806] [_W7Probe]  W7:     FAILED id='menu-libs-expendable-button_quad-bg-right' url=file://Media/Manialinks/Nadeo/CMGame/Utils/ButtonStyles/Rounded/Common_Button_End_Rounded.dds visible=1 pos=4.85021,-0.999999 size=6x12
[   ScriptRuntime] [  LOG] [20:35:52.806] [_W7Probe]  W7:     FAILED id='menu-libs-expendable-button_quad-bg-left' url=file://Media/Manialinks/Nadeo/CMGame/Utils/ButtonStyles/Rounded/Common_Button_Start_Rounded.dds visible=1 pos=-1.14979,-0.999999 size=6x12
[   ScriptRuntime] [  LOG] [20:35:52.806] [_W7Probe]  W7:     FAILED id='menu-libs-expendable-button_quad-focus-right' url=file://Media/Manialinks/Nadeo/CMGame/Utils/ButtonStyles/Rounded/Common_Button_Contour_End_Rounded.dds visible=1 pos=6.61348,9 size=6x12
[   ScriptRuntime] [  LOG] [20:35:52.806] [_W7Probe]  W7:     FAILED id='menu-libs-expendable-button_quad-focus-center' url=file://Media/Manialinks/Nadeo/CMGame/Utils/ButtonStyles/Rounded/Common_Button_Contour_Middle.dds visible=1 pos=6.61348,9 size=0x12
[   ScriptRuntime] [  LOG] [20:35:52.806] [_W7Probe]  W7:     FAILED id='menu-libs-expendable-button_quad-focus-left' url=file://Media/Manialinks/Nadeo/CMGame/Utils/ButtonStyles/Rounded/Common_Button_Contour_Start_Rounded.dds visible=1 pos=0.613475,9 size=6x12
[   ScriptRuntime] [  LOG] [20:35:52.806] [_W7Probe]  W7:     FAILED id='menu-libs-expendable-button_quad-bg-right' url=file://Media/Manialinks/Nadeo/CMGame/Utils/ButtonStyles/Rounded/Common_Button_End_Rounded.dds visible=1 pos=6.61348,9 size=6x12
[   ScriptRuntime] [  LOG] [20:35:52.806] [_W7Probe]  W7:     FAILED id='menu-libs-expendable-button_quad-bg-left' url=file://Media/Manialinks/Nadeo/CMGame/Utils/ButtonStyles/Rounded/Common_Button_Start_Rounded.dds visible=1 pos=0.613475,9 size=6x12
[   ScriptRuntime] [  LOG] [20:35:52.806] [_W7Probe]  W7:     FAILED id='menu-libs-expendable-button_quad-focus-right' url=file://Media/Manialinks/Nadeo/CMGame/Utils/ButtonStyles/Rounded/Common_Button_Contour_End_Rounded.dds visible=1 pos=8.37675,19 size=6x12
[   ScriptRuntime] [  LOG] [20:35:52.806] [_W7Probe]  W7:     FAILED id='menu-libs-expendable-button_quad-focus-center' url=file://Media/Manialinks/Nadeo/CMGame/Utils/ButtonStyles/Rounded/Common_Button_Contour_Middle.dds visible=1 pos=8.37675,19 size=0x12
[   ScriptRuntime] [  LOG] [20:35:52.806] [_W7Probe]  W7:     FAILED id='menu-libs-expendable-button_quad-focus-left' url=file://Media/Manialinks/Nadeo/CMGame/Utils/ButtonStyles/Rounded/Common_Button_Contour_Start_Rounded.dds visible=1 pos=2.37675,19 size=6x12
[   ScriptRuntime] [  LOG] [20:35:52.806] [_W7Probe]  W7:     FAILED id='menu-libs-expendable-button_quad-bg-right' url=file://Media/Manialinks/Nadeo/CMGame/Utils/ButtonStyles/Rounded/Common_Button_End_Rounded.dds visible=1 pos=8.37675,19 size=6x12
[   ScriptRuntime] [  LOG] [20:35:52.806] [_W7Probe]  W7:     FAILED id='menu-libs-expendable-button_quad-bg-left' url=file://Media/Manialinks/Nadeo/CMGame/Utils/ButtonStyles/Rounded/Common_Button_Start_Rounded.dds visible=1 pos=2.37675,19 size=6x12
[   ScriptRuntime] [  LOG] [20:35:52.806] [_W7Probe]  W7:     FAILED id='trackmania-pop-up-background-2_button-leave' url=file://Media/Manialinks/Nadeo/CMGame/Utils/Icons/256x256/Icones_256_icon_cross_oblique.dds visible=1 pos=148,72.6696 size=7x7
[   ScriptRuntime] [  LOG] [20:35:52.806] [_W7Probe]  W7:     FAILED id='trackmania-pop-up-background-2_quad-header-gradient' url=file://Media/Manialinks/Nadeo/Trackmania/Menus/PopUp/Common_MainPopup_Header_Gradient.dds visible=0 pos=-154,77.6696 size=1x1
[   ScriptRuntime] [  LOG] [20:35:52.806] [_W7Probe]  W7:     FAILED id='trackmania-pop-up-background-2_quad-background' url=file://Media/Manialinks/Nadeo/Trackmania/Menus/PopUp/Common_MainPopup.dds visible=1 pos=-154,77.6696 size=308x155.339
[   ScriptRuntime] [  LOG] [20:35:52.806] [_W7Probe]  W7:     FAILED id='trackmania-pop-up-background-2_button-leave' url=file://Media/Manialinks/Nadeo/CMGame/Utils/Icons/256x256/Icones_256_icon_cross_oblique.dds visible=1 pos=77,33.7445 size=7x7
[   ScriptRuntime] [  LOG] [20:35:52.806] [_W7Probe]  W7:     FAILED id='trackmania-pop-up-background-2_quad-header-gradient' url=file://Media/Manialinks/Nadeo/Trackmania/Menus/PopUp/Common_MainPopup_Header_Gradient.dds visible=0 pos=-83,38.7445 size=1x1
[   ScriptRuntime] [  LOG] [20:35:52.806] [_W7Probe]  W7:     FAILED id='trackmania-pop-up-background-2_quad-background' url=file://Media/Manialinks/Nadeo/Trackmania/Menus/PopUp/Common_SecondaryPopup_WithHeader.dds visible=1 pos=-83,38.7445 size=166x77.4889
[   ScriptRuntime] [  LOG] [20:35:52.806] [_W7Probe]  W7:     FAILED id='trackmania-pop-up-background-2_button-leave' url=file://Media/Manialinks/Nadeo/CMGame/Utils/Icons/256x256/Icones_256_icon_cross_oblique.dds visible=1 pos=77,33.7445 size=7x7
[   ScriptRuntime] [  LOG] [20:35:52.806] [_W7Probe]  W7:     FAILED id='trackmania-pop-up-background-2_quad-header-gradient' url=file://Media/Manialinks/Nadeo/Trackmania/Menus/PopUp/Common_MainPopup_Header_Gradient.dds visible=0 pos=-83,38.7445 size=1x1
[   ScriptRuntime] [  LOG] [20:35:52.806] [_W7Probe]  W7:     FAILED id='trackmania-pop-up-background-2_quad-background' url=file://Media/Manialinks/Nadeo/Trackmania/Menus/PopUp/Common_SecondaryPopup_WithHeader.dds visible=1 pos=-83,38.7445 size=166x77.4889
[   ScriptRuntime] [  LOG] [20:35:52.806] [_W7Probe]  W7:     FAILED id='trackmania-pop-up-background-2_button-leave' url=file://Media/Manialinks/Nadeo/CMGame/Utils/Icons/256x256/Icones_256_icon_cross_oblique.dds visible=1 pos=148,72.6696 size=7x7
[   ScriptRuntime] [  LOG] [20:35:52.806] [_W7Probe]  W7:     FAILED id='trackmania-pop-up-background-2_quad-header-gradient' url=file://Media/Manialinks/Nadeo/Trackmania/Menus/PopUp/Common_MainPopup_Header_Gradient.dds visible=0 pos=-154,77.6696 size=1x1
[   ScriptRuntime] [  LOG] [20:35:52.806] [_W7Probe]  W7:     FAILED id='trackmania-pop-up-background-2_quad-background' url=file://Media/Manialinks/Nadeo/Trackmania/Menus/PopUp/Common_MainPopup.dds visible=1 pos=-154,77.6696 size=308x155.339
[   ScriptRuntime] [  LOG] [20:35:52.806] [_W7Probe]  W7:     FAILED id='trackmania-pop-up-background-2_button-leave' url=file://Media/Manialinks/Nadeo/CMGame/Utils/Icons/256x256/Icones_256_icon_cross_oblique.dds visible=1 pos=77,33.7445 size=7x7
[   ScriptRuntime] [  LOG] [20:35:52.806] [_W7Probe]  W7:     FAILED id='trackmania-pop-up-background-2_quad-header-gradient' url=file://Media/Manialinks/Nadeo/Trackmania/Menus/PopUp/Common_MainPopup_Header_Gradient.dds visible=0 pos=-83,38.7445 size=1x1
[   ScriptRuntime] [  LOG] [20:35:52.806] [_W7Probe]  W7:     FAILED id='trackmania-pop-up-background-2_quad-background' url=file://Media/Manialinks/Nadeo/Trackmania/Menus/PopUp/Common_SecondaryPopup_WithHeader.dds visible=1 pos=-83,38.7445 size=166x77.4889
[   ScriptRuntime] [  LOG] [20:35:52.806] [_W7Probe]  W7:     FAILED id='expendable-asset_quad-right' url=file://Media/Manialinks/Nadeo/CMGame/Utils/ButtonStyles/Straight/Common_Button_End_Straight.dds visible=1 pos=40.0944,-86.8039 size=3.74331x7.48663
[   ScriptRuntime] [  LOG] [20:35:52.806] [_W7Probe]  W7:     FAILED id='expendable-asset_quad-left' url=file://Media/Manialinks/Nadeo/CMGame/Utils/ButtonStyles/Straight/Common_Button_Start_Straight.dds visible=1 pos=-71.169,-86.8039 size=3.74331x7.48663
[   ScriptRuntime] [  LOG] [20:35:52.806] [_W7Probe]  W7:     FAILED id='expendable-asset_quad-right' url=file://Media/Manialinks/Nadeo/CMGame/Utils/ButtonStyles/Rounded/Common_Button_End_Rounded.dds visible=1 pos=-19.9666,49.7 size=4.75x9.5
[   ScriptRuntime] [  LOG] [20:35:52.806] [_W7Probe]  W7:     FAILED id='expendable-asset_quad-left' url=file://Media/Manialinks/Nadeo/CMGame/Utils/ButtonStyles/Rounded/Common_Button_Start_Rounded.dds visible=1 pos=-117.85,49.7 size=4.75x9.5
[   ScriptRuntime] [  LOG] [20:35:52.806] [_W7Probe]  W7:     FAILED id='expendable-asset_quad-right' url=file://Media/Manialinks/Nadeo/CMGame/Utils/ButtonStyles/Straight/Common_Button_End_Straight.dds visible=1 pos=50.2647,-64.7666 size=3.25x6.5
[   ScriptRuntime] [  LOG] [20:35:52.807] [_W7Probe]  W7:     FAILED id='expendable-asset_quad-left' url=file://Media/Manialinks/Nadeo/CMGame/Utils/ButtonStyles/Straight/Common_Button_Start_Straight.dds visible=1 pos=36.7647,-64.7666 size=3.25x6.5
[   ScriptRuntime] [  LOG] [20:35:52.807] [_W7Probe]  W7:     FAILED id='expendable-asset_quad-right' url=file://Media/Manialinks/Nadeo/CMGame/Utils/ButtonStyles/Straight/Common_Button_End_Straight.dds visible=1 pos=50.2647,-64.7666 size=3.25x6.5
[   ScriptRuntime] [  LOG] [20:35:52.807] [_W7Probe]  W7:     FAILED id='expendable-asset_quad-left' url=file://Media/Manialinks/Nadeo/CMGame/Utils/ButtonStyles/Straight/Common_Button_Start_Straight.dds visible=1 pos=36.7647,-64.7666 size=3.25x6.5
[   ScriptRuntime] [  LOG] [20:35:52.807] [_W7Probe]  W7:     FAILED id='expendable-asset_quad-right' url=file://Media/Manialinks/Nadeo/CMGame/Utils/ButtonStyles/Straight/Common_Button_End_Straight.dds visible=1 pos=50.2647,-64.7666 size=3.25x6.5
[   ScriptRuntime] [  LOG] [20:35:52.807] [_W7Probe]  W7:     FAILED id='expendable-asset_quad-left' url=file://Media/Manialinks/Nadeo/CMGame/Utils/ButtonStyles/Straight/Common_Button_Start_Straight.dds visible=1 pos=36.7647,-64.7666 size=3.25x6.5
[   ScriptRuntime] [  LOG] [20:35:52.807] [_W7Probe]  W7:     FAILED id='expendable-asset_quad-right' url=file://Media/Manialinks/Nadeo/CMGame/Utils/ButtonStyles/Straight/Common_Button_End_Straight.dds visible=1 pos=50.2647,-64.7666 size=3.25x6.5
[   ScriptRuntime] [  LOG] [20:35:52.807] [_W7Probe]  W7:     FAILED id='expendable-asset_quad-left' url=file://Media/Manialinks/Nadeo/CMGame/Utils/ButtonStyles/Straight/Common_Button_Start_Straight.dds visible=1 pos=36.7647,-64.7666 size=3.25x6.5
[   ScriptRuntime] [  LOG] [20:35:52.807] [_W7Probe]  W7:     FAILED id='expendable-asset_quad-right' url=file://Media/Manialinks/Nadeo/CMGame/Utils/ButtonStyles/Straight/Common_Button_End_Straight.dds visible=1 pos=50.2647,-64.7666 size=3.25x6.5
[   ScriptRuntime] [  LOG] [20:35:52.807] [_W7Probe]  W7:     FAILED id='expendable-asset_quad-left' url=file://Media/Manialinks/Nadeo/CMGame/Utils/ButtonStyles/Straight/Common_Button_Start_Straight.dds visible=1 pos=36.7647,-64.7666 size=3.25x6.5
[   ScriptRuntime] [  LOG] [20:35:52.807] [_W7Probe]  W7:     FAILED id='expendable-asset_quad-right' url=file://Media/Manialinks/Nadeo/CMGame/Utils/ButtonStyles/Rounded/Common_Button_End_Rounded.dds visible=1 pos=116.848,-60.1 size=4.66667x9.33333
[   ScriptRuntime] [  LOG] [20:35:52.807] [_W7Probe]  W7:     FAILED id='expendable-asset_quad-left' url=file://Media/Manialinks/Nadeo/CMGame/Utils/ButtonStyles/Rounded/Common_Button_Start_Rounded.dds visible=1 pos=-137.819,-60.1 size=4.66667x9.33333
[   ScriptRuntime] [  LOG] [20:35:52.807] [_W7Probe]  W7:     FAILED id='expendable-asset_quad-right' url=file://Media/Manialinks/Nadeo/CMGame/Utils/ButtonStyles/Rounded/Common_Button_End_Rounded.dds visible=1 pos=116.848,-60.1 size=4.66667x9.33333
[   ScriptRuntime] [  LOG] [20:35:52.807] [_W7Probe]  W7:     FAILED id='expendable-asset_quad-left' url=file://Media/Manialinks/Nadeo/CMGame/Utils/ButtonStyles/Straight/Common_Button_Start_Straight.dds visible=1 pos=36.5353,-60.1 size=4.66667x9.33333
[   ScriptRuntime] [  LOG] [20:35:52.807] [_W7Probe]  W7:     FAILED id='expendable-asset_quad-right' url=file://Media/Manialinks/Nadeo/CMGame/Utils/ButtonStyles/Straight/Common_Button_End_Straight.dds visible=1 pos=28.848,-60.1 size=4.66667x9.33333
[   ScriptRuntime] [  LOG] [20:35:52.807] [_W7Probe]  W7:     FAILED id='expendable-asset_quad-left' url=file://Media/Manialinks/Nadeo/CMGame/Utils/ButtonStyles/Rounded/Common_Button_Start_Rounded.dds visible=1 pos=-137.819,-60.1 size=4.66667x9.33333
[   ScriptRuntime] [  LOG] [20:35:52.807] [_W7Probe]  W7:     FAILED id='expendable-asset_quad-right' url=file://Media/Manialinks/Nadeo/CMGame/Utils/ButtonStyles/Straight/Common_Button_End_Straight.dds visible=1 pos=52.263,-53.4333 size=3.25x6.5
[   ScriptRuntime] [  LOG] [20:35:52.807] [_W7Probe]  W7:     FAILED id='expendable-asset_quad-left' url=file://Media/Manialinks/Nadeo/CMGame/Utils/ButtonStyles/Straight/Common_Button_Start_Straight.dds visible=1 pos=38.763,-53.4333 size=3.25x6.5
[   ScriptRuntime] [  LOG] [20:35:52.807] [_W7Probe]  W7:     FAILED id='expendable-asset_quad-right' url=file://Media/Manialinks/Nadeo/CMGame/Utils/ButtonStyles/Straight/Common_Button_End_Straight.dds visible=1 pos=52.263,-53.4333 size=3.25x6.5
[   ScriptRuntime] [  LOG] [20:35:52.807] [_W7Probe]  W7:     FAILED id='expendable-asset_quad-left' url=file://Media/Manialinks/Nadeo/CMGame/Utils/ButtonStyles/Straight/Common_Button_Start_Straight.dds visible=1 pos=38.763,-53.4333 size=3.25x6.5
[   ScriptRuntime] [  LOG] [20:35:52.807] [_W7Probe]  W7:     FAILED id='expendable-asset_quad-right' url=file://Media/Manialinks/Nadeo/CMGame/Utils/ButtonStyles/Straight/Common_Button_End_Straight.dds visible=1 pos=52.263,-53.4333 size=3.25x6.5
[   ScriptRuntime] [  LOG] [20:35:52.807] [_W7Probe]  W7:     FAILED id='expendable-asset_quad-left' url=file://Media/Manialinks/Nadeo/CMGame/Utils/ButtonStyles/Straight/Common_Button_Start_Straight.dds visible=1 pos=38.763,-53.4333 size=3.25x6.5
[   ScriptRuntime] [  LOG] [20:35:52.807] [_W7Probe]  W7:     FAILED id='expendable-asset_quad-right' url=file://Media/Manialinks/Nadeo/CMGame/Utils/ButtonStyles/Straight/Common_Button_End_Straight.dds visible=1 pos=52.263,-53.4333 size=3.25x6.5
[   ScriptRuntime] [  LOG] [20:35:52.807] [_W7Probe]  W7:     FAILED id='expendable-asset_quad-left' url=file://Media/Manialinks/Nadeo/CMGame/Utils/ButtonStyles/Straight/Common_Button_Start_Straight.dds visible=1 pos=38.763,-53.4333 size=3.25x6.5
[   ScriptRuntime] [  LOG] [20:35:52.807] [_W7Probe]  W7:     FAILED id='expendable-asset_quad-right' url=file://Media/Manialinks/Nadeo/CMGame/Utils/ButtonStyles/Straight/Common_Button_End_Straight.dds visible=1 pos=52.263,-53.4333 size=3.25x6.5
[   ScriptRuntime] [  LOG] [20:35:52.807] [_W7Probe]  W7:     FAILED id='expendable-asset_quad-left' url=file://Media/Manialinks/Nadeo/CMGame/Utils/ButtonStyles/Straight/Common_Button_Start_Straight.dds visible=1 pos=38.763,-53.4333 size=3.25x6.5
[   ScriptRuntime] [  LOG] [20:35:52.807] [_W7Probe]  W7:     FAILED id='expendable-asset_quad-right' url=file://Media/Manialinks/Nadeo/CMGame/Utils/ButtonStyles/Rounded/Common_Button_End_Rounded.dds visible=1 pos=118.846,-48.7666 size=4.66667x9.33333
[   ScriptRuntime] [  LOG] [20:35:52.807] [_W7Probe]  W7:     FAILED id='expendable-asset_quad-left' url=file://Media/Manialinks/Nadeo/CMGame/Utils/ButtonStyles/Rounded/Common_Button_Start_Rounded.dds visible=1 pos=-135.82,-48.7666 size=4.66667x9.33333
[   ScriptRuntime] [  LOG] [20:35:52.807] [_W7Probe]  W7:     FAILED id='expendable-asset_quad-right' url=file://Media/Manialinks/Nadeo/CMGame/Utils/ButtonStyles/Rounded/Common_Button_End_Rounded.dds visible=1 pos=118.846,-48.7666 size=4.66667x9.33333
[   ScriptRuntime] [  LOG] [20:35:52.807] [_W7Probe]  W7:     FAILED id='expendable-asset_quad-left' url=file://Media/Manialinks/Nadeo/CMGame/Utils/ButtonStyles/Straight/Common_Button_Start_Straight.dds visible=1 pos=38.5337,-48.7666 size=4.66667x9.33333
[   ScriptRuntime] [  LOG] [20:35:52.807] [_W7Probe]  W7:     FAILED id='expendable-asset_quad-right' url=file://Media/Manialinks/Nadeo/CMGame/Utils/ButtonStyles/Straight/Common_Button_End_Straight.dds visible=1 pos=30.8463,-48.7666 size=4.66667x9.33333
[   ScriptRuntime] [  LOG] [20:35:52.807] [_W7Probe]  W7:     FAILED id='expendable-asset_quad-left' url=file://Media/Manialinks/Nadeo/CMGame/Utils/ButtonStyles/Rounded/Common_Button_Start_Rounded.dds visible=1 pos=-135.82,-48.7666 size=4.66667x9.33333
[   ScriptRuntime] [  LOG] [20:35:52.807] [_W7Probe]  W7:     FAILED id='expendable-asset_quad-right' url=file://Media/Manialinks/Nadeo/CMGame/Utils/ButtonStyles/Straight/Common_Button_End_Straight.dds visible=1 pos=54.2614,-42.1 size=3.25x6.5
[   ScriptRuntime] [  LOG] [20:35:52.807] [_W7Probe]  W7:     FAILED id='expendable-asset_quad-left' url=file://Media/Manialinks/Nadeo/CMGame/Utils/ButtonStyles/Straight/Common_Button_Start_Straight.dds visible=1 pos=40.7614,-42.1 size=3.25x6.5
[   ScriptRuntime] [  LOG] [20:35:52.807] [_W7Probe]  W7:     FAILED id='expendable-asset_quad-right' url=file://Media/Manialinks/Nadeo/CMGame/Utils/ButtonStyles/Straight/Common_Button_End_Straight.dds visible=1 pos=54.2614,-42.1 size=3.25x6.5
[   ScriptRuntime] [  LOG] [20:35:52.807] [_W7Probe]  W7:     FAILED id='expendable-asset_quad-left' url=file://Media/Manialinks/Nadeo/CMGame/Utils/ButtonStyles/Straight/Common_Button_Start_Straight.dds visible=1 pos=40.7614,-42.1 size=3.25x6.5
[   ScriptRuntime] [  LOG] [20:35:52.807] [_W7Probe]  W7:     FAILED id='expendable-asset_quad-right' url=file://Media/Manialinks/Nadeo/CMGame/Utils/ButtonStyles/Straight/Common_Button_End_Straight.dds visible=1 pos=54.2614,-42.1 size=3.25x6.5
[   ScriptRuntime] [  LOG] [20:35:52.807] [_W7Probe]  W7:     FAILED id='expendable-asset_quad-left' url=file://Media/Manialinks/Nadeo/CMGame/Utils/ButtonStyles/Straight/Common_Button_Start_Straight.dds visible=1 pos=40.7614,-42.1 size=3.25x6.5
[   ScriptRuntime] [  LOG] [20:35:52.807] [_W7Probe]  W7:     FAILED id='expendable-asset_quad-right' url=file://Media/Manialinks/Nadeo/CMGame/Utils/ButtonStyles/Straight/Common_Button_End_Straight.dds visible=1 pos=54.2614,-42.1 size=3.25x6.5
[   ScriptRuntime] [  LOG] [20:35:52.807] [_W7Probe]  W7:     FAILED id='expendable-asset_quad-left' url=file://Media/Manialinks/Nadeo/CMGame/Utils/ButtonStyles/Straight/Common_Button_Start_Straight.dds visible=1 pos=40.7614,-42.1 size=3.25x6.5
[   ScriptRuntime] [  LOG] [20:35:52.807] [_W7Probe]  W7:     FAILED id='expendable-asset_quad-right' url=file://Media/Manialinks/Nadeo/CMGame/Utils/ButtonStyles/Straight/Common_Button_End_Straight.dds visible=1 pos=54.2614,-42.1 size=3.25x6.5
[   ScriptRuntime] [  LOG] [20:35:52.807] [_W7Probe]  W7:     FAILED id='expendable-asset_quad-left' url=file://Media/Manialinks/Nadeo/CMGame/Utils/ButtonStyles/Straight/Common_Button_Start_Straight.dds visible=1 pos=40.7614,-42.1 size=3.25x6.5
[   ScriptRuntime] [  LOG] [20:35:52.807] [_W7Probe]  W7:     FAILED id='expendable-asset_quad-right' url=file://Media/Manialinks/Nadeo/CMGame/Utils/ButtonStyles/Rounded/Common_Button_End_Rounded.dds visible=1 pos=120.845,-37.4333 size=4.66667x9.33333
[   ScriptRuntime] [  LOG] [20:35:52.807] [_W7Probe]  W7:     FAILED id='expendable-asset_quad-left' url=file://Media/Manialinks/Nadeo/CMGame/Utils/ButtonStyles/Rounded/Common_Button_Start_Rounded.dds visible=1 pos=-133.822,-37.4333 size=4.66667x9.33333
[   ScriptRuntime] [  LOG] [20:35:52.807] [_W7Probe]  W7:     FAILED id='expendable-asset_quad-right' url=file://Media/Manialinks/Nadeo/CMGame/Utils/ButtonStyles/Rounded/Common_Button_End_Rounded.dds visible=1 pos=120.844,-37.4333 size=4.66667x9.33333
[   ScriptRuntime] [  LOG] [20:35:52.807] [_W7Probe]  W7:     FAILED id='expendable-asset_quad-left' url=file://Media/Manialinks/Nadeo/CMGame/Utils/ButtonStyles/Straight/Common_Button_Start_Straight.dds visible=1 pos=40.5321,-37.4333 size=4.66667x9.33333
[   ScriptRuntime] [  LOG] [20:35:52.807] [_W7Probe]  W7:     FAILED id='expendable-asset_quad-right' url=file://Media/Manialinks/Nadeo/CMGame/Utils/ButtonStyles/Straight/Common_Button_End_Straight.dds visible=1 pos=32.8447,-37.4333 size=4.66667x9.33333
[   ScriptRuntime] [  LOG] [20:35:52.807] [_W7Probe]  W7:     FAILED id='expendable-asset_quad-left' url=file://Media/Manialinks/Nadeo/CMGame/Utils/ButtonStyles/Rounded/Common_Button_Start_Rounded.dds visible=1 pos=-133.822,-37.4333 size=4.66667x9.33333
[   ScriptRuntime] [  LOG] [20:35:52.807] [_W7Probe]  W7:     FAILED id='expendable-asset_quad-right' url=file://Media/Manialinks/Nadeo/CMGame/Utils/ButtonStyles/Straight/Common_Button_End_Straight.dds visible=1 pos=56.2598,-30.7667 size=3.25x6.5
[   ScriptRuntime] [  LOG] [20:35:52.807] [_W7Probe]  W7:     FAILED id='expendable-asset_quad-left' url=file://Media/Manialinks/Nadeo/CMGame/Utils/ButtonStyles/Straight/Common_Button_Start_Straight.dds visible=1 pos=42.7598,-30.7667 size=3.25x6.5
[   ScriptRuntime] [  LOG] [20:35:52.807] [_W7Probe]  W7:     FAILED id='expendable-asset_quad-right' url=file://Media/Manialinks/Nadeo/CMGame/Utils/ButtonStyles/Straight/Common_Button_End_Straight.dds visible=1 pos=56.2598,-30.7667 size=3.25x6.5
[   ScriptRuntime] [  LOG] [20:35:52.807] [_W7Probe]  W7:     FAILED id='expendable-asset_quad-left' url=file://Media/Manialinks/Nadeo/CMGame/Utils/ButtonStyles/Straight/Common_Button_Start_Straight.dds visible=1 pos=42.7598,-30.7667 size=3.25x6.5
[   ScriptRuntime] [  LOG] [20:35:52.807] [_W7Probe]  W7:     FAILED id='expendable-asset_quad-right' url=file://Media/Manialinks/Nadeo/CMGame/Utils/ButtonStyles/Straight/Common_Button_End_Straight.dds visible=1 pos=56.2598,-30.7667 size=3.25x6.5
[   ScriptRuntime] [  LOG] [20:35:52.807] [_W7Probe]  W7:     FAILED id='expendable-asset_quad-left' url=file://Media/Manialinks/Nadeo/CMGame/Utils/ButtonStyles/Straight/Common_Button_Start_Straight.dds visible=1 pos=42.7598,-30.7667 size=3.25x6.5
[   ScriptRuntime] [  LOG] [20:35:52.807] [_W7Probe]  W7:     FAILED id='expendable-asset_quad-right' url=file://Media/Manialinks/Nadeo/CMGame/Utils/ButtonStyles/Straight/Common_Button_End_Straight.dds visible=1 pos=56.2598,-30.7667 size=3.25x6.5
[   ScriptRuntime] [  LOG] [20:35:52.807] [_W7Probe]  W7:     FAILED id='expendable-asset_quad-left' url=file://Media/Manialinks/Nadeo/CMGame/Utils/ButtonStyles/Straight/Common_Button_Start_Straight.dds visible=1 pos=42.7598,-30.7667 size=3.25x6.5
[   ScriptRuntime] [  LOG] [20:35:52.808] [_W7Probe]  W7:     FAILED id='expendable-asset_quad-right' url=file://Media/Manialinks/Nadeo/CMGame/Utils/ButtonStyles/Straight/Common_Button_End_Straight.dds visible=1 pos=56.2598,-30.7667 size=3.25x6.5
[   ScriptRuntime] [  LOG] [20:35:52.808] [_W7Probe]  W7:     FAILED id='expendable-asset_quad-left' url=file://Media/Manialinks/Nadeo/CMGame/Utils/ButtonStyles/Straight/Common_Button_Start_Straight.dds visible=1 pos=42.7598,-30.7667 size=3.25x6.5
[   ScriptRuntime] [  LOG] [20:35:52.808] [_W7Probe]  W7:     FAILED id='expendable-asset_quad-right' url=file://Media/Manialinks/Nadeo/CMGame/Utils/ButtonStyles/Rounded/Common_Button_End_Rounded.dds visible=1 pos=122.843,-26.1 size=4.66667x9.33333
[   ScriptRuntime] [  LOG] [20:35:52.808] [_W7Probe]  W7:     FAILED id='expendable-asset_quad-left' url=file://Media/Manialinks/Nadeo/CMGame/Utils/ButtonStyles/Rounded/Common_Button_Start_Rounded.dds visible=1 pos=-131.824,-26.1 size=4.66667x9.33333
[   ScriptRuntime] [  LOG] [20:35:52.808] [_W7Probe]  W7:     FAILED id='expendable-asset_quad-right' url=file://Media/Manialinks/Nadeo/CMGame/Utils/ButtonStyles/Rounded/Common_Button_End_Rounded.dds visible=1 pos=122.843,-26.1 size=4.66667x9.33333
[   ScriptRuntime] [  LOG] [20:35:52.808] [_W7Probe]  W7:     FAILED id='expendable-asset_quad-left' url=file://Media/Manialinks/Nadeo/CMGame/Utils/ButtonStyles/Straight/Common_Button_Start_Straight.dds visible=1 pos=42.5304,-26.1 size=4.66667x9.33333
[   ScriptRuntime] [  LOG] [20:35:52.808] [_W7Probe]  W7:     FAILED id='expendable-asset_quad-right' url=file://Media/Manialinks/Nadeo/CMGame/Utils/ButtonStyles/Straight/Common_Button_End_Straight.dds visible=1 pos=34.8431,-26.1 size=4.66667x9.33333
[   ScriptRuntime] [  LOG] [20:35:52.808] [_W7Probe]  W7:     FAILED id='expendable-asset_quad-left' url=file://Media/Manialinks/Nadeo/CMGame/Utils/ButtonStyles/Rounded/Common_Button_Start_Rounded.dds visible=1 pos=-131.824,-26.1 size=4.66667x9.33333
[   ScriptRuntime] [  LOG] [20:35:52.808] [_W7Probe]  W7:     FAILED id='expendable-asset_quad-right' url=file://Media/Manialinks/Nadeo/CMGame/Utils/ButtonStyles/Straight/Common_Button_End_Straight.dds visible=1 pos=58.2581,-19.4333 size=3.25x6.5
[   ScriptRuntime] [  LOG] [20:35:52.808] [_W7Probe]  W7:     FAILED id='expendable-asset_quad-left' url=file://Media/Manialinks/Nadeo/CMGame/Utils/ButtonStyles/Straight/Common_Button_Start_Straight.dds visible=1 pos=44.7581,-19.4333 size=3.25x6.5
[   ScriptRuntime] [  LOG] [20:35:52.808] [_W7Probe]  W7:     FAILED id='expendable-asset_quad-right' url=file://Media/Manialinks/Nadeo/CMGame/Utils/ButtonStyles/Straight/Common_Button_End_Straight.dds visible=1 pos=58.2581,-19.4333 size=3.25x6.5
[   ScriptRuntime] [  LOG] [20:35:52.808] [_W7Probe]  W7:     FAILED id='expendable-asset_quad-left' url=file://Media/Manialinks/Nadeo/CMGame/Utils/ButtonStyles/Straight/Common_Button_Start_Straight.dds visible=1 pos=44.7581,-19.4333 size=3.25x6.5
[   ScriptRuntime] [  LOG] [20:35:52.808] [_W7Probe]  W7:     FAILED id='expendable-asset_quad-right' url=file://Media/Manialinks/Nadeo/CMGame/Utils/ButtonStyles/Straight/Common_Button_End_Straight.dds visible=1 pos=58.2581,-19.4333 size=3.25x6.5
[   ScriptRuntime] [  LOG] [20:35:52.808] [_W7Probe]  W7:     FAILED id='expendable-asset_quad-left' url=file://Media/Manialinks/Nadeo/CMGame/Utils/ButtonStyles/Straight/Common_Button_Start_Straight.dds visible=1 pos=44.7581,-19.4333 size=3.25x6.5
[   ScriptRuntime] [  LOG] [20:35:52.808] [_W7Probe]  W7:     FAILED id='expendable-asset_quad-right' url=file://Media/Manialinks/Nadeo/CMGame/Utils/ButtonStyles/Straight/Common_Button_End_Straight.dds visible=1 pos=58.2581,-19.4333 size=3.25x6.5
[   ScriptRuntime] [  LOG] [20:35:52.808] [_W7Probe]  W7:     FAILED id='expendable-asset_quad-left' url=file://Media/Manialinks/Nadeo/CMGame/Utils/ButtonStyles/Straight/Common_Button_Start_Straight.dds visible=1 pos=44.7581,-19.4333 size=3.25x6.5
[   ScriptRuntime] [  LOG] [20:35:52.808] [_W7Probe]  W7:     FAILED id='expendable-asset_quad-right' url=file://Media/Manialinks/Nadeo/CMGame/Utils/ButtonStyles/Straight/Common_Button_End_Straight.dds visible=1 pos=58.2581,-19.4333 size=3.25x6.5
[   ScriptRuntime] [  LOG] [20:35:52.808] [_W7Probe]  W7:     FAILED id='expendable-asset_quad-left' url=file://Media/Manialinks/Nadeo/CMGame/Utils/ButtonStyles/Straight/Common_Button_Start_Straight.dds visible=1 pos=44.7581,-19.4333 size=3.25x6.5
[   ScriptRuntime] [  LOG] [20:35:52.808] [_W7Probe]  W7:     FAILED id='expendable-asset_quad-right' url=file://Media/Manialinks/Nadeo/CMGame/Utils/ButtonStyles/Rounded/Common_Button_End_Rounded.dds visible=1 pos=124.841,-14.7666 size=4.66667x9.33333
[   ScriptRuntime] [  LOG] [20:35:52.808] [_W7Probe]  W7:     FAILED id='expendable-asset_quad-left' url=file://Media/Manialinks/Nadeo/CMGame/Utils/ButtonStyles/Rounded/Common_Button_Start_Rounded.dds visible=1 pos=-129.825,-14.7666 size=4.66667x9.33333
[   ScriptRuntime] [  LOG] [20:35:52.808] [_W7Probe]  W7:     FAILED id='expendable-asset_quad-right' url=file://Media/Manialinks/Nadeo/CMGame/Utils/ButtonStyles/Rounded/Common_Button_End_Rounded.dds visible=1 pos=124.841,-14.7666 size=4.66667x9.33333
[   ScriptRuntime] [  LOG] [20:35:52.808] [_W7Probe]  W7:     FAILED id='expendable-asset_quad-left' url=file://Media/Manialinks/Nadeo/CMGame/Utils/ButtonStyles/Straight/Common_Button_Start_Straight.dds visible=1 pos=44.5288,-14.7666 size=4.66667x9.33333
[   ScriptRuntime] [  LOG] [20:35:52.808] [_W7Probe]  W7:     FAILED id='expendable-asset_quad-right' url=file://Media/Manialinks/Nadeo/CMGame/Utils/ButtonStyles/Straight/Common_Button_End_Straight.dds visible=1 pos=36.8415,-14.7666 size=4.66667x9.33333
[   ScriptRuntime] [  LOG] [20:35:52.808] [_W7Probe]  W7:     FAILED id='expendable-asset_quad-left' url=file://Media/Manialinks/Nadeo/CMGame/Utils/ButtonStyles/Rounded/Common_Button_Start_Rounded.dds visible=1 pos=-129.825,-14.7666 size=4.66667x9.33333
[   ScriptRuntime] [  LOG] [20:35:52.808] [_W7Probe]  W7:     FAILED id='expendable-asset_quad-right' url=file://Media/Manialinks/Nadeo/CMGame/Utils/ButtonStyles/Straight/Common_Button_End_Straight.dds visible=1 pos=60.2565,-8.09999 size=3.25x6.5
[   ScriptRuntime] [  LOG] [20:35:52.808] [_W7Probe]  W7:     FAILED id='expendable-asset_quad-left' url=file://Media/Manialinks/Nadeo/CMGame/Utils/ButtonStyles/Straight/Common_Button_Start_Straight.dds visible=1 pos=46.7565,-8.09999 size=3.25x6.5
[   ScriptRuntime] [  LOG] [20:35:52.808] [_W7Probe]  W7:     FAILED id='expendable-asset_quad-right' url=file://Media/Manialinks/Nadeo/CMGame/Utils/ButtonStyles/Straight/Common_Button_End_Straight.dds visible=1 pos=60.2565,-8.09999 size=3.25x6.5
[   ScriptRuntime] [  LOG] [20:35:52.808] [_W7Probe]  W7:     FAILED id='expendable-asset_quad-left' url=file://Media/Manialinks/Nadeo/CMGame/Utils/ButtonStyles/Straight/Common_Button_Start_Straight.dds visible=1 pos=46.7565,-8.09999 size=3.25x6.5
[   ScriptRuntime] [  LOG] [20:35:52.808] [_W7Probe]  W7:     FAILED id='expendable-asset_quad-right' url=file://Media/Manialinks/Nadeo/CMGame/Utils/ButtonStyles/Straight/Common_Button_End_Straight.dds visible=1 pos=60.2565,-8.09999 size=3.25x6.5
[   ScriptRuntime] [  LOG] [20:35:52.808] [_W7Probe]  W7:     FAILED id='expendable-asset_quad-left' url=file://Media/Manialinks/Nadeo/CMGame/Utils/ButtonStyles/Straight/Common_Button_Start_Straight.dds visible=1 pos=46.7565,-8.09999 size=3.25x6.5
[   ScriptRuntime] [  LOG] [20:35:52.808] [_W7Probe]  W7:     FAILED id='expendable-asset_quad-right' url=file://Media/Manialinks/Nadeo/CMGame/Utils/ButtonStyles/Straight/Common_Button_End_Straight.dds visible=1 pos=60.2565,-8.09999 size=3.25x6.5
[   ScriptRuntime] [  LOG] [20:35:52.808] [_W7Probe]  W7:     FAILED id='expendable-asset_quad-left' url=file://Media/Manialinks/Nadeo/CMGame/Utils/ButtonStyles/Straight/Common_Button_Start_Straight.dds visible=1 pos=46.7565,-8.09999 size=3.25x6.5
[   ScriptRuntime] [  LOG] [20:35:52.808] [_W7Probe]  W7:     FAILED id='expendable-asset_quad-right' url=file://Media/Manialinks/Nadeo/CMGame/Utils/ButtonStyles/Straight/Common_Button_End_Straight.dds visible=1 pos=60.2565,-8.09999 size=3.25x6.5
[   ScriptRuntime] [  LOG] [20:35:52.808] [_W7Probe]  W7:     FAILED id='expendable-asset_quad-left' url=file://Media/Manialinks/Nadeo/CMGame/Utils/ButtonStyles/Straight/Common_Button_Start_Straight.dds visible=1 pos=46.7565,-8.09999 size=3.25x6.5
[   ScriptRuntime] [  LOG] [20:35:52.808] [_W7Probe]  W7:     FAILED id='expendable-asset_quad-right' url=file://Media/Manialinks/Nadeo/CMGame/Utils/ButtonStyles/Rounded/Common_Button_End_Rounded.dds visible=1 pos=126.84,-3.43332 size=4.66667x9.33333
[   ScriptRuntime] [  LOG] [20:35:52.808] [_W7Probe]  W7:     FAILED id='expendable-asset_quad-left' url=file://Media/Manialinks/Nadeo/CMGame/Utils/ButtonStyles/Rounded/Common_Button_Start_Rounded.dds visible=1 pos=-127.827,-3.43332 size=4.66667x9.33333
[   ScriptRuntime] [  LOG] [20:35:52.808] [_W7Probe]  W7:     FAILED id='expendable-asset_quad-right' url=file://Media/Manialinks/Nadeo/CMGame/Utils/ButtonStyles/Rounded/Common_Button_End_Rounded.dds visible=1 pos=126.84,-3.43332 size=4.66667x9.33333
[   ScriptRuntime] [  LOG] [20:35:52.808] [_W7Probe]  W7:     FAILED id='expendable-asset_quad-left' url=file://Media/Manialinks/Nadeo/CMGame/Utils/ButtonStyles/Straight/Common_Button_Start_Straight.dds visible=1 pos=46.5272,-3.43332 size=4.66667x9.33333
[   ScriptRuntime] [  LOG] [20:35:52.808] [_W7Probe]  W7:     FAILED id='expendable-asset_quad-right' url=file://Media/Manialinks/Nadeo/CMGame/Utils/ButtonStyles/Straight/Common_Button_End_Straight.dds visible=1 pos=38.8398,-3.43332 size=4.66667x9.33333
[   ScriptRuntime] [  LOG] [20:35:52.808] [_W7Probe]  W7:     FAILED id='expendable-asset_quad-left' url=file://Media/Manialinks/Nadeo/CMGame/Utils/ButtonStyles/Rounded/Common_Button_Start_Rounded.dds visible=1 pos=-127.827,-3.43332 size=4.66667x9.33333
[   ScriptRuntime] [  LOG] [20:35:52.808] [_W7Probe]  W7:     FAILED id='expendable-asset_quad-right' url=file://Media/Manialinks/Nadeo/CMGame/Utils/ButtonStyles/Straight/Common_Button_End_Straight.dds visible=1 pos=62.2549,3.23334 size=3.25x6.5
[   ScriptRuntime] [  LOG] [20:35:52.808] [_W7Probe]  W7:     FAILED id='expendable-asset_quad-left' url=file://Media/Manialinks/Nadeo/CMGame/Utils/ButtonStyles/Straight/Common_Button_Start_Straight.dds visible=1 pos=48.7549,3.23334 size=3.25x6.5
[   ScriptRuntime] [  LOG] [20:35:52.808] [_W7Probe]  W7:     FAILED id='expendable-asset_quad-right' url=file://Media/Manialinks/Nadeo/CMGame/Utils/ButtonStyles/Straight/Common_Button_End_Straight.dds visible=1 pos=62.2549,3.23334 size=3.25x6.5
[   ScriptRuntime] [  LOG] [20:35:52.808] [_W7Probe]  W7:     FAILED id='expendable-asset_quad-left' url=file://Media/Manialinks/Nadeo/CMGame/Utils/ButtonStyles/Straight/Common_Button_Start_Straight.dds visible=1 pos=48.7549,3.23334 size=3.25x6.5
[   ScriptRuntime] [  LOG] [20:35:52.808] [_W7Probe]  W7:     FAILED id='expendable-asset_quad-right' url=file://Media/Manialinks/Nadeo/CMGame/Utils/ButtonStyles/Straight/Common_Button_End_Straight.dds visible=1 pos=62.2549,3.23334 size=3.25x6.5
[   ScriptRuntime] [  LOG] [20:35:52.808] [_W7Probe]  W7:     FAILED id='expendable-asset_quad-left' url=file://Media/Manialinks/Nadeo/CMGame/Utils/ButtonStyles/Straight/Common_Button_Start_Straight.dds visible=1 pos=48.7549,3.23334 size=3.25x6.5
[   ScriptRuntime] [  LOG] [20:35:52.808] [_W7Probe]  W7:     FAILED id='expendable-asset_quad-right' url=file://Media/Manialinks/Nadeo/CMGame/Utils/ButtonStyles/Straight/Common_Button_End_Straight.dds visible=1 pos=62.2549,3.23334 size=3.25x6.5
[   ScriptRuntime] [  LOG] [20:35:52.808] [_W7Probe]  W7:     FAILED id='expendable-asset_quad-left' url=file://Media/Manialinks/Nadeo/CMGame/Utils/ButtonStyles/Straight/Common_Button_Start_Straight.dds visible=1 pos=48.7549,3.23334 size=3.25x6.5
[   ScriptRuntime] [  LOG] [20:35:52.808] [_W7Probe]  W7:     FAILED id='expendable-asset_quad-right' url=file://Media/Manialinks/Nadeo/CMGame/Utils/ButtonStyles/Straight/Common_Button_End_Straight.dds visible=1 pos=62.2549,3.23334 size=3.25x6.5
[   ScriptRuntime] [  LOG] [20:35:52.808] [_W7Probe]  W7:     FAILED id='expendable-asset_quad-left' url=file://Media/Manialinks/Nadeo/CMGame/Utils/ButtonStyles/Straight/Common_Button_Start_Straight.dds visible=1 pos=48.7549,3.23334 size=3.25x6.5
[   ScriptRuntime] [  LOG] [20:35:52.808] [_W7Probe]  W7:     FAILED id='expendable-asset_quad-right' url=file://Media/Manialinks/Nadeo/CMGame/Utils/ButtonStyles/Rounded/Common_Button_End_Rounded.dds visible=1 pos=128.838,7.90001 size=4.66667x9.33333
[   ScriptRuntime] [  LOG] [20:35:52.808] [_W7Probe]  W7:     FAILED id='expendable-asset_quad-left' url=file://Media/Manialinks/Nadeo/CMGame/Utils/ButtonStyles/Rounded/Common_Button_Start_Rounded.dds visible=1 pos=-125.828,7.90001 size=4.66667x9.33333
[   ScriptRuntime] [  LOG] [20:35:52.808] [_W7Probe]  W7:     FAILED id='expendable-asset_quad-right' url=file://Media/Manialinks/Nadeo/CMGame/Utils/ButtonStyles/Rounded/Common_Button_End_Rounded.dds visible=1 pos=128.838,7.90001 size=4.66667x9.33333
[   ScriptRuntime] [  LOG] [20:35:52.808] [_W7Probe]  W7:     FAILED id='expendable-asset_quad-left' url=file://Media/Manialinks/Nadeo/CMGame/Utils/ButtonStyles/Straight/Common_Button_Start_Straight.dds visible=1 pos=48.5256,7.90001 size=4.66667x9.33333
[   ScriptRuntime] [  LOG] [20:35:52.808] [_W7Probe]  W7:     FAILED id='expendable-asset_quad-right' url=file://Media/Manialinks/Nadeo/CMGame/Utils/ButtonStyles/Straight/Common_Button_End_Straight.dds visible=1 pos=40.8382,7.90001 size=4.66667x9.33333
[   ScriptRuntime] [  LOG] [20:35:52.808] [_W7Probe]  W7:     FAILED id='expendable-asset_quad-left' url=file://Media/Manialinks/Nadeo/CMGame/Utils/ButtonStyles/Rounded/Common_Button_Start_Rounded.dds visible=1 pos=-125.828,7.90001 size=4.66667x9.33333
[   ScriptRuntime] [  LOG] [20:35:52.809] [_W7Probe]  W7:     FAILED id='expendable-asset_quad-right' url=file://Media/Manialinks/Nadeo/CMGame/Utils/ButtonStyles/Straight/Common_Button_End_Straight.dds visible=1 pos=64.2533,14.5667 size=3.25x6.5
[   ScriptRuntime] [  LOG] [20:35:52.809] [_W7Probe]  W7:     FAILED id='expendable-asset_quad-left' url=file://Media/Manialinks/Nadeo/CMGame/Utils/ButtonStyles/Straight/Common_Button_Start_Straight.dds visible=1 pos=50.7533,14.5667 size=3.25x6.5
[   ScriptRuntime] [  LOG] [20:35:52.809] [_W7Probe]  W7:     FAILED id='expendable-asset_quad-right' url=file://Media/Manialinks/Nadeo/CMGame/Utils/ButtonStyles/Straight/Common_Button_End_Straight.dds visible=1 pos=64.2533,14.5667 size=3.25x6.5
[   ScriptRuntime] [  LOG] [20:35:52.809] [_W7Probe]  W7:     FAILED id='expendable-asset_quad-left' url=file://Media/Manialinks/Nadeo/CMGame/Utils/ButtonStyles/Straight/Common_Button_Start_Straight.dds visible=1 pos=50.7533,14.5667 size=3.25x6.5
[   ScriptRuntime] [  LOG] [20:35:52.809] [_W7Probe]  W7:     FAILED id='expendable-asset_quad-right' url=file://Media/Manialinks/Nadeo/CMGame/Utils/ButtonStyles/Straight/Common_Button_End_Straight.dds visible=1 pos=64.2533,14.5667 size=3.25x6.5
[   ScriptRuntime] [  LOG] [20:35:52.809] [_W7Probe]  W7:     FAILED id='expendable-asset_quad-left' url=file://Media/Manialinks/Nadeo/CMGame/Utils/ButtonStyles/Straight/Common_Button_Start_Straight.dds visible=1 pos=50.7533,14.5667 size=3.25x6.5
[   ScriptRuntime] [  LOG] [20:35:52.809] [_W7Probe]  W7:     FAILED id='expendable-asset_quad-right' url=file://Media/Manialinks/Nadeo/CMGame/Utils/ButtonStyles/Straight/Common_Button_End_Straight.dds visible=1 pos=64.2533,14.5667 size=3.25x6.5
[   ScriptRuntime] [  LOG] [20:35:52.809] [_W7Probe]  W7:     FAILED id='expendable-asset_quad-left' url=file://Media/Manialinks/Nadeo/CMGame/Utils/ButtonStyles/Straight/Common_Button_Start_Straight.dds visible=1 pos=50.7533,14.5667 size=3.25x6.5
[   ScriptRuntime] [  LOG] [20:35:52.809] [_W7Probe]  W7:     FAILED id='expendable-asset_quad-right' url=file://Media/Manialinks/Nadeo/CMGame/Utils/ButtonStyles/Straight/Common_Button_End_Straight.dds visible=1 pos=64.2533,14.5667 size=3.25x6.5
[   ScriptRuntime] [  LOG] [20:35:52.809] [_W7Probe]  W7:     FAILED id='expendable-asset_quad-left' url=file://Media/Manialinks/Nadeo/CMGame/Utils/ButtonStyles/Straight/Common_Button_Start_Straight.dds visible=1 pos=50.7533,14.5667 size=3.25x6.5
[   ScriptRuntime] [  LOG] [20:35:52.809] [_W7Probe]  W7:     FAILED id='expendable-asset_quad-right' url=file://Media/Manialinks/Nadeo/CMGame/Utils/ButtonStyles/Rounded/Common_Button_End_Rounded.dds visible=1 pos=130.837,19.2333 size=4.66667x9.33333
[   ScriptRuntime] [  LOG] [20:35:52.809] [_W7Probe]  W7:     FAILED id='expendable-asset_quad-left' url=file://Media/Manialinks/Nadeo/CMGame/Utils/ButtonStyles/Rounded/Common_Button_Start_Rounded.dds visible=1 pos=-123.83,19.2333 size=4.66667x9.33333
[   ScriptRuntime] [  LOG] [20:35:52.809] [_W7Probe]  W7:     FAILED id='expendable-asset_quad-right' url=file://Media/Manialinks/Nadeo/CMGame/Utils/ButtonStyles/Rounded/Common_Button_End_Rounded.dds visible=1 pos=130.836,19.2333 size=4.66667x9.33333
[   ScriptRuntime] [  LOG] [20:35:52.809] [_W7Probe]  W7:     FAILED id='expendable-asset_quad-left' url=file://Media/Manialinks/Nadeo/CMGame/Utils/ButtonStyles/Straight/Common_Button_Start_Straight.dds visible=1 pos=50.5239,19.2333 size=4.66667x9.33333
[   ScriptRuntime] [  LOG] [20:35:52.809] [_W7Probe]  W7:     FAILED id='expendable-asset_quad-right' url=file://Media/Manialinks/Nadeo/CMGame/Utils/ButtonStyles/Straight/Common_Button_End_Straight.dds visible=1 pos=42.8366,19.2333 size=4.66667x9.33333
[   ScriptRuntime] [  LOG] [20:35:52.809] [_W7Probe]  W7:     FAILED id='expendable-asset_quad-left' url=file://Media/Manialinks/Nadeo/CMGame/Utils/ButtonStyles/Rounded/Common_Button_Start_Rounded.dds visible=1 pos=-123.83,19.2333 size=4.66667x9.33333
[   ScriptRuntime] [  LOG] [20:35:52.809] [_W7Probe]  W7:     FAILED id='expendable-asset_quad-right' url=file://Media/Manialinks/Nadeo/CMGame/Utils/ButtonStyles/Straight/Common_Button_End_Straight.dds visible=1 pos=66.2516,25.9 size=3.25x6.5
[   ScriptRuntime] [  LOG] [20:35:52.809] [_W7Probe]  W7:     FAILED id='expendable-asset_quad-left' url=file://Media/Manialinks/Nadeo/CMGame/Utils/ButtonStyles/Straight/Common_Button_Start_Straight.dds visible=1 pos=52.7516,25.9 size=3.25x6.5
[   ScriptRuntime] [  LOG] [20:35:52.809] [_W7Probe]  W7:     FAILED id='expendable-asset_quad-right' url=file://Media/Manialinks/Nadeo/CMGame/Utils/ButtonStyles/Straight/Common_Button_End_Straight.dds visible=1 pos=66.2516,25.9 size=3.25x6.5
[   ScriptRuntime] [  LOG] [20:35:52.809] [_W7Probe]  W7:     FAILED id='expendable-asset_quad-left' url=file://Media/Manialinks/Nadeo/CMGame/Utils/ButtonStyles/Straight/Common_Button_Start_Straight.dds visible=1 pos=52.7516,25.9 size=3.25x6.5
[   ScriptRuntime] [  LOG] [20:35:52.809] [_W7Probe]  W7:     FAILED id='expendable-asset_quad-right' url=file://Media/Manialinks/Nadeo/CMGame/Utils/ButtonStyles/Straight/Common_Button_End_Straight.dds visible=1 pos=66.2516,25.9 size=3.25x6.5
[   ScriptRuntime] [  LOG] [20:35:52.809] [_W7Probe]  W7:     FAILED id='expendable-asset_quad-left' url=file://Media/Manialinks/Nadeo/CMGame/Utils/ButtonStyles/Straight/Common_Button_Start_Straight.dds visible=1 pos=52.7516,25.9 size=3.25x6.5
[   ScriptRuntime] [  LOG] [20:35:52.809] [_W7Probe]  W7:     FAILED id='expendable-asset_quad-right' url=file://Media/Manialinks/Nadeo/CMGame/Utils/ButtonStyles/Straight/Common_Button_End_Straight.dds visible=1 pos=66.2516,25.9 size=3.25x6.5
[   ScriptRuntime] [  LOG] [20:35:52.809] [_W7Probe]  W7:     FAILED id='expendable-asset_quad-left' url=file://Media/Manialinks/Nadeo/CMGame/Utils/ButtonStyles/Straight/Common_Button_Start_Straight.dds visible=1 pos=52.7516,25.9 size=3.25x6.5
[   ScriptRuntime] [  LOG] [20:35:52.809] [_W7Probe]  W7:     FAILED id='expendable-asset_quad-right' url=file://Media/Manialinks/Nadeo/CMGame/Utils/ButtonStyles/Straight/Common_Button_End_Straight.dds visible=1 pos=66.2516,25.9 size=3.25x6.5
[   ScriptRuntime] [  LOG] [20:35:52.809] [_W7Probe]  W7:     FAILED id='expendable-asset_quad-left' url=file://Media/Manialinks/Nadeo/CMGame/Utils/ButtonStyles/Straight/Common_Button_Start_Straight.dds visible=1 pos=52.7516,25.9 size=3.25x6.5
[   ScriptRuntime] [  LOG] [20:35:52.809] [_W7Probe]  W7:     FAILED id='expendable-asset_quad-right' url=file://Media/Manialinks/Nadeo/CMGame/Utils/ButtonStyles/Rounded/Common_Button_End_Rounded.dds visible=1 pos=132.835,30.5667 size=4.66667x9.33333
[   ScriptRuntime] [  LOG] [20:35:52.809] [_W7Probe]  W7:     FAILED id='expendable-asset_quad-left' url=file://Media/Manialinks/Nadeo/CMGame/Utils/ButtonStyles/Rounded/Common_Button_Start_Rounded.dds visible=1 pos=-121.832,30.5667 size=4.66667x9.33333
[   ScriptRuntime] [  LOG] [20:35:52.809] [_W7Probe]  W7:     FAILED id='expendable-asset_quad-right' url=file://Media/Manialinks/Nadeo/CMGame/Utils/ButtonStyles/Rounded/Common_Button_End_Rounded.dds visible=1 pos=132.835,30.5667 size=4.66667x9.33333
[   ScriptRuntime] [  LOG] [20:35:52.809] [_W7Probe]  W7:     FAILED id='expendable-asset_quad-left' url=file://Media/Manialinks/Nadeo/CMGame/Utils/ButtonStyles/Straight/Common_Button_Start_Straight.dds visible=1 pos=52.5223,30.5667 size=4.66667x9.33333
[   ScriptRuntime] [  LOG] [20:35:52.809] [_W7Probe]  W7:     FAILED id='expendable-asset_quad-right' url=file://Media/Manialinks/Nadeo/CMGame/Utils/ButtonStyles/Straight/Common_Button_End_Straight.dds visible=1 pos=44.8349,30.5667 size=4.66667x9.33333
[   ScriptRuntime] [  LOG] [20:35:52.809] [_W7Probe]  W7:     FAILED id='expendable-asset_quad-left' url=file://Media/Manialinks/Nadeo/CMGame/Utils/ButtonStyles/Rounded/Common_Button_Start_Rounded.dds visible=1 pos=-121.832,30.5667 size=4.66667x9.33333
[   ScriptRuntime] [  LOG] [20:35:52.809] [_W7Probe]  W7:     FAILED id='expendable-asset_quad-right' url=file://Media/Manialinks/Nadeo/CMGame/Utils/ButtonStyles/Straight/Common_Button_End_Straight.dds visible=1 pos=68.25,37.2333 size=3.25x6.5
[   ScriptRuntime] [  LOG] [20:35:52.809] [_W7Probe]  W7:     FAILED id='expendable-asset_quad-left' url=file://Media/Manialinks/Nadeo/CMGame/Utils/ButtonStyles/Straight/Common_Button_Start_Straight.dds visible=1 pos=54.75,37.2333 size=3.25x6.5
[   ScriptRuntime] [  LOG] [20:35:52.809] [_W7Probe]  W7:     FAILED id='expendable-asset_quad-right' url=file://Media/Manialinks/Nadeo/CMGame/Utils/ButtonStyles/Straight/Common_Button_End_Straight.dds visible=1 pos=68.25,37.2333 size=3.25x6.5
[   ScriptRuntime] [  LOG] [20:35:52.809] [_W7Probe]  W7:     FAILED id='expendable-asset_quad-left' url=file://Media/Manialinks/Nadeo/CMGame/Utils/ButtonStyles/Straight/Common_Button_Start_Straight.dds visible=1 pos=54.75,37.2333 size=3.25x6.5
[   ScriptRuntime] [  LOG] [20:35:52.809] [_W7Probe]  W7:     FAILED id='expendable-asset_quad-right' url=file://Media/Manialinks/Nadeo/CMGame/Utils/ButtonStyles/Straight/Common_Button_End_Straight.dds visible=1 pos=68.25,37.2333 size=3.25x6.5
[   ScriptRuntime] [  LOG] [20:35:52.809] [_W7Probe]  W7:     FAILED id='expendable-asset_quad-left' url=file://Media/Manialinks/Nadeo/CMGame/Utils/ButtonStyles/Straight/Common_Button_Start_Straight.dds visible=1 pos=54.75,37.2333 size=3.25x6.5
[   ScriptRuntime] [  LOG] [20:35:52.809] [_W7Probe]  W7:     FAILED id='expendable-asset_quad-right' url=file://Media/Manialinks/Nadeo/CMGame/Utils/ButtonStyles/Straight/Common_Button_End_Straight.dds visible=1 pos=68.25,37.2333 size=3.25x6.5
[   ScriptRuntime] [  LOG] [20:35:52.809] [_W7Probe]  W7:     FAILED id='expendable-asset_quad-left' url=file://Media/Manialinks/Nadeo/CMGame/Utils/ButtonStyles/Straight/Common_Button_Start_Straight.dds visible=1 pos=54.75,37.2333 size=3.25x6.5
[   ScriptRuntime] [  LOG] [20:35:52.809] [_W7Probe]  W7:     FAILED id='expendable-asset_quad-right' url=file://Media/Manialinks/Nadeo/CMGame/Utils/ButtonStyles/Straight/Common_Button_End_Straight.dds visible=1 pos=68.25,37.2333 size=3.25x6.5
[   ScriptRuntime] [  LOG] [20:35:52.809] [_W7Probe]  W7:     FAILED id='expendable-asset_quad-left' url=file://Media/Manialinks/Nadeo/CMGame/Utils/ButtonStyles/Straight/Common_Button_Start_Straight.dds visible=1 pos=54.75,37.2333 size=3.25x6.5
[   ScriptRuntime] [  LOG] [20:35:52.809] [_W7Probe]  W7:     FAILED id='expendable-asset_quad-right' url=file://Media/Manialinks/Nadeo/CMGame/Utils/ButtonStyles/Rounded/Common_Button_End_Rounded.dds visible=1 pos=134.833,41.9 size=4.66667x9.33333
[   ScriptRuntime] [  LOG] [20:35:52.809] [_W7Probe]  W7:     FAILED id='expendable-asset_quad-left' url=file://Media/Manialinks/Nadeo/CMGame/Utils/ButtonStyles/Rounded/Common_Button_Start_Rounded.dds visible=1 pos=-119.833,41.9 size=4.66667x9.33333
[   ScriptRuntime] [  LOG] [20:35:52.809] [_W7Probe]  W7:     FAILED id='expendable-asset_quad-right' url=file://Media/Manialinks/Nadeo/CMGame/Utils/ButtonStyles/Rounded/Common_Button_End_Rounded.dds visible=1 pos=134.833,41.9 size=4.66667x9.33333
[   ScriptRuntime] [  LOG] [20:35:52.809] [_W7Probe]  W7:     FAILED id='expendable-asset_quad-left' url=file://Media/Manialinks/Nadeo/CMGame/Utils/ButtonStyles/Straight/Common_Button_Start_Straight.dds visible=1 pos=54.5207,41.9 size=4.66667x9.33333
[   ScriptRuntime] [  LOG] [20:35:52.809] [_W7Probe]  W7:     FAILED id='expendable-asset_quad-right' url=file://Media/Manialinks/Nadeo/CMGame/Utils/ButtonStyles/Straight/Common_Button_End_Straight.dds visible=1 pos=46.8333,41.9 size=4.66667x9.33333
[   ScriptRuntime] [  LOG] [20:35:52.809] [_W7Probe]  W7:     FAILED id='expendable-asset_quad-left' url=file://Media/Manialinks/Nadeo/CMGame/Utils/ButtonStyles/Rounded/Common_Button_Start_Rounded.dds visible=1 pos=-119.833,41.9 size=4.66667x9.33333
[   ScriptRuntime] [  LOG] [20:35:52.809] [_W7Probe]  W7:     FAILED id='expendable-asset_quad-right' url=file://Media/Manialinks/Nadeo/CMGame/Utils/ButtonStyles/Rounded/Common_Button_End_Rounded.dds visible=1 pos=56.2946,49.5 size=4.75x9.5
[   ScriptRuntime] [  LOG] [20:35:52.809] [_W7Probe]  W7:     FAILED id='expendable-asset_quad-left' url=file://Media/Manialinks/Nadeo/CMGame/Utils/ButtonStyles/Rounded/Common_Button_Start_Rounded.dds visible=1 pos=-118.25,49.5 size=4.75x9.5
[   ScriptRuntime] [  LOG] [20:35:52.809] [_W7Probe]  W7:     FAILED id='expendable-asset_quad-right' url=file://Media/Manialinks/Nadeo/CMGame/Utils/ButtonStyles/Rounded/Common_Button_Contour_End_Rounded.dds visible=1 pos=135,73 size=12.5x25
[   ScriptRuntime] [  LOG] [20:35:52.809] [_W7Probe]  W7:     FAILED id='expendable-asset_quad-center' url=file://Media/Manialinks/Nadeo/CMGame/Utils/ButtonStyles/Rounded/Common_Button_Contour_Middle.dds visible=1 pos=107.5,73 size=55x25
[   ScriptRuntime] [  LOG] [20:35:52.809] [_W7Probe]  W7:     FAILED id='expendable-asset_quad-left' url=file://Media/Manialinks/Nadeo/CMGame/Utils/ButtonStyles/Rounded/Common_Button_Contour_Start_Rounded.dds visible=1 pos=80,73 size=12.5x25
[   ScriptRuntime] [  LOG] [20:35:52.809] [_W7Probe]  W7:     FAILED id='expendable-asset_quad-right' url=file://Media/Manialinks/Nadeo/CMGame/Utils/ButtonStyles/Rounded/Common_Button_End_Rounded.dds visible=1 pos=135,73 size=12.5x25
[   ScriptRuntime] [  LOG] [20:35:52.809] [_W7Probe]  W7:     FAILED id='expendable-asset_quad-left' url=file://Media/Manialinks/Nadeo/CMGame/Utils/ButtonStyles/Rounded/Common_Button_Start_Rounded.dds visible=1 pos=80,73 size=12.5x25
[   ScriptRuntime] [  LOG] [20:35:52.809] [_W7Probe]  W7:     FAILED id='ComponentProfilePlayerInfo_quad-best-trophy' url=file://Media/Manialinks/Nadeo/Trackmania/Trophies/512/trophy_base_00.dds visible=1 pos=-48.5657,21 size=42x42
[   ScriptRuntime] [  LOG] [20:35:52.810] [_W7Probe]  W7:     FAILED id='ComponentProfilePlayerInfo_quad-trophies-global-ranking-echelon' url=file://Media/Manialinks/Nadeo/Trackmania/Menus/PageProfile/Echelons/Menu_Profile_Echelon_Bronze0.dds visible=1 pos=-132.732,14 size=20.2086x53
[   ScriptRuntime] [  LOG] [20:35:52.810] [_W7Probe]  W7:     FAILED id='ComponentProfilePlayerInfo_quad-highest-trophy' url=file://Media/Manialinks/Nadeo/Trackmania/Trophies/512/trophy_base_00.dds visible=1 pos=18,-7.7 size=36x36
[   ScriptRuntime] [  LOG] [20:35:52.810] [_W7Probe]  W7:     FAILED id='ComponentProfilePlayerInfo_quad-lights' url=file://Media/Manialinks/Nadeo/Trackmania/Menus/Common/Common_Light_Spotlight.webm visible=1 pos=-105,30 size=200x180
[   ScriptRuntime] [  LOG] [20:35:52.810] [_W7Probe]  W7:     FAILED id='ComponentProfilePlayerInfo_quad-background' url=file://Media/Manialinks/Nadeo/Trackmania/Menus/PageProfile/UI_profile_background_map_gradients.dds visible=1 pos=-0,0 size=320x180
[   ScriptRuntime] [  LOG] [20:35:52.810] [_W7Probe]  W7:     FAILED id='ComponentProfilePlayerInfo_quad-trophy-icon' url=file://Media/Manialinks/Nadeo/Trackmania/Trophies/512/trophy_base_00.dds visible=1 pos=-124.05,-42.39 size=21x21
[   ScriptRuntime] [  LOG] [20:35:52.810] [_W7Probe]  W7:     FAILED id='ComponentProfilePlayerInfo_quad-trophy-icon' url=file://Media/Manialinks/Nadeo/Trackmania/Trophies/512/trophy_base_00.dds visible=1 pos=-94.0129,-42.39 size=21x21
[   ScriptRuntime] [  LOG] [20:35:52.810] [_W7Probe]  W7:     FAILED id='ComponentProfilePlayerInfo_quad-trophy-icon' url=file://Media/Manialinks/Nadeo/Trackmania/Trophies/512/trophy_base_00.dds visible=1 pos=-63.9757,-42.39 size=21x21
[   ScriptRuntime] [  LOG] [20:35:52.810] [_W7Probe]  W7:     FAILED id='ComponentProfilePlayerInfo_quad-trophy-icon' url=file://Media/Manialinks/Nadeo/Trackmania/Trophies/512/trophy_base_00.dds visible=1 pos=-33.9386,-42.39 size=21x21
[   ScriptRuntime] [  LOG] [20:35:52.810] [_W7Probe]  W7:     FAILED id='ComponentProfilePlayerInfo_quad-trophy-icon' url=file://Media/Manialinks/Nadeo/Trackmania/Trophies/512/trophy_base_00.dds visible=1 pos=-3.90099,-42.39 size=21x21
[   ScriptRuntime] [  LOG] [20:35:52.810] [_W7Probe]  W7:     FAILED id='ComponentProfilePlayerInfo_quad-trophy-icon' url=file://Media/Manialinks/Nadeo/Trackmania/Trophies/512/trophy_base_00.dds visible=1 pos=26.136,-42.39 size=21x21
[   ScriptRuntime] [  LOG] [20:35:52.810] [_W7Probe]  W7:     FAILED id='ComponentProfilePlayerInfo_quad-trophy-icon' url=file://Media/Manialinks/Nadeo/Trackmania/Trophies/512/trophy_base_00.dds visible=1 pos=56.173,-42.39 size=21x21
[   ScriptRuntime] [  LOG] [20:35:52.810] [_W7Probe]  W7:     FAILED id='ComponentProfilePlayerInfo_quad-trophy-icon' url=file://Media/Manialinks/Nadeo/Trackmania/Trophies/512/trophy_base_00.dds visible=1 pos=86.21,-42.39 size=21x21
[   ScriptRuntime] [  LOG] [20:35:52.810] [_W7Probe]  W7:     FAILED id='ComponentProfilePlayerInfo_quad-trophy-icon' url=file://Media/Manialinks/Nadeo/Trackmania/Trophies/512/trophy_base_00.dds visible=1 pos=116.247,-42.39 size=21x21
[   ScriptRuntime] [  LOG] [20:35:52.810] [_W7Probe]  W7:     FAILED id='ComponentProfilePlayerInfo_quad-trophy-bg' url=file://Media/Manialinks/Nadeo/Trackmania/Menus/PageProfile/Menu_Profile_Trophy.dds visible=1 pos=-124.8,-44 size=30.5571x23
[   ScriptRuntime] [  LOG] [20:35:52.810] [_W7Probe]  W7:     FAILED id='ComponentProfilePlayerInfo_quad-trophy-focus' url=file://Media/Manialinks/Nadeo/Trackmania/Menus/PageProfile/Menu_Profile_Trophy_Contour.dds visible=1 pos=-124.8,-44 size=30.5571x23
[   ScriptRuntime] [  LOG] [20:35:52.810] [_W7Probe]  W7:     FAILED id='ComponentProfilePlayerInfo_quad-trophy-bg' url=file://Media/Manialinks/Nadeo/Trackmania/Menus/PageProfile/Menu_Profile_Trophy.dds visible=1 pos=-94.7629,-44 size=30.5571x23
[   ScriptRuntime] [  LOG] [20:35:52.810] [_W7Probe]  W7:     FAILED id='ComponentProfilePlayerInfo_quad-trophy-focus' url=file://Media/Manialinks/Nadeo/Trackmania/Menus/PageProfile/Menu_Profile_Trophy_Contour.dds visible=1 pos=-94.7629,-44 size=30.5571x23
[   ScriptRuntime] [  LOG] [20:35:52.810] [_W7Probe]  W7:     FAILED id='ComponentProfilePlayerInfo_quad-trophy-bg' url=file://Media/Manialinks/Nadeo/Trackmania/Menus/PageProfile/Menu_Profile_Trophy.dds visible=1 pos=-64.7257,-44 size=30.5571x23
[   ScriptRuntime] [  LOG] [20:35:52.810] [_W7Probe]  W7:     FAILED id='ComponentProfilePlayerInfo_quad-trophy-focus' url=file://Media/Manialinks/Nadeo/Trackmania/Menus/PageProfile/Menu_Profile_Trophy_Contour.dds visible=1 pos=-64.7257,-44 size=30.5571x23
[   ScriptRuntime] [  LOG] [20:35:52.810] [_W7Probe]  W7:     FAILED id='ComponentProfilePlayerInfo_quad-trophy-bg' url=file://Media/Manialinks/Nadeo/Trackmania/Menus/PageProfile/Menu_Profile_Trophy.dds visible=1 pos=-34.6886,-44 size=30.5571x23
[   ScriptRuntime] [  LOG] [20:35:52.810] [_W7Probe]  W7:     FAILED id='ComponentProfilePlayerInfo_quad-trophy-focus' url=file://Media/Manialinks/Nadeo/Trackmania/Menus/PageProfile/Menu_Profile_Trophy_Contour.dds visible=1 pos=-34.6886,-44 size=30.5571x23
[   ScriptRuntime] [  LOG] [20:35:52.810] [_W7Probe]  W7:     FAILED id='ComponentProfilePlayerInfo_quad-trophy-bg' url=file://Media/Manialinks/Nadeo/Trackmania/Menus/PageProfile/Menu_Profile_Trophy.dds visible=1 pos=-4.651,-44 size=30.5571x23
[   ScriptRuntime] [  LOG] [20:35:52.810] [_W7Probe]  W7:     FAILED id='ComponentProfilePlayerInfo_quad-trophy-focus' url=file://Media/Manialinks/Nadeo/Trackmania/Menus/PageProfile/Menu_Profile_Trophy_Contour.dds visible=1 pos=-4.651,-44 size=30.5571x23
[   ScriptRuntime] [  LOG] [20:35:52.810] [_W7Probe]  W7:     FAILED id='ComponentProfilePlayerInfo_quad-trophy-bg' url=file://Media/Manialinks/Nadeo/Trackmania/Menus/PageProfile/Menu_Profile_Trophy.dds visible=1 pos=25.386,-44 size=30.5571x23
[   ScriptRuntime] [  LOG] [20:35:52.810] [_W7Probe]  W7:     FAILED id='ComponentProfilePlayerInfo_quad-trophy-focus' url=file://Media/Manialinks/Nadeo/Trackmania/Menus/PageProfile/Menu_Profile_Trophy_Contour.dds visible=1 pos=25.386,-44 size=30.5571x23
[   ScriptRuntime] [  LOG] [20:35:52.810] [_W7Probe]  W7:     FAILED id='ComponentProfilePlayerInfo_quad-trophy-bg' url=file://Media/Manialinks/Nadeo/Trackmania/Menus/PageProfile/Menu_Profile_Trophy.dds visible=1 pos=55.423,-44 size=30.5571x23
[   ScriptRuntime] [  LOG] [20:35:52.810] [_W7Probe]  W7:     FAILED id='ComponentProfilePlayerInfo_quad-trophy-focus' url=file://Media/Manialinks/Nadeo/Trackmania/Menus/PageProfile/Menu_Profile_Trophy_Contour.dds visible=1 pos=55.423,-44 size=30.5571x23
[   ScriptRuntime] [  LOG] [20:35:52.810] [_W7Probe]  W7:     FAILED id='ComponentProfilePlayerInfo_quad-trophy-bg' url=file://Media/Manialinks/Nadeo/Trackmania/Menus/PageProfile/Menu_Profile_Trophy.dds visible=1 pos=85.46,-44 size=30.5571x23
[   ScriptRuntime] [  LOG] [20:35:52.810] [_W7Probe]  W7:     FAILED id='ComponentProfilePlayerInfo_quad-trophy-focus' url=file://Media/Manialinks/Nadeo/Trackmania/Menus/PageProfile/Menu_Profile_Trophy_Contour.dds visible=1 pos=85.46,-44 size=30.5571x23
[   ScriptRuntime] [  LOG] [20:35:52.810] [_W7Probe]  W7:     FAILED id='ComponentProfilePlayerInfo_quad-trophy-bg' url=file://Media/Manialinks/Nadeo/Trackmania/Menus/PageProfile/Menu_Profile_Trophy.dds visible=1 pos=115.497,-44 size=30.5571x23
[   ScriptRuntime] [  LOG] [20:35:52.810] [_W7Probe]  W7:     FAILED id='ComponentProfilePlayerInfo_quad-trophy-focus' url=file://Media/Manialinks/Nadeo/Trackmania/Menus/PageProfile/Menu_Profile_Trophy_Contour.dds visible=1 pos=115.497,-44 size=30.5571x23
[   ScriptRuntime] [  LOG] [20:35:52.810] [_W7Probe]  W7:     FAILED id='menu-libs-loading-spinner_quad-loading' url=file://Media/Manialinks/Nadeo/CMGame/Components/LoadingSpinner/LoadingSpinner.dds visible=0 pos=-124.5,69.25 size=15x15
[   ScriptRuntime] [  LOG] [20:35:52.810] [_W7Probe]  W7:     FAILED id='menu-libs-loading-spinner_quad-loading' url=file://Media/Manialinks/Nadeo/CMGame/Components/LoadingSpinner/LoadingSpinner.dds visible=0 pos=65.5,-7.7 size=15x15
[   ScriptRuntime] [  LOG] [20:35:52.810] [_W7Probe]  W7:     FAILED id='menu-libs-loading-spinner_quad-loading' url=file://Media/Manialinks/Nadeo/CMGame/Components/LoadingSpinner/LoadingSpinner.dds visible=0 pos=12,-5 size=15x15
[   ScriptRuntime] [  LOG] [20:35:52.810] [_W7Probe]  W7:     FAILED id='menu-libs-loading-spinner_quad-loading' url=file://Media/Manialinks/Nadeo/CMGame/Components/LoadingSpinner/LoadingSpinner.dds visible=0 pos=12.2,-5 size=15x15
[   ScriptRuntime] [  LOG] [20:35:52.810] [_W7Probe]  W7:     FAILED id='menu-libs-loading-spinner_quad-loading' url=file://Media/Manialinks/Nadeo/CMGame/Components/LoadingSpinner/LoadingSpinner.dds visible=0 pos=-25.6271,12.1 size=15x15
[   ScriptRuntime] [  LOG] [20:35:52.810] [_W7Probe]  W7:     FAILED id='menu-libs-loading-spinner_quad-loading' url=file://Media/Manialinks/Nadeo/CMGame/Components/LoadingSpinner/LoadingSpinner.dds visible=1 pos=-33.3729,-32.5 size=15x15
[   ScriptRuntime] [  LOG] [20:35:52.810] [_W7Probe]  W7:     FAILED id='menu-libs-loading-spinner_quad-loading' url=file://Media/Manialinks/Nadeo/CMGame/Components/LoadingSpinner/LoadingSpinner.dds visible=0 pos=45.0629,18.7335 size=15x15
[   ScriptRuntime] [  LOG] [20:35:52.810] [_W7Probe]  W7:     FAILED id='ComponentSettings_quad-player-card-flag' url=file://ZoneFlags/Path/World visible=1 pos=-151.196,73 size=19.488x11.76
[   ScriptRuntime] [  LOG] [20:35:52.810] [_W7Probe]  W7:     FAILED id='ComponentSettings_quad-pending-changes' url=file://Media/Manialinks/Nadeo/Trackmania/Menus/Settings/Menu_Settings_PendingChanges.dds visible=0 pos=150.25,-67.25 size=3x3
[   ScriptRuntime] [  LOG] [20:35:52.810] [_W7Probe]  W7:     FAILED id='ComponentSettings_quad-background' url=file://Media/Manialinks/Nadeo/Trackmania/Menus/PageProfile/UI_profile_background_map_gradients.dds visible=1 pos=-0,0 size=320x180
[   ScriptRuntime] [  LOG] [20:35:52.810] [_W7Probe]  W7:     imageQuads=883 loaded=0 pending=0 failed=883
[   ScriptRuntime] [  LOG] [20:35:52.810] [_W7Probe]  W7: --- layer 25 attachId='Unassigned' type=0 visible=1 anim=0 scriptRunning=1 xmlLen=197732
[   ScriptRuntime] [  LOG] [20:35:52.810] [_W7Probe]  W7:     controls=354 mainFrame=ok
[   ScriptRuntime] [  LOG] [20:35:52.811] [_W7Probe]  W7:     FAILED id='Trackmania_Button_quad-image' url=file://Media/Manialinks/Nadeo/TMGame/Menus/HUD_Campaign_Button_ObtuseCorner.dds visible=1 pos=-68.2786,-29.126 size=125x10.6952
[   ScriptRuntime] [  LOG] [20:35:52.811] [_W7Probe]  W7:     FAILED id='Trackmania_Button_quad-focus-background' url=file://Media/Manialinks/Nadeo/TMGame/Menus/HUD_Campaign_Button_ObtuseCorner_Focused.dds visible=0 pos=-68.2786,-29.126 size=125x10.6952
[   ScriptRuntime] [  LOG] [20:35:52.811] [_W7Probe]  W7:     FAILED id='menu-libs-loading-spinner_quad-loading' url=file://Media/Manialinks/Nadeo/CMGame/Components/LoadingSpinner/LoadingSpinner.dds visible=0 pos=-5.77864,-34.4736 size=15x15
[   ScriptRuntime] [  LOG] [20:35:52.811] [_W7Probe]  W7:     FAILED id='Trackmania_Button_quad-image' url=file://Media/Manialinks/Nadeo/TMGame/Menus/HUD_Campaign_Button_ObtuseCorner.dds visible=1 pos=-66.5107,-19.0993 size=125x10.6952
[   ScriptRuntime] [  LOG] [20:35:52.811] [_W7Probe]  W7:     FAILED id='Trackmania_Button_quad-focus-background' url=file://Media/Manialinks/Nadeo/TMGame/Menus/HUD_Campaign_Button_ObtuseCorner_Focused.dds visible=0 pos=-66.5107,-19.0993 size=125x10.6952
[   ScriptRuntime] [  LOG] [20:35:52.811] [_W7Probe]  W7:     FAILED id='menu-libs-loading-spinner_quad-loading' url=file://Media/Manialinks/Nadeo/CMGame/Components/LoadingSpinner/LoadingSpinner.dds visible=0 pos=-4.01065,-24.4469 size=15x15
[   ScriptRuntime] [  LOG] [20:35:52.811] [_W7Probe]  W7:     FAILED id='Trackmania_Button_quad-icon' url=file://Media/Manialinks/Nadeo/Trackmania/Menus/Medals/Medal_Silver.dds visible=1 pos=44.7937,-5.45227 size=7.69519x7.69519
[   ScriptRuntime] [  LOG] [20:35:52.811] [_W7Probe]  W7:     FAILED id='Trackmania_Button_quad-image' url=file://Media/Manialinks/Nadeo/TMGame/Menus/HUD_Campaign_Button_ObtuseCorner.dds visible=1 pos=-63.8587,-4.05922 size=125x10.6952
[   ScriptRuntime] [  LOG] [20:35:52.811] [_W7Probe]  W7:     FAILED id='Trackmania_Button_quad-focus-icon' url=file://Media/Manialinks/Nadeo/Trackmania/Menus/Medals/Medal_Silver.dds visible=0 pos=44.7937,-5.45227 size=7.69519x7.69519
[   ScriptRuntime] [  LOG] [20:35:52.811] [_W7Probe]  W7:     FAILED id='Trackmania_Button_quad-focus-background' url=file://Media/Manialinks/Nadeo/TMGame/Menus/HUD_Campaign_Button_ObtuseCorner_Focused.dds visible=0 pos=-63.8587,-4.05922 size=125x10.6952
[   ScriptRuntime] [  LOG] [20:35:52.811] [_W7Probe]  W7:     FAILED id='menu-libs-loading-spinner_quad-loading' url=file://Media/Manialinks/Nadeo/CMGame/Components/LoadingSpinner/LoadingSpinner.dds visible=0 pos=-1.35868,-9.29986 size=15x15
[   ScriptRuntime] [  LOG] [20:35:52.811] [_W7Probe]  W7:     FAILED id='Trackmania_Button_quad-image' url=file://Media/Manialinks/Nadeo/TMGame/Menus/HUD_Campaign_Button_ObtuseCorner.dds visible=1 pos=-64.7427,-9.07259 size=125x10.6952
[   ScriptRuntime] [  LOG] [20:35:52.811] [_W7Probe]  W7:     FAILED id='Trackmania_Button_quad-focus-background' url=file://Media/Manialinks/Nadeo/TMGame/Menus/HUD_Campaign_Button_ObtuseCorner_Focused.dds visible=0 pos=-64.7427,-9.07259 size=125x10.6952
[   ScriptRuntime] [  LOG] [20:35:52.811] [_W7Probe]  W7:     FAILED id='menu-libs-loading-spinner_quad-loading' url=file://Media/Manialinks/Nadeo/CMGame/Components/LoadingSpinner/LoadingSpinner.dds visible=0 pos=-2.24267,-14.4202 size=15x15
[   ScriptRuntime] [  LOG] [20:35:52.811] [_W7Probe]  W7:     FAILED id='button-icon-2_quad-key-icon' url=file://Media/Manialinks/Nadeo/CMGame/Components/PadButtons/PC/ControllerInfo_PC_Base.dds visible=1 pos=11.1618,-80.4 size=7.2x7.2
[   ScriptRuntime] [  LOG] [20:35:52.811] [_W7Probe]  W7:     FAILED id='button-icon-2_quad-key-icon' url=file://Media/Manialinks/Nadeo/CMGame/Components/PadButtons/PC/ControllerInfo_PC_Base.dds visible=1 pos=11.1618,-80.4 size=7.2x7.2
[   ScriptRuntime] [  LOG] [20:35:52.811] [_W7Probe]  W7:     FAILED id='button-icon-2_quad-key-icon' url=file://Media/Manialinks/Nadeo/CMGame/Components/PadButtons/PC/ControllerInfo_PC_Base.dds visible=1 pos=11.1618,-80.4 size=7.2x7.2
[   ScriptRuntime] [  LOG] [20:35:52.811] [_W7Probe]  W7:     FAILED id='button-icon-2_quad-key-icon' url=file://Media/Manialinks/Nadeo/CMGame/Components/PadButtons/PC/ControllerInfo_PC_Base.dds visible=1 pos=11.1618,-80.4 size=7.2x7.2
[   ScriptRuntime] [  LOG] [20:35:52.811] [_W7Probe]  W7:     FAILED id='button-icon-2_quad-key-icon' url=file://Media/Manialinks/Nadeo/CMGame/Components/PadButtons/PC/ControllerInfo_PC_Base.dds visible=1 pos=11.1618,-80.4 size=7.2x7.2
[   ScriptRuntime] [  LOG] [20:35:52.811] [_W7Probe]  W7:     FAILED id='button-icon-2_quad-key-icon' url=file://Media/Manialinks/Nadeo/CMGame/Components/PadButtons/PC/ControllerInfo_PC_Base.dds visible=1 pos=11.1618,-80.4 size=7.2x7.2
[   ScriptRuntime] [  LOG] [20:35:52.811] [_W7Probe]  W7:     FAILED id='button-icon-2_quad-key-icon' url=file://Media/Manialinks/Nadeo/CMGame/Components/PadButtons/PC/ControllerInfo_PC_Base.dds visible=1 pos=11.1618,-80.4 size=7.2x7.2
[   ScriptRuntime] [  LOG] [20:35:52.811] [_W7Probe]  W7:     FAILED id='button-icon-2_quad-key-icon' url=file://Media/Manialinks/Nadeo/CMGame/Components/PadButtons/PC/ControllerInfo_PC_Base.dds visible=1 pos=11.1618,-80.4 size=7.2x7.2
[   ScriptRuntime] [  LOG] [20:35:52.811] [_W7Probe]  W7:     FAILED id='button-icon-2_quad-key-icon' url=file://Media/Manialinks/Nadeo/CMGame/Components/PadButtons/PC/ControllerInfo_PC_Base.dds visible=1 pos=11.1618,-80.4 size=7.2x7.2
[   ScriptRuntime] [  LOG] [20:35:52.811] [_W7Probe]  W7:     FAILED id='button-icon-2_quad-key-icon' url=file://Media/Manialinks/Nadeo/CMGame/Components/PadButtons/PC/ControllerInfo_PC_Base.dds visible=1 pos=11.1618,-80.4 size=7.2x7.2
[   ScriptRuntime] [  LOG] [20:35:52.811] [_W7Probe]  W7:     FAILED id='button-icon-2_quad-key-icon' url=file://Media/Manialinks/Nadeo/CMGame/Components/PadButtons/PC/ControllerInfo_PC_Base.dds visible=1 pos=11.1618,-80.4 size=7.2x7.2
[   ScriptRuntime] [  LOG] [20:35:52.811] [_W7Probe]  W7:     FAILED id='button-icon-2_quad-key-icon' url=file://Media/Manialinks/Nadeo/CMGame/Components/PadButtons/PC/ControllerInfo_PC_Base.dds visible=1 pos=11.1618,-80.4 size=7.2x7.2
[   ScriptRuntime] [  LOG] [20:35:52.811] [_W7Probe]  W7:     FAILED id='button-icon-2_quad-key-icon' url=file://Media/Manialinks/Nadeo/CMGame/Components/PadButtons/PC/ControllerInfo_PC_Base.dds visible=1 pos=11.1618,-80.4 size=7.2x7.2
[   ScriptRuntime] [  LOG] [20:35:52.811] [_W7Probe]  W7:     FAILED id='button-icon-2_quad-key-icon' url=file://Media/Manialinks/Nadeo/CMGame/Components/PadButtons/PC/ControllerInfo_PC_Base.dds visible=1 pos=11.1618,-80.4 size=7.2x7.2
[   ScriptRuntime] [  LOG] [20:35:52.811] [_W7Probe]  W7:     FAILED id='button-icon-2_quad-key-icon' url=file://Media/Manialinks/Nadeo/CMGame/Components/PadButtons/PC/ControllerInfo_PC_Base.dds visible=1 pos=11.1618,-80.4 size=7.2x7.2
[   ScriptRuntime] [  LOG] [20:35:52.811] [_W7Probe]  W7:     FAILED id='button-icon-2_quad-key-icon' url=file://Media/Manialinks/Nadeo/CMGame/Components/PadButtons/PC/ControllerInfo_PC_Base.dds visible=1 pos=11.1618,-80.4 size=7.2x7.2
[   ScriptRuntime] [  LOG] [20:35:52.811] [_W7Probe]  W7:     FAILED id='button-icon-2_quad-key-icon' url=file://Media/Manialinks/Nadeo/CMGame/Components/PadButtons/PC/ControllerInfo_PC_PageDown.dds visible=1 pos=120.697,-80.4 size=7.2x7.2
[   ScriptRuntime] [  LOG] [20:35:52.811] [_W7Probe]  W7:     FAILED id='button-icon-2_quad-key-icon' url=file://Media/Manialinks/Nadeo/CMGame/Components/PadButtons/PC/ControllerInfo_PC_PageUp.dds visible=1 pos=72.2532,-80.4 size=7.2x7.2
[   ScriptRuntime] [  LOG] [20:35:52.811] [_W7Probe]  W7:     FAILED id='button-icon-2_quad-key-icon' url=file://Media/Manialinks/Nadeo/CMGame/Components/PadButtons/PC/ControllerInfo_PC_Base.dds visible=1 pos=38.7914,-80.4 size=7.2x7.2
[   ScriptRuntime] [  LOG] [20:35:52.811] [_W7Probe]  W7:     FAILED id='button-icon-2_quad-key-icon' url=file://Media/Manialinks/Nadeo/CMGame/Components/PadButtons/PC/ControllerInfo_PC_Enter.dds visible=1 pos=11.1618,-80.4 size=7.2x7.2
[   ScriptRuntime] [  LOG] [20:35:52.811] [_W7Probe]  W7:     FAILED id='menu-libs-expendable-button_quad-button-icon' url=file://Media/Manialinks/Nadeo/CMGame/Utils/Icons/128x128/ICON_ARROW_RIGHT_OBLIQUE.dds visible=1 pos=53.8332,-47.737 size=10x10
[   ScriptRuntime] [  LOG] [20:35:52.811] [_W7Probe]  W7:     FAILED id='menu-libs-expendable-button_quad-bg-right' url=file://Media/Manialinks/Nadeo/CMGame/Utils/ButtonStyles/Rounded/Common_Button_End_Rounded.dds visible=1 pos=47.5271,-40.487 size=7.25x14.5
[   ScriptRuntime] [  LOG] [20:35:52.811] [_W7Probe]  W7:     FAILED id='menu-libs-expendable-button_quad-bg-left' url=file://Media/Manialinks/Nadeo/CMGame/Utils/ButtonStyles/Straight/Common_Button_Start_Straight.dds visible=1 pos=5.79756,-40.487 size=7.25x14.5
[   ScriptRuntime] [  LOG] [20:35:52.811] [_W7Probe]  W7:     FAILED id='menu-libs-expendable-button_quad-bg-right' url=file://Media/Manialinks/Nadeo/CMGame/Utils/ButtonStyles/Straight/Common_Button_End_Straight.dds visible=1 pos=0.104296,-40.487 size=7.25x14.5
[   ScriptRuntime] [  LOG] [20:35:52.811] [_W7Probe]  W7:     FAILED id='menu-libs-expendable-button_quad-bg-left' url=file://Media/Manialinks/Nadeo/CMGame/Utils/ButtonStyles/Straight/Common_Button_Start_Straight.dds visible=1 pos=-8.8957,-40.487 size=7.25x14.5
[   ScriptRuntime] [  LOG] [20:35:52.811] [_W7Probe]  W7:     FAILED id='menu-libs-expendable-button_quad-bg-right' url=file://Media/Manialinks/Nadeo/CMGame/Utils/ButtonStyles/Straight/Common_Button_End_Straight.dds visible=1 pos=-14.5889,-40.487 size=7.25x14.5
[   ScriptRuntime] [  LOG] [20:35:52.811] [_W7Probe]  W7:     FAILED id='menu-libs-expendable-button_quad-bg-left' url=file://Media/Manialinks/Nadeo/CMGame/Utils/ButtonStyles/Straight/Common_Button_Start_Straight.dds visible=1 pos=-23.5889,-40.487 size=7.25x14.5
[   ScriptRuntime] [  LOG] [20:35:52.811] [_W7Probe]  W7:     FAILED id='menu-libs-expendable-button_quad-button-icon' url=file://Media/Manialinks/Nadeo/CMGame/Utils/Icons/128x128/ICON_ARROW_LEFT_OBLIQUE.dds visible=1 pos=-68.7617,-47.737 size=10x10
[   ScriptRuntime] [  LOG] [20:35:52.811] [_W7Probe]  W7:     FAILED id='menu-libs-expendable-button_quad-bg-right' url=file://Media/Manialinks/Nadeo/CMGame/Utils/ButtonStyles/Straight/Common_Button_End_Straight.dds visible=1 pos=-29.2822,-40.487 size=7.25x14.5
[   ScriptRuntime] [  LOG] [20:35:52.812] [_W7Probe]  W7:     FAILED id='menu-libs-expendable-button_quad-bg-left' url=file://Media/Manialinks/Nadeo/CMGame/Utils/ButtonStyles/Straight/Common_Button_Start_Straight.dds visible=1 pos=-71.0117,-40.487 size=7.25x14.5
[   ScriptRuntime] [  LOG] [20:35:52.812] [_W7Probe]  W7:     FAILED id='menu-libs-loading-spinner_quad-loading' url=file://Media/Manialinks/Nadeo/CMGame/Components/LoadingSpinner/LoadingSpinner.dds visible=0 pos=42.4109,3.69341 size=15x15
[   ScriptRuntime] [  LOG] [20:35:52.812] [_W7Probe]  W7:     FAILED id='quad-timediff' url=file://Media/Manialinks/Nadeo/TMGame/Menus/HUD_StartEnd_HOVER_TIME_40.dds visible=1 pos=61.0789,12.2901 size=37.8x7
[   ScriptRuntime] [  LOG] [20:35:52.812] [_W7Probe]  W7:     FAILED id='quad-medal-banner-glow' url=file://Media/Manialinks/Nadeo/TMGame/Menus/HUD_BANNER_MEDALS_Glow.dds visible=0 pos=-85,0 size=58.3537x110
[   ScriptRuntime] [  LOG] [20:35:52.812] [_W7Probe]  W7:     FAILED id='quad-trophy-banner-glow' url=file://Media/Manialinks/Nadeo/TMGame/Menus/HUD_BANNER_MEDALS_Glow.dds visible=0 pos=90,0 size=58.3537x110
[   ScriptRuntime] [  LOG] [20:35:52.812] [_W7Probe]  W7:     FAILED id='quad-shadow-stack' url=file://Media/Manialinks/Nadeo/Trackmania/Menus/Medals/Medals_Shadow.dds visible=0 pos=-30.0291,0.134572 size=25x6.5
[   ScriptRuntime] [  LOG] [20:35:52.812] [_W7Probe]  W7:     FAILED id='quad-shadow-bigmedal' url=file://Media/Manialinks/Nadeo/Trackmania/Menus/Medals/Medals_Shadow.dds visible=0 pos=-33.6291,-2.26543 size=30x8.5
[   ScriptRuntime] [  LOG] [20:35:52.812] [_W7Probe]  W7:     FAILED id='' url=file://Media/Manialinks/Nadeo/Trackmania/Menus/Medals/Medal_Bronze.dds visible=0 pos=-41.6291,5.73457 size=12x12
[   ScriptRuntime] [  LOG] [20:35:52.812] [_W7Probe]  W7:     FAILED id='' url=file://Media/Manialinks/Nadeo/Trackmania/Menus/Medals/Medal_Silver.dds visible=0 pos=-41.6291,5.73457 size=12x12
[   ScriptRuntime] [  LOG] [20:35:52.812] [_W7Probe]  W7:     FAILED id='' url=file://Media/Manialinks/Nadeo/Trackmania/Menus/Medals/Medal_Gold.dds visible=0 pos=-41.6291,5.73457 size=12x12
[   ScriptRuntime] [  LOG] [20:35:52.812] [_W7Probe]  W7:     FAILED id='' url=file://Media/Manialinks/Nadeo/Trackmania/Menus/Medals/Medal_Nadeo.dds visible=0 pos=-41.6291,5.73457 size=12x12
[   ScriptRuntime] [  LOG] [20:35:52.812] [_W7Probe]  W7:     imageQuads=54 loaded=0 pending=0 failed=54
[   ScriptRuntime] [  LOG] [20:35:52.812] [_W7Probe]  W7: --- layer 26 attachId='Unassigned' type=0 visible=1 anim=0 scriptRunning=1 xmlLen=4093
[   ScriptRuntime] [  LOG] [20:35:52.812] [_W7Probe]  W7:     controls=2 mainFrame=ok
[   ScriptRuntime] [  LOG] [20:35:52.812] [_W7Probe]  W7:     imageQuads=0 loaded=0 pending=0 failed=0
[   ScriptRuntime] [  LOG] [20:35:52.812] [_W7Probe]  W7: --- layer 27 attachId='Unassigned' type=0 visible=1 anim=0 scriptRunning=1 xmlLen=9865
[   ScriptRuntime] [  LOG] [20:35:52.812] [_W7Probe]  W7:     controls=10 mainFrame=ok
[   ScriptRuntime] [  LOG] [20:35:52.812] [_W7Probe]  W7:     FAILED id='expendable-asset_quad-left' url=file://Media/Manialinks/Nadeo/CMGame/Utils/ButtonStyles/Rounded/Common_Button_Start_Rounded.dds visible=1 pos=179.066,0 size=3.5x7
[   ScriptRuntime] [  LOG] [20:35:52.812] [_W7Probe]  W7:     imageQuads=1 loaded=0 pending=0 failed=1
[   ScriptRuntime] [  LOG] [20:35:52.812] [_W7Probe]  W7: --- layer 28 attachId='Unassigned' type=0 visible=1 anim=0 scriptRunning=1 xmlLen=11802
[   ScriptRuntime] [  LOG] [20:35:52.812] [_W7Probe]  W7:     controls=7 mainFrame=ok
[   ScriptRuntime] [  LOG] [20:35:52.812] [_W7Probe]  W7:     FAILED id='expendable-asset_quad-right' url=file://Media/Manialinks/Nadeo/CMGame/Utils/ButtonStyles/Rounded/Common_Button_End_Rounded.dds visible=1 pos=92.5,77 size=7.5x15
[   ScriptRuntime] [  LOG] [20:35:52.812] [_W7Probe]  W7:     FAILED id='expendable-asset_quad-left' url=file://Media/Manialinks/Nadeo/CMGame/Utils/ButtonStyles/Rounded/Common_Button_Start_Rounded.dds visible=1 pos=-92.5,77 size=7.5x15
[   ScriptRuntime] [  LOG] [20:35:52.812] [_W7Probe]  W7:     imageQuads=2 loaded=0 pending=0 failed=2
[   ScriptRuntime] [  LOG] [20:35:52.812] [_W7Probe]  W7: done
